id,course_id,cleaned_text
\x356136306164366337626332303630613133303030316431,course-v1:GTx+ISYE6501x+1T2018,provide link join group
\x356135393235363434346131353030386463303031333434,course-v1:GTx+ISYE6501x+1T2018,id interested joining well
\x356238656336306561353232303330393437303032373436,course-v1:GTx+ISYE6501x+3T2018,seattle second favorite city jealous xd glad guy online conference room study group mind join
\x356238333032303061353232303330393365303031633833,course-v1:GTx+ISYE6501x+3T2018,ernest also atlanta kind host weekly session include well simonsays gmailcom
\x356238313930336463333035616430396632303031633931,course-v1:GTx+ISYE6501x+3T2018,yeah interested think great idea
\x356238313866396663333035616430396563303031633065,course-v1:GTx+ISYE6501x+3T2018,studying homework weekend sent text name
\x356237623831346361353232303330393637303031613033,course-v1:GTx+ISYE6501x+3T2018,plano well best luck course hope chance work together best esteban
\x356237623137646163333035616430613336303031383237,course-v1:GTx+ISYE6501x+3T2018,ploa part accenture consulting
\x356237613163626363333035616430613034303031373562,course-v1:GTx+ISYE6501x+3T2018,nice someone else twin city minneapolis meet study currently work finance cpg
\x353961316232383239646562386230396233303030373437,course-v1:GTx+ISYE6501x+3T2017,even though different error one outlined homework assignment might similar issue data need converted matrix factor first model statement
\x353961316233303663636432363730396561303030373935,course-v1:GTx+ISYE6501x+3T2017,install package option within console
\x353939623337396439646562386230393864303030336630,course-v1:GTx+ISYE6501x+3T2017,ask two omscs
\x353939623133666661343432303730613063303030336266,course-v1:GTx+ISYE6501x+3T2017,awesome great hear ill wait impatiently
\x353939613664393063636432363730396162303030333838,course-v1:GTx+ISYE6501x+3T2017,welcome pranam thats cool reach geographic otherwise degree program never cease amaze chat type medium dont forget join omsa slack watch cohort work early speed bump avoid start maybe point laugh make boneheaded mistake either good
\x353939613261626563636432363730396333303030333237,course-v1:GTx+ISYE6501x+3T2017,whoa ask country also welcome fellow seattle eastsider excited many bright classmate stone throw away
\x353939613261353863636432363730396362303030333239,course-v1:GTx+ISYE6501x+3T2017,welcome sean similar name story though nearly good part irish last name smiley however smiley name come wrong side family one quite figure name either anyway real point welcome program dont forget join omsa slack feel technical glitch run cohort
\x353939613032613063636432363730396365303030333162,course-v1:GTx+ISYE6501x+3T2017,keen hear well free textbook series analysis data sure great overlap analysis done course
\x356436353763393638313439666430393537303031333839,course-v1:GTx+ISYE6501x+2T2019b,brookhaven add communication
\x356436313566393638313439666430393562303031313962,course-v1:GTx+ISYE6501x+2T2019b,trying guy formula guy using
\x356436313539306238313439666430393432303031316632,course-v1:GTx+ISYE6501x+2T2019b,found left also assume something wrong bc phrased homework assignment
\x356436313465333638313439666430393364303031303864,course-v1:GTx+ISYE6501x+2T2019b,live cumming ga looking form study group also
\x356436303537346438343435326130373838303031313666,course-v1:GTx+ISYE6501x+2T2019b,yulin omsa program living houston count
\x356435633234376238343435326130373835303030656637,course-v1:GTx+ISYE6501x+2T2019b,also fairfax nancy
\x356435633234323538313439666430393232303030656338,course-v1:GTx+ISYE6501x+2T2019b,nick dc area well northern va nancy
\x356435633063376663303664323630393262303030656131,course-v1:GTx+ISYE6501x+2T2019b,creat whats app group share number create
\x356435623939373638343435326130376432303030646331,course-v1:GTx+ISYE6501x+2T2019b,nj planning form study group interested
\x356435623937393963303664323630393366303030633739,course-v1:GTx+ISYE6501x+2T2019b,allison name nj living working last year good luck job search
\x356435623739663963303664323630393666303030646431,course-v1:GTx+ISYE6501x+2T2019b,friend live little south portland starting program year one u might able collaborate least online since pacific time sure look since sure typical week look yet program figured id put
\x356531623437623039356230363230393464303032623761,course-v1:GTx+ISYE6501x+1T2020,hint error message error vanilladot error getting getting following error message function class fdef mtable unable find inherited method function ksvm signature missing
\x356531623137616337666562653530393331303033663837,course-v1:GTx+ISYE6501x+1T2020,code used model ksvmdata data typecsvc kernelrbfdot scaledtrue
\x356531623137356239356230363230393536303033353230,course-v1:GTx+ISYE6501x+1T2020,different errorerror function class fdef mtable unable find inherited method function ksvm signature spectbldf
\x356531616136343839356230363230393035303032666533,course-v1:GTx+ISYE6501x+1T2020,running model code error error function class fdef mtable unable find inherited method function ksvm signature spectbldf
\x356531393938346537666562653530393232303032613838,course-v1:GTx+ISYE6501x+1T2020,check formatting copypasting using curly quote type straight quote type
\x356531373761643937666562653530393439303032623134,course-v1:GTx+ISYE6501x+1T2020,likewise kenya first time using edx far great
\x356531373761346437666562653530393664303032646264,course-v1:GTx+ISYE6501x+1T2020,basic data dictionary lesson whole lesson data definition prof discussing different data type fall three major group scale ratio interval nominal ordinal statement made afterthought show another type data called timeseries data important note
\x356531373066623463373632373730393135303032663761,course-v1:GTx+ISYE6501x+1T2020,basic data disctionary shared pdf
\x356531366438336363373632373730393339303033343537,course-v1:GTx+ISYE6501x+1T2020,understood different distance metric however prof gave metric one vital distance two parallel line two line gave maximum gap sqrtsumaj minimizing sumaj maximize margin two parallel line one objective
\x356531346564633837666562653530393433303032383466,course-v1:GTx+ISYE6501x+1T2020,also bjj practitioner currently purple belt love sport ultimate chess match
\x356531346438303437666562653530393631303032393538,course-v1:GTx+ISYE6501x+1T2020,neighbor south sunny salem glad another oregonian best regard
\x356531346365393939356230363230393431303033363539,course-v1:GTx+ISYE6501x+1T2020,interviewing data science position capital one plano tx dont work
\x356531343132306263373632373730393336303033343937,course-v1:GTx+ISYE6501x+1T2020,believe upgrade access order view homework test end section
\x356531333932636237666562653530393730303033393531,course-v1:GTx+ISYE6501x+1T2020,say unmoderated discussion u paid yet
\x353937316239396231333035663130383461303033303336,course-v1:GTx+ISYE6501x+2T2017,dparrott still updating shortly
\x353937316239316332326138666230373664303033323437,course-v1:GTx+ISYE6501x+2T2017,rkdnc look back
\x353936393635393731333035663130383734303032613764,course-v1:GTx+ISYE6501x+2T2017,kpatel sorry hear hospital emergency hope well still checking edx solution
\x353936393634366132326138666230376135303032386233,course-v1:GTx+ISYE6501x+2T2017,reply embed google calendar course suggestion incorporate next time
\x353936383030313531333035663130383638303032643233,course-v1:GTx+ISYE6501x+2T2017,putting together great resource everyone
\x353936376666613132326138666230373661303032613033,course-v1:GTx+ISYE6501x+2T2017,cant comment outrightly illegal yes use zip code zip code directly correlate area thus demographic used firm definitely utility firm insurance firm
\x353936376664376232326138666230373538303032613537,course-v1:GTx+ISYE6501x+2T2017,clarifying juliomeza allowed sheet
\x353936376662333931333035663130383539303032613131,course-v1:GTx+ISYE6501x+2T2017,check back soon
\x353936376634363661383437386330373663303032386538,course-v1:GTx+ISYE6501x+2T2017,pathway beneficial product placement look famous beer diaper example online walmart found placing beer next diaper increased beer sale considerably age group likely behave certain customer path allow store place product show target product high probability selling age group precisely right location
\x353936376539333031333035663130383638303032643161,course-v1:GTx+ISYE6501x+2T2017,mean missed deadline makeup quiz well last night clarify mean posted ended day dont think possible extend quiz deadline posted comment initial post gtxisye possibility extension quiz later also posted comment dr extension comment miss
\x353936326662643031333035663130383434303032383036,course-v1:GTx+ISYE6501x+2T2017,dparrott able view transcript lesson video updated unavailable time let u transcript video
\x353936326661663661383437386330373531303032373535,course-v1:GTx+ISYE6501x+2T2017,post something soon something case
\x353936326661633161383437386330373837303032366166,course-v1:GTx+ISYE6501x+2T2017,erobertson due date quiz edt military time morning lot learner faced confusion post reasonable resolution soon possible
\x353936326637613361383437386330373462303032373336,course-v1:GTx+ISYE6501x+2T2017,jbzhang deadline submission quiz edt morning submit answer
\x353936326637306332326138666230373865303032353936,course-v1:GTx+ISYE6501x+2T2017,pointed dr soon let done case understand military time issue deadline quiz already extended sure solution
\x353936326632333931333035663130383632303032366632,course-v1:GTx+ISYE6501x+2T2017,darshue quiz mentioned actually makeup finally dont think skip final quiz good score quiz separate exam gave three quiz done far lowest one dropped lowest homework grade dropped
\x353936326563363132326138666230373862303032386437,course-v1:GTx+ISYE6501x+2T2017,dparrott checked find video view transcript confirm back
\x353936326561333831333035663130383464303032383333,course-v1:GTx+ISYE6501x+2T2017,juan definitely convey message dr definitely help learner around world case edx allows
\x353936326538356632326138666230373565303032343533,course-v1:GTx+ISYE6501x+2T2017,entirely sure exactly covered one lecture case mean given probability distribution random variable value lie interval time talking normal distribution mean mean define interval random variable usually take value value governed probability distribution
\x353936316138336431333035663130383734303032363133,course-v1:GTx+ISYE6501x+2T2017,marekc nathan nathan absolutely correct actually makeup actually midterm totally fine dropped
\x353936313430396232326138666230373930303032363763,course-v1:GTx+ISYE6501x+2T2017,tyrobin pointing informed dr
\x353936313366333731333035663130383464303032373737,course-v1:GTx+ISYE6501x+2T2017,marekc let back
\x353935356334626131333035663130383434303032313361,course-v1:GTx+ISYE6501x+2T2017,model run completion arena dialog box saying wish result pop honestly never seen error also check report dialogue box
\x353935333433666261383437386330373831303031656139,course-v1:GTx+ISYE6501x+2T2017,error getting also installed arena window machine worked fine
\x353934616633316531333035663130383334303031613763,course-v1:GTx+ISYE6501x+2T2017,taking screenshots perfectly fine take screenshots flow made explaining report section take screenshots metric think important usually category overview queue process entity wait time average queue length etc
\x353934396165333431333035663130383437303031396639,course-v1:GTx+ISYE6501x+2T2017,yes exactly thats great example
\x353934303861316531333035663130383236303031356463,course-v1:GTx+ISYE6501x+2T2017,darshue absolutely correct pointing consulted dr confirmed mistake make change soon possible adding indeed shift line downwards
\x353934303838623732326138666230373631303031353737,course-v1:GTx+ISYE6501x+2T2017,jamjar smoothed value remove seasonality component value try capture underlying pattern data must seen formula prediction using value multiply seasonality forecast calculating value divide seasonality component smoothed underlying trendtes formula forecast amazonawscom png
\x353933663839626232326138666230373661303031343430,course-v1:GTx+ISYE6501x+2T2017,collaboration ideal however honestly partnership happening anytime soon lot logistics figured
\x353933663761313931333035663130383731303031346166,course-v1:GTx+ISYE6501x+2T2017,confirm dr come back
\x353933663464656561383437386330373531303031346261,course-v1:GTx+ISYE6501x+2T2017,tarunark recognize problem right lot student pointed hopefully change vendor soon
\x353933363531313161383437386330373765303030663539,course-v1:GTx+ISYE6501x+2T2017,doug doubt come exponential smoothing infinite order autoregressive moving average term also previous estimate term account infinite autoregression factor term equation arima shown equivalent simple exponential smoothing
\x353932623536353032326138666230373634303030613039,course-v1:GTx+ISYE6501x+2T2017,use several value comparison justify value used arbitrary number overall mean year might good choice mean first two month also might good choice long justify choice reasonably well
\x353931663966303361383437386330373462303030346432,course-v1:GTx+ISYE6501x+2T2017,provide datasets document soon
\x353931663961343331333035663130383539303030346139,course-v1:GTx+ISYE6501x+2T2017,pointing make available soon
\x353931663864616132326138666230376135303030343831,course-v1:GTx+ISYE6501x+2T2017,error resolved convert data matrix start suggested use asmatrix model call converting dependent variable factor might solve also future reference might help peer answer question better provide detail youve done code look example stack overflow
\x353931663837666432326138666230373637303030343738,course-v1:GTx+ISYE6501x+2T2017,daniel write first machine learning script good data pipeline mostly similar except modification starting great recommend joining forum kdnuggets analyticsvidhya etc give great example rpython etc script concept also started training using website datacamp etc feel learn homework assignment challenging research lead solution learn
\x353931613530373231333035663130383431303030323236,course-v1:GTx+ISYE6501x+2T2017,regarding homework question
\x353931613466313231333035663130383233303030323238,course-v1:GTx+ISYE6501x+2T2017,making addition final document posted soon
\x353931613430386431333035663130383734303030323261,course-v1:GTx+ISYE6501x+2T2017,analytics professional name one ta course master student analytics program georgia tech hope course whole program already taken course fall grew india completed bachelor mechanical engineering religiously follow nba play bit basketball look forward helping course discussion around everything analytics
\x356334636664333935386164636230393763303031366265,course-v1:GTx+ISYE6501x+1T2019,stella park dallas sorry joined bit late due work situation catching last lesson weekend look forward working yall
\x356333616431336364623730613930396231303030643536,course-v1:GTx+ISYE6501x+1T2019,xn attribute data set
\x356333393832636664623730613930396363303030633934,course-v1:GTx+ISYE6501x+1T2019,guess multiply equation yj yj red green one equation make right hand side common equation always greater remember right hand side equation red point green
\x356333373832336164623730613930393939303030613338,course-v1:GTx+ISYE6501x+1T2019,figured thread system dc metro looking forward joining dc group
\x356333373830386633656239653630396436303030613739,course-v1:GTx+ISYE6501x+1T2019,dc metro anybody else dc
\x356333366366653035386164636230396164303030393165,course-v1:GTx+ISYE6501x+1T2019,stephanie name wanted say plan explore opportunity healthcare sector degree great meet since west coast let virtual study group time
\x356333366233383664623730613930396165303030616162,course-v1:GTx+ISYE6501x+1T2019,another one austin name vaughancurently att lab
\x356333336566646433656239653630396433303030376163,course-v1:GTx+ISYE6501x+1T2019,live baltimore md area reach ever meet upstudy
\x356333336162373264623730613930396432303030376632,course-v1:GTx+ISYE6501x+1T2019,reaching look boston channel great meet others living boston keep posted
\x356333333830376533656239653630396436303030373638,course-v1:GTx+ISYE6501x+1T2019,yes issue message appears currently running dashboard start proctoring already taken test action required may continue coursework application already running refresh page contact support
\x356135653737393462646138333630393933303030303338,course-v1:GTx+ISYE6501x+1T2018,va dc metro area daniel
\x356135386562653434346131353030383931303031313331,course-v1:GTx+ISYE6501x+1T2018,posted canvas site rather edx
\x356135336666323234346131353030386238303030656634,course-v1:GTx+ISYE6501x+1T2018,great also interested joining study group
\x356237663863666563333035616430396566303031626433,course-v1:GTx+ISYE6501x+3T2018,name also denver area work denver tech center moved parker feel free reach time
\x356238303033326361353232303330393530303031643030,course-v1:GTx+ISYE6501x+3T2018,yeah noted package lme spelled lme cap avoid confusion download install package indexhtml
\x356237653431316361353232303330393533303031613866,course-v1:GTx+ISYE6501x+3T2018,ernest name much interested participating weekly meeting send invite well
\x356237633264646533623061626330393931303031386438,course-v1:GTx+ISYE6501x+3T2018,sso login hw listed
\x356237633134336661353232303330393431303031623032,course-v1:GTx+ISYE6501x+3T2018,still dont home work seen video still homework appear chance contact ta
\x356237633061313133623061626330393934303031616237,course-v1:GTx+ISYE6501x+3T2018,esteban also plano
\x356237633039663963333035616430613234303031383963,course-v1:GTx+ISYE6501x+3T2018,another person plano
\x356237623766363861353232303330393764303031383735,course-v1:GTx+ISYE6501x+3T2018,ernest name work motorola senior program manager thought might oldest student age guess beat year interest pursuing degree provides soalce one see education learning life long journey defined age also live atlanta suburb gwinnett county look forward working helping may around need help
\x356237623735613363333035616430613366303031613332,course-v1:GTx+ISYE6501x+3T2018,kansa city well moved ny work kansa city royal
\x356237623635633633623061626330393865303031616131,course-v1:GTx+ISYE6501x+3T2018,hong kong nice around china add invitation wechat wechat
\x356237623634303433623061626330396439303031386463,course-v1:GTx+ISYE6501x+3T2018,hong kong nice hong kong well let keep touch
\x356237623631623563333035616430396664303031386131,course-v1:GTx+ISYE6501x+3T2018,ernest nice meet hong kong meeting seems interesting kindly add
\x356237623536343333623061626330396331303031393939,course-v1:GTx+ISYE6501x+3T2018,check right side say whats due link
\x356237623136353133623061626330396130303031383763,course-v1:GTx+ISYE6501x+3T2018,certainly joingood idea discussion group
\x356237353963616663333035616430396634303031353063,course-v1:GTx+ISYE6501x+3T2018,starting omsa semester advised take course working full time taking three rough time commitment perspective
\x356237323038396261353232303330393437303031353236,course-v1:GTx+ISYE6501x+3T2018,interested weekly online meeting
\x353961313862356263636432363730396564303030373030,course-v1:GTx+ISYE6501x+3T2017,downloaded kernlab file o unzipped bunch file file directory
\x353961306261303363636432363730396636303030373266,course-v1:GTx+ISYE6501x+3T2017,come person college
\x353961303839306263636432363730396333303030366430,course-v1:GTx+ISYE6501x+3T2017,changed quote char getting different error say ksvmmydata mydata type csvc kernel vanilladot find function ksvm
\x353961303832656539646562386230396162303030366133,course-v1:GTx+ISYE6501x+3T2017,changed quote char getting different error say ksvmmydata mydata type csvc kernel vanilladot find function ksvm
\x353961303431356263636432363730396663303030363862,course-v1:GTx+ISYE6501x+3T2017,still getting error
\x353961303430346661343432303730613036303030366135,course-v1:GTx+ISYE6501x+3T2017,still getting error
\x353939646534643863636432363730396464303030353734,course-v1:GTx+ISYE6501x+3T2017,case user jprice taking proctored exam went internet setting disabled blocking web content therefore shouldve received access exam hit give guidance fix problem exam allow access material
\x353939636364356163636432363730396162303030353237,course-v1:GTx+ISYE6501x+3T2017,went process thing forbidden left proctor tool open went back main course login page logged went back test able exam answer two question submit keeping finger crossed smoother test count experience didnt instill confidence
\x356439616131353438313439666430393638303033336262,course-v1:GTx+ISYE6501x+2T2019b,missed note also austin area working financial company interested meet discussion class topic homework let
\x356437316130386638313439666430393432303031633132,course-v1:GTx+ISYE6501x+2T2019b,following hw either
\x356437303533336238313439666430393662303031613932,course-v1:GTx+ISYE6501x+2T2019b,much send copy assignment
\x356436626630316538343435326130376333303031373864,course-v1:GTx+ISYE6501x+2T2019b,someone paste homework link asking several time
\x356436393365326238313439666430393439303031356138,course-v1:GTx+ISYE6501x+2T2019b,paste iti audit learner hq week week
\x356436373565653363303664323630393432303031326432,course-v1:GTx+ISYE6501x+2T2019b,zach name relocate ca nyc next month nice emeet
\x356436373565386138343435326130376136303031353933,course-v1:GTx+ISYE6501x+2T2019b,yun name living california nice emeet let keep connected team assignment
\x356436373564616638343435326130376330303031353032,course-v1:GTx+ISYE6501x+2T2019b,elva name china feel free connect ba
\x356436373563393663303664323630393333303031353734,course-v1:GTx+ISYE6501x+2T2019b,name graduated usc moved bay area month
\x356436373536363538343435326130373830303031346637,course-v1:GTx+ISYE6501x+2T2019b,dom name relocate sf nyc next month nice emeet
\x356436356330623338313439666430393638303031333937,course-v1:GTx+ISYE6501x+2T2019b,good old road way many
\x356436356230373638343435326130376363303031353962,course-v1:GTx+ISYE6501x+2T2019b,created google doc spreadsheet provided link piazza able piazza course id link people email skype account google spreadsheet sure drop link far people listed quite people piazza wanting join group
\x356436356230363138313439666430393530303031346437,course-v1:GTx+ISYE6501x+2T2019b,created google doc spreadsheet provided link piazza able piazza course id link people email skype account google spreadsheet sure drop link far people listed quite people piazza wanting join group
\x356436356230353238313439666430393537303031336264,course-v1:GTx+ISYE6501x+2T2019b,created google doc spreadsheet provided link piazza able piazza course id link people email skype account google spreadsheet sure drop link far people listed quite people piazza wanting join group
\x356436353565316363303664323630393337303031343562,course-v1:GTx+ISYE6501x+2T2019b,sorry taking long answer note created whatsapp group adding already bunch people far handle tfizpatrick let name address correctly regard
\x356436353563353838313439666430393364303031326438,course-v1:GTx+ISYE6501x+2T2019b,tyrel also live allen let connect created whatsapp group oms student dfw area send phone number add regard alfonso miranda
\x356436353562333238343435326130376366303031333037,course-v1:GTx+ISYE6501x+2T2019b,great give name phone number add whatsapp group
\x356436353561623738313439666430393364303031326436,course-v1:GTx+ISYE6501x+2T2019b,sorry taking long answer note created whatsapp group adding already bunch people far handle sapnatare let name address correctly regard alfonso miranda
\x356436346235306363303664323630393339303031313238,course-v1:GTx+ISYE6501x+2T2019b,also located seattle area work bellevue love join study group best participate first time coding working getting speed also enrolled csr let meetup time determined help coordinate looking forward great semester
\x356436323130306238313439666430393465303031323939,course-v1:GTx+ISYE6501x+2T2019b,skye name live city also omsa program took spring agree definitely challenging work helping google team several marketing analytics contract often mtv ldap adamriley feel free send email youre interested connecting studying together
\x356436306437393638313439666430393731303031313436,course-v1:GTx+ISYE6501x+2T2019b,welcome join havent fully yet beginning form think probably organized within next week day good
\x356435643639663638313439666430393635303030666634,course-v1:GTx+ISYE6501x+2T2019b,jersey citylets connect sometime looking forward fun learning regard sid
\x356435633434306438343435326130376131303030656462,course-v1:GTx+ISYE6501x+2T2019b,join group starting form live kent near covington area look two people near portland pacific time zone group working great maybe meet somewhere time well still sorting schedule online meeting though
\x356435623933366138313439666430393333303030656664,course-v1:GTx+ISYE6501x+2T2019b,btw work seattle virginia mason live eastside
\x356435623933326638343435326130373862303030666131,course-v1:GTx+ISYE6501x+2T2019b,worked number year hope learn grow
\x356435623463386638313439666430393631303030656365,course-v1:GTx+ISYE6501x+2T2019b,nick live baltimore probably far ever study together let itd helpful talk thing someone
\x356435623031636538313439666430393631303030653862,course-v1:GTx+ISYE6501x+2T2019b,interesting fact used ski bum jackson hole
\x356365303738643630646166633630396262303031393639,course-v1:GTx+ISYE6501x+2T2019a,boston creating study group
\x356531386561396637666562653530393436303032623137,course-v1:GTx+ISYE6501x+1T2020,may wesley crusher let forth prosper
\x356531386266313763373632373730393465303032373832,course-v1:GTx+ISYE6501x+1T2020,also brand new difficulty deciphering second question homework let alone answering connect directly professor searched searched find direct link ta anyone know let
\x356531376538386563373632373730393063303032613062,course-v1:GTx+ISYE6501x+1T2020,arlette fort lauderdale glad someone cohort area
\x356531363630626663373632373730393063303032393536,course-v1:GTx+ISYE6501x+1T2020,savitha also bay area supply chain profession good via program keep touch
\x356531363630383463373632373730393633303033383339,course-v1:GTx+ISYE6501x+1T2020,good candidate sfo area
\x356531336531666537666562653530393238303032643366,course-v1:GTx+ISYE6501x+1T2020,response make sense couple issue proctortrack app raised question piazza
\x356531333831323463373632373730393330303032393338,course-v1:GTx+ISYE6501x+1T2020,attempted take onboarding quiz issue software none content appeared submitted ticket software support team anyone successfully taken whether graded since allow another attempt
\x353936663930353132326138666230376133303032623763,course-v1:GTx+ISYE6501x+2T2017,sorry delay response replied email
\x353935353231616631333035663130383461303032316231,course-v1:GTx+ISYE6501x+2T2017,right likelihood pdf probability density function using say time pdf instead pdf likelihood come likelihood value correct still compare likelihood different model
\x353935353165323861383437386330373561303032306233,course-v1:GTx+ISYE6501x+2T2017,bostontarheel aic extractaic different constant definition long looking difference aic extractaic model using either one fine contain loglikelihood term exactly constant different aic extractaic try running code fittest lmdist data car loglikfittest aicfittest log pi last line code give result constant different aic extractaic
\x353935333230613532326138666230373666303031656233,course-v1:GTx+ISYE6501x+2T2017,jamjar right likelihood happen area underlying distribution area standard normal one area used dnorm purpose aic compare model find correctly scaled value likelihood software computes aic scale distribution function likelihood come interested finding likelihood interested comparing likelihood need worry likelihood less
\x353935333138353661383437386330373564303032303464,course-v1:GTx+ISYE6501x+2T2017,yes sure session till morning june th posted one session happened posted soon
\x353934626666633132326138666230376139303031636532,course-v1:GTx+ISYE6501x+2T2017,valeriymun generally speaking purpose developing fractional factorial design regression building design regression variable correlated variable correlated standard error regression coefficient higher may lead making significant coefficient appear insignificant variable less correlated possible orthogonal design give correlation among variable thus minimizing standard error regression coefficient much possible
\x353934616431303161383437386330373438303031616666,course-v1:GTx+ISYE6501x+2T2017,narayananrajan finding elastic net
\x353934616364393461383437386330373837303031616138,course-v1:GTx+ISYE6501x+2T2017,narayananrajan purpose stepwise regression lasso variable selection use either variable selection building regression model let intended ask something else
\x353934333037353431333035663130383265303031366436,course-v1:GTx+ISYE6501x+2T2017,meera although data scaling good idea compare impact different variable requirement stepwise regression us something known test include exclude variable model test depends regression sum square mean squared error turn depend actual predicted value scaling change regression coefficient change actual predicted value hence scaling requirement stepwise regression
\x353934333031663131333035663130383632303031373031,course-v1:GTx+ISYE6501x+2T2017,yes lambda stand penalty put absolute value squared value coefficient check minimization criterion glmnet clearly alpha lambda st expression page
\x353934326463626461383437386330373734303031366237,course-v1:GTx+ISYE6501x+2T2017,kull yes alpha indication proportion assigned lasso ridge refer alpha lecture video referred lambda
\x353934326232346561383437386330373936303031366338,course-v1:GTx+ISYE6501x+2T2017,wflorez yes course save file rmd file click publish publish code merge code pdf remainder hw pdf create complete hw pdf
\x353934313936383361383437386330373734303031356466,course-v1:GTx+ISYE6501x+2T2017,marcwech sure understood question principal component prcomp use build regression model asking find component manually
\x353933396330326261383437386330373537303031323438,course-v1:GTx+ISYE6501x+2T2017,jamjar forecast subsequent year using ft ttct assumed tt gamma find ct using method may find good forecast subsequent year depend judgement quantify accuracy forecast much accuracy acceptable think mentioned statistically sound finding temperature changed year period
\x353933396639363832326138666230373732303031323763,course-v1:GTx+ISYE6501x+2T2017,jamjar using holtwinters find temperature within period jul oct change year period since need find change period jul oct concerned rest year data data supposed find trend continuous since holtwinters put higher weightage recent observation smoothing think holtwinters account step change seasonal factor cope well type change
\x353933393965343331333035663130383638303031323635,course-v1:GTx+ISYE6501x+2T2017,jrmwong yes right lower st st mean baseline value value without effect cyclic pattern weekly cyclic patter case sunday sale may higher due cyclic pattern xt higher xt example mean sale unit extra cyclic pattern thus baseline value st
\x353933393732636231333035663130383533303031313930,course-v1:GTx+ISYE6501x+2T2017,jrmwong residual true response value minus mean estimated response normality residual implies normality response variable
\x353933303531633732326138666230373966303030633530,course-v1:GTx+ISYE6501x+2T2017,meera actually ran code type twosided pvalue suggest check code use code posted hw solution reference
\x353932363564323132326138666230373735303030376562,course-v1:GTx+ISYE6501x+2T2017,scaled data using unscaled data hard find good value
\x353932353763373632326138666230373832303030373238,course-v1:GTx+ISYE6501x+2T2017,ceu added bonus verified student replace anything rather give professional student opportunity receive continuing education credit although student course signed micromasters program others might interested one course additional cost receive certificate register receive ceus course verified student qualify receive certificate verified student completed course passing grade defined course grading criterion
\x353932343863633332326138666230373838303030366334,course-v1:GTx+ISYE6501x+2T2017,narayananrajan ideally yes check correlation among predictor building model focus question implementing ksvm find classifier data use predictor dont worry finding correlation
\x353932303962393132326138666230373666303030353136,course-v1:GTx+ISYE6501x+2T2017,note say many value almost prediction yes take trial error find right value question supposed find best value fit ksvm model value find equation help note ksvm check prediction accuracy model
\x356333393636323333656239653630396433303030623737,course-v1:GTx+ISYE6501x+1T2019,ishwor st louis well
\x356333376635386264623730613930393963303030616130,course-v1:GTx+ISYE6501x+1T2019,homework note last column binary response variable yesno
\x356333376633613564623730613930393930303030616466,course-v1:GTx+ISYE6501x+1T2019,live knoxville well
\x356333353764376164623730613930396135303030383362,course-v1:GTx+ISYE6501x+1T2019,dp name venki live john creek looking forward interacting
\x356333353763383735386164636230393632303030386237,course-v1:GTx+ISYE6501x+1T2019,emily venki live john creek second suggestion love part local study group
\x356333343163373464623730613930396261303030366466,course-v1:GTx+ISYE6501x+1T2019,whoot whoot good hear le boy bsu given boy byu rough time past year glad together nonetheless
\x356333343162356664623730613930393966303030376539,course-v1:GTx+ISYE6501x+1T2019,file posted canvas site
\x356333343162333864623730613930396234303030383633,course-v1:GTx+ISYE6501x+1T2019,good question python homework instruction use python
\x356333343035353335386164636230393863303030376166,course-v1:GTx+ISYE6501x+1T2019,burlington ncother side greensboro first semester also good luck
\x356333343034346435386164636230393765303030376230,course-v1:GTx+ISYE6501x+1T2019,small world think actually met
\x356333336565383464623730613930393939303030373766,course-v1:GTx+ISYE6501x+1T2019,bkarp internal auditor also based north carolina great audit world getting advanced
\x356333336535613664623730613930393966303030376333,course-v1:GTx+ISYE6501x+1T2019,fellow ford colleague discrete event simulation engineer ptme first semester program
\x356333336462363064623730613930396264303030366539,course-v1:GTx+ISYE6501x+1T2019,used audit analytics well good fellow auditor program
\x356333333535383633656239653630393865303030373038,course-v1:GTx+ISYE6501x+1T2019,awesome also learn basketball analytics
\x356135336632643664356362373730613939303030653963,course-v1:GTx+ISYE6501x+1T2018,cool another claudia atlanta group
\x356135663765313234356436333530396461303030306630,course-v1:GTx+ISYE6501x+1T2018,vacation macapa wow first unable connect currently allow let try email hit
\x356136303061313862646138333630393939303030313730,course-v1:GTx+ISYE6501x+1T2018,sure live atlanta yes joined atlanta slack channel find macw
\x356135663831323237626332303630396632303030313030,course-v1:GTx+ISYE6501x+1T2018,guy joined atlanta slack channel let coordinate meetup soon
\x356135663830653362646138333630393639303030313063,course-v1:GTx+ISYE6501x+1T2018,love visit shop next time strolling around decatur hope meet one future study session joined atlanta slack channel yet
\x356135663830353934356436333530396664303030313062,course-v1:GTx+ISYE6501x+1T2018,priya joined atlanta slack channel hope one study session
\x356135663830326534356436333530396533303030313236,course-v1:GTx+ISYE6501x+1T2018,mount kilimanjaro cool
\x356135663765623334356436333530396233303030313032,course-v1:GTx+ISYE6501x+1T2018,nice love study session last time saw math year ago trying catch fast
\x356135373731353664356362373730616231303031313633,course-v1:GTx+ISYE6501x+1T2018,work midtown thpeachtree live brookhaven find wondering inperson atl study cohort possible interest something
\x356135353936353737616366326430383335303031313231,course-v1:GTx+ISYE6501x+1T2018,looking summer class look offered summer well
\x356135343132323434346131353030383931303030653432,course-v1:GTx+ISYE6501x+1T2018,otp well imagine atl outside window crazy
\x356135336639303637616366326430383461303030636665,course-v1:GTx+ISYE6501x+1T2018,alex forget event right actually visa work u fun time
\x356135336634313637616366326430383364303031306330,course-v1:GTx+ISYE6501x+1T2018,absolutely organize channel
\x356135336330333834346131353030386235303030653335,course-v1:GTx+ISYE6501x+1T2018,yes believe el segundo employee class
\x356238346434373763333035616430613262303031663665,course-v1:GTx+ISYE6501x+3T2018,make sense wondering thing
\x356239303766313063333035616430613333303032366434,course-v1:GTx+ISYE6501x+3T2018,marcus cool learning someone australia
\x356239303764376161353232303330393533303032346164,course-v1:GTx+ISYE6501x+3T2018,wow singapore exciting able learn people world
\x356238356464393561353232303330393637303032303664,course-v1:GTx+ISYE6501x+3T2018,also charlotte working aig love meetup sometime youre free
\x356238346436303361353232303330393836303031653134,course-v1:GTx+ISYE6501x+3T2018,youll riding bike
\x356238323633356433623061626330396466303031646131,course-v1:GTx+ISYE6501x+3T2018,ernest also interested much andrew pilkington
\x356238316235653963333035616430613231303031646134,course-v1:GTx+ISYE6501x+3T2018,atlanta well love join group study offering invite
\x356237646636306663333035616430613133303031623031,course-v1:GTx+ISYE6501x+3T2018,heritage polish sound worldly family cool nice virtually meet
\x356237623634366263333035616430613363303031383038,course-v1:GTx+ISYE6501x+3T2018,guy name live work northern virginia originally long island ny work federal contractor brought area id definitely interested wanted make study group make first semester little easier
\x356237623435393161353232303330393664303031613232,course-v1:GTx+ISYE6501x+3T2018,justin worked chickfila mall store year high school college spelunking sound really fun hope great semester
\x356237383961383761353232303330393836303031366361,course-v1:GTx+ISYE6501x+3T2018,originally virginia well undergrad university mary washington
\x356237383532306261353232303330393863303031366630,course-v1:GTx+ISYE6501x+3T2018,ernest nice meet fellow student atl interested weekly meeting best
\x356237343137356333623061626330396433303031343630,course-v1:GTx+ISYE6501x+3T2018,live deuxmontagnes glad someone life near interested maybe study together think
\x353961353661663861343432303730613039303030393239,course-v1:GTx+ISYE6501x+3T2017,julia responding definitely caught also note asmatrix still work reasoni ended using datamatrix convert matrixdgleeson maybe help
\x353939623436313139646562386230396239303030336535,course-v1:GTx+ISYE6501x+3T2017,working greenville ge gas turbine factory right seen least one person greenville herewe meet drink sometime
\x356436376639323038343435326130376163303031373231,course-v1:GTx+ISYE6501x+2T2019b,great hear nice meet personally wechat id syue add may also contact via email syuevtgmailcom
\x356436353536613963303664323630393333303031343137,course-v1:GTx+ISYE6501x+2T2019b,sorry email address syuevtgmailcom
\x356436343430613438313439666430393264303031333531,course-v1:GTx+ISYE6501x+2T2019b,glad post great meet wechat id syue add also email syue gatechedu keep touch
\x356435656239656438313439666430393635303031306431,course-v1:GTx+ISYE6501x+2T2019b,sound great name justin live downtown portland work beaverton definitely skype person group pretty flexible long outside work hour starting program taking course ease everything
\x356435633930336663303664323630393366303030643136,course-v1:GTx+ISYE6501x+2T2019b,also living austin nigeria maybe meet sometimes study together
\x356435633036356638343435326130373838303030653937,course-v1:GTx+ISYE6501x+2T2019b,lance name excited living qingdao qingdao hometown living austin really nice meet class hope enjoy work life qingdao
\x356435616337333138343435326130376333303030643933,course-v1:GTx+ISYE6501x+2T2019b,look u atlanta program good luck
\x356435616335333838343435326130373761303030653235,course-v1:GTx+ISYE6501x+2T2019b,neha atlanta well actually ive home kid past six year used teacher starting big program good luck
\x356435616230333438343435326130376231303030646463,course-v1:GTx+ISYE6501x+2T2019b,atlanta background chemistry well many class taking tempted take tech friend talked cheer
\x356531396662626437666562653530393532303033333235,course-v1:GTx+ISYE6501x+1T2020,priyal also jersey work ny glad people deal long commute m program gt maybe study session future bounce idea one another
\x356531393031363663373632373730393336303033376365,course-v1:GTx+ISYE6501x+1T2020,kansa city native hop skip jump away columbia
\x356531363138373939356230363230393131303033346138,course-v1:GTx+ISYE6501x+1T2020,nice emeet based houston
\x356531356633343637666562653530393238303032653565,course-v1:GTx+ISYE6501x+1T2020,sean name meet love basketball actually sf end january used strategy consulting jazz itd cool connect
\x356531346531313339356230363230393533303032613233,course-v1:GTx+ISYE6501x+1T2020,update set piazza
\x356531346262633037666562653530393430303032386439,course-v1:GTx+ISYE6501x+1T2020,glad thread also attempted take last night closed verification wanted reestablish set reliable computer appropriate room future use created ticket proctortrack show already attempted onboarding quiz need contact instructor allow another attempt longer prompt install software new computer anyone contact instructortas directly purpose
\x356531333531313937666562653530393361303032383165,course-v1:GTx+ISYE6501x+1T2020,assuming name username lol jerbie manila philippine made interested leaning data science nontechnical background learned code python month back data science hot topic company year work sp global market intelligence started look closely mid last year junior management real pressure learning technical stuff hoping learn lot guy connection everywhere
\x356531333466616563373632373730393462303032333131,course-v1:GTx+ISYE6501x+1T2020,wow already micromasters thats awesome manila philippine also looking uc sandiego data science micro master also nontechnical background learned python month back think neophyte fare appreciate feedback
\x356531333465636463373632373730393234303032353135,course-v1:GTx+ISYE6501x+1T2020,nice meet manila philippine background mostly operation management currently working business intelligence company sp global
\x353938316466373138316530376230396363303030326234,course-v1:GTx+ISYE6501x+2T2017,looked progress page someone mentioned look edx shift homework grade skippea homework look skipped hw every homework grade shifted left notice putting mouse vertical bar end look hw dropped hw
\x353938313134316633363632623730396230303030323532,course-v1:GTx+ISYE6501x+2T2017,guess available first time administrator used edx dont knowledge experience juliomeza said true think available
\x353938306134646638316530376230396165303030323162,course-v1:GTx+ISYE6501x+2T2017,mean graded able score
\x353938306134623138316530376230396564303030323230,course-v1:GTx+ISYE6501x+2T2017,first answer choice referring close imputed value actual value second answer choice referring similar variance imputed value variance actual value refer said perturb regressed imputed value value less accurate average accurate variability
\x353937663733326538316530376230396366303030313538,course-v1:GTx+ISYE6501x+2T2017,able edx course past guess able course knowledge dont special setting implemented make different course taken wrong though
\x353937656435646433363632623730393966303030313239,course-v1:GTx+ISYE6501x+2T2017,according offline email course graded strict scale obviously need pas course believe actual grade consideration applying program applying higher standing already program
\x353937656431646561333538633630613264303030313234,course-v1:GTx+ISYE6501x+2T2017,somebody issue past quiz since one mentioned final browser issue something nature think really think two question difference passing failing course email u besides hard say else done since exam past seems singular issue
\x353937656430373533363632623730393762303030313432,course-v1:GTx+ISYE6501x+2T2017,sure help say best thing sure answer getting scored screenshot answer send email edit never mind saw already emailed u
\x353937656364376361333538633630613363303030313366,course-v1:GTx+ISYE6501x+2T2017,mentioned different post able back change grading question however similarly issue grading hw possible considered manually calculating final grade
\x353937653061396261333538633630613039303030306631,course-v1:GTx+ISYE6501x+2T2017,appreciate feedback consider writing thought official course review
\x353937653061353638316530376230396135303030306539,course-v1:GTx+ISYE6501x+2T2017,really appreciate feedback consider writing thought official course review people taken course read thought
\x353937636230356638316530376230396363303030303465,course-v1:GTx+ISYE6501x+2T2017,think explanation fine likely typo yes since constant matter appears expression
\x353937613535646539626534316430396538303030303332,course-v1:GTx+ISYE6501x+2T2017,forwarded question prof since dont think answer think may answered something similar seems little specific
\x353937613463386239626534316430396362303030303231,course-v1:GTx+ISYE6501x+2T2017,think exactly right intuition experience seem likely overfit model classify new point well rule possibility especially case actually highly nonlinear relationship predictor response variable
\x353937393565353932326138666230376139303033353361,course-v1:GTx+ISYE6501x+2T2017,mentioned post nothing wrong fix grading edx system believe offlinemanual consideration partial credit though
\x353937393563663961383437386330373762303033316430,course-v1:GTx+ISYE6501x+2T2017,error second answer choice correct choosing model validation step one smaller error
\x353937386565396661383437386330373831303033313634,course-v1:GTx+ISYE6501x+2T2017,prioritize finishing final quiz first since hold highest amount weight hopefully people make project long arent tedious read besides thing say need set little time usual dedicating peer grading week
\x353937376164356561383437386330373561303033323136,course-v1:GTx+ISYE6501x+2T2017,select model use result test data model estimate model accuracy validation step model accuracy test data set yet
\x353937376133663761383437386330373738303033316461,course-v1:GTx+ISYE6501x+2T2017,check email tried answer question best ability hope helpful good luck final
\x353937373664613961383437386330373435303033316534,course-v1:GTx+ISYE6501x+2T2017,think least brief discussion nice
\x353937373664356431333035663130383230303033326334,course-v1:GTx+ISYE6501x+2T2017,endorsement equivalent facebook
\x353937373663616161383437386330373534303033313933,course-v1:GTx+ISYE6501x+2T2017,went back entered ddc answer shown correct entered dc answer shown incorrect although glitch correct answer shown appears question scored answer correctly sure answered question ddc memory nobody else claimed something wrong grading question
\x353937373636353761383437386330373435303033316438,course-v1:GTx+ISYE6501x+2T2017,said correct although assigning point question probably accident grade based percentage point make feel better went tried exam getting question correct progress page show final
\x353937346162613231333035663130383365303033313333,course-v1:GTx+ISYE6501x+2T2017,serjesh first agree withappreciate comment already made answer question specifically say project selfdriven hws good preparation something however think asked general question apply people project
\x353936383537346661383437386330373864303032623237,course-v1:GTx+ISYE6501x+2T2017,allowed blank paper addition long show proctoring software beforehand
\x353936383536653232326138666230373865303032383739,course-v1:GTx+ISYE6501x+2T2017,haha bad one look definitely two sheet
\x353936383538663432326138666230373562303032626563,course-v1:GTx+ISYE6501x+2T2017,really judgment call make grading suppose multiple people peerreviewing homework
\x353936366463393932326138666230373732303032613564,course-v1:GTx+ISYE6501x+2T2017,yes one usual
\x353936363733616232326138666230373631303032396232,course-v1:GTx+ISYE6501x+2T2017,case probably give learner put thought effort work
\x353936313265643632326138666230373964303032376232,course-v1:GTx+ISYE6501x+2T2017,think actually check submission deadline past unfortunately think system warn submit everything happen question
\x353936313264306461383437386330373963303032363538,course-v1:GTx+ISYE6501x+2T2017,say right qq plot actually light tailed distribution however knowledge check picture labeled ax hard say sure addition ax mixed video think correct answer according check wrong using mixed ax video end say yes qq plot actually light tailed distribution
\x353936313238623431333035663130383530303032366536,course-v1:GTx+ISYE6501x+2T2017,checked submission show nothing uploaded screenshot clearly show turned something send submission isye summer gmailcom manually grade
\x353936313236663131333035663130383539303032363264,course-v1:GTx+ISYE6501x+2T2017,trying video back meantime use link watch video httpsd egay dthmp
\x353936313236653531333035663130383638303032386534,course-v1:GTx+ISYE6501x+2T2017,trying video back meantime use link watch video httpsd egay dthmp
\x353936303232386432326138666230373535303032366266,course-v1:GTx+ISYE6501x+2T2017,think thing first picture show minimization convex function also look closely integer programthat possible solution case actually optimal point picture show newton method work type optimization problem case produce feasible solution integer program certain type nonconvex optimization problem give solution feasible set problem
\x353935656631663831333035663130383530303032356562,course-v1:GTx+ISYE6501x+2T2017,think video get flagged checked human surely pas
\x353935656231396331333035663130383530303032356334,course-v1:GTx+ISYE6501x+2T2017,solution version make constraint via loop asking hopefully satisfy request efficient making constraint make extra part homework dietlarge much easier
\x353935653935386632326138666230373930303032353239,course-v1:GTx+ISYE6501x+2T2017,haha wonder wrote lesson game mind
\x353935653530396261383437386330373633303032346633,course-v1:GTx+ISYE6501x+2T2017,response via email sure thats fine heshe probably hold side camera starting proctor blank
\x353935643635643931333035663130383536303032353961,course-v1:GTx+ISYE6501x+2T2017,try taking lpcontinuous adding cat front lpcontinuous think code work problem since put lower bound argument expecting argument upper bound unless explicitly state
\x353935643633306661383437386330373639303032336239,course-v1:GTx+ISYE6501x+2T2017,one sheet exam compound
\x353935643030316661383437386330373633303032343337,course-v1:GTx+ISYE6501x+2T2017,tried running simple python program require importing package work suspect need add python folder system path environment variable look something following amazonawscom png
\x353935633532366432326138666230373532303032333861,course-v1:GTx+ISYE6501x+2T2017,rodneyparker mean displayed math processing error formulasnumbers appear properly look
\x353935633465653332326138666230373765303032343063,course-v1:GTx+ISYE6501x+2T2017,using exact code given office hour code sufficient
\x353935633465363332326138666230373865303032323864,course-v1:GTx+ISYE6501x+2T2017,youre using pc window type pip freeze command prompt package along version manually looking cpython libsitepackages seeing package folder install panda command prompt entering pip install panda assuming already pip installed
\x353935633463613461383437386330373435303032343635,course-v1:GTx+ISYE6501x+2T2017,also video yesterday listed python section since technically recitation instead office hour
\x353935626666383661383437386330373531303032336535,course-v1:GTx+ISYE6501x+2T2017,yea really sure work seems easy around nice job
\x353935626665633561383437386330373639303032326665,course-v1:GTx+ISYE6501x+2T2017,work fine using method lpvariabledicts twice sure issue besides put
\x353935626665336331333035663130383731303032336130,course-v1:GTx+ISYE6501x+2T2017,put number lower upper bound either work think
\x353935626665313231333035663130383734303032333361,course-v1:GTx+ISYE6501x+2T2017,need put cat front lpbinary else run properly stated original response
\x353935626633626631333035663130383437303032333463,course-v1:GTx+ISYE6501x+2T2017,solution posted actually include extra constraint mentioned part required part homework explicitly state whether include extra constraint also solution replace every blank cell think taking food listed cholesterol reasonable
\x353935626531336332326138666230373835303032346331,course-v1:GTx+ISYE6501x+2T2017,flagged video reviewed human joel get final say think fine take current state
\x353935626432383732326138666230376139303032353935,course-v1:GTx+ISYE6501x+2T2017,one point view numeric variable believe foodvars numeric apply lpvariabledicts method vector food text numeric variable
\x353935626430663361383437386330373666303032343766,course-v1:GTx+ISYE6501x+2T2017,everything video explained correctly except ax title switched essentially conclusion conversation
\x353935626430353332326138666230373661303032333839,course-v1:GTx+ISYE6501x+2T2017,submission problem email submission isye summer gmailcom
\x353935626430303731333035663130383431303032333838,course-v1:GTx+ISYE6501x+2T2017,since deadline approaching sure give definitive answersolution say taking current state better nothing
\x353935626365343632326138666230373637303032333366,course-v1:GTx+ISYE6501x+2T2017,running import panda pd top script use panda package assuming already installed
\x353935616361373661383437386330373534303032333362,course-v1:GTx+ISYE6501x+2T2017,first installed latest version window download includes download latest version python previously python downloaded installation process made sure add path environment variable anaconda prompt amazonawscom png finally command prompt window entered pip install pulp worked
\x353935393762616332326138666230373739303032333461,course-v1:GTx+ISYE6501x+2T2017,reason cant average performance class homework look fairly well average first midterm quiz approximately say probably practice programming though successful future imagine every course program require least little programming
\x353935393736656331333035663130383338303032313937,course-v1:GTx+ISYE6501x+2T2017,yes use book reference make lot sense
\x353935393136643232326138666230373732303032326163,course-v1:GTx+ISYE6501x+2T2017,sure answer first part post really think use another software complete homework although think either matlab straightforward either
\x353935393037313061383437386330373963303032316665,course-v1:GTx+ISYE6501x+2T2017,giving lot tip recitation lead use notation recitation used making solution guiding people problem expect people use guide though actually copy everything
\x353935393035626361383437386330373666303032326632,course-v1:GTx+ISYE6501x+2T2017,yes able final
\x353935383234303261383437386330373564303032333366,course-v1:GTx+ISYE6501x+2T2017,sure pulp used surprised work however model first condition constraint conditional sure work software need think may consider something ingredientvarsi mselectvarsi something nature may require multiple constraint
\x353935383164646631333035663130383236303032326630,course-v1:GTx+ISYE6501x+2T2017,previous post answer prof sokol regarding content quiz midterm quiz material week though itll assume little knowledge week also background example refer regression ill expect talking sample question time style first exam use first set sample question make sure theyre ready technologically
\x353935383034363531333035663130383734303032313733,course-v1:GTx+ISYE6501x+2T2017,amanda answered part trying fix partial credit ill ahead answer original concern question case someone still wondering believe answer choice effect regardless value included word relative word effect whoever originally asked right asks general effect instead relative effect correct answer choice
\x353935376662646432326138666230373666303032313666,course-v1:GTx+ISYE6501x+2T2017,ill add neural network usually used model kind relationship known input desired output relationship thing complicated hand network optimization model one type optimization model used solve problem dealing networklike structure
\x353935376639636661383437386330373666303032323961,course-v1:GTx+ISYE6501x+2T2017,yes correct addition soft classification must consider tradeoff incorrectly classifying point larger margin classifier closest point classifier consideration unique soft classification since point correctly classified hard classification
\x353935363762343632326138666230373538303032313264,course-v1:GTx+ISYE6501x+2T2017,yes believe correct link use someone else pointed earlier
\x353935363865366332326138666230373732303032313933,course-v1:GTx+ISYE6501x+2T2017,added discussion board think fine discussion even individual project
\x353935363661373461383437386330373765303032303638,course-v1:GTx+ISYE6501x+2T2017,pulp linear programming package guessing multiplying variable probably give error variable need included objective function properly setup optimization model fine variable appear constraint linear program
\x353935356434343831333035663130383362303031666662,course-v1:GTx+ISYE6501x+2T2017,copying text link pasting link searchurl bar browser work work fine
\x353935353737356231333035663130383539303032303830,course-v1:GTx+ISYE6501x+2T2017,yes rule last time
\x353935353065383131333035663130383464303032313233,course-v1:GTx+ISYE6501x+2T2017,previous post answer prof sokol regarding content quiz midterm quiz material week though itll assume little knowledge week also background example refer regression ill expect talking sample question time style first exam use first set sample question make sure theyre ready technologically
\x353935343536383731333035663130383461303032313237,course-v1:GTx+ISYE6501x+2T2017,similar put request fix long time ago since none staff manually override ive looked setting even grading structure first two week good news question believed told edx engineer eventually fix u change immediate
\x353935343535663631333035663130383638303032316463,course-v1:GTx+ISYE6501x+2T2017,mccloud fairness think answer question audit learner verified learner start getting question workload may become unbearable hope audit learner help enforce mjpetrey put request fix top homework link long time ago still havent gotten update really hand manner behind scene
\x353935343534373061383437386330373462303031666632,course-v1:GTx+ISYE6501x+2T2017,according syllabus second quiz open utc june close utc july expect available tomorrow
\x353935336630396131333035663130383331303032303037,course-v1:GTx+ISYE6501x+2T2017,first time watched video thought ax label incorrect went back rewatched still think might especially looking jamjar first picture
\x353935336563663732326138666230373565303031643634,course-v1:GTx+ISYE6501x+2T2017,think slide us better notation audio give sure really change anything since prof sokol back rerecord audio pointing
\x353935336531656432326138666230373862303032313038,course-v1:GTx+ISYE6501x+2T2017,depends originally named column column name changed took missing data sometimes work way expect
\x353935336363653031333035663130383632303031663761,course-v1:GTx+ISYE6501x+2T2017,oh think may look lm function think trying use bare nucleus predictor using column name formula lm function whole column
\x353935336337623432326138666230373862303032306538,course-v1:GTx+ISYE6501x+2T2017,breastregress include row missing data also look trying predict missing bare nucleus value sure output coefficient scale input unnecessary
\x353935336331366161383437386330373732303031663662,course-v1:GTx+ISYE6501x+2T2017,input lm function call intercept coefficient thing need create equation lm
\x353935326237316631333035663130383431303031656135,course-v1:GTx+ISYE6501x+2T2017,problem practice think best thing
\x353935326236613061383437386330373762303031653430,course-v1:GTx+ISYE6501x+2T2017,mean verifying model used create imputed value via regression good use crossvalidation referring testing good knn svm classification model built imputed data set use either testtrain split crossvalidation solution use testtrain split verify good classification model
\x353935316566303632326138666230373964303031663636,course-v1:GTx+ISYE6501x+2T2017,response via email think difference function quadratic form ax bx need ax term bx term model right quadratic fit good explanation answer add term instead exchanging
\x353934633738343161383437386330373531303031633038,course-v1:GTx+ISYE6501x+2T2017,nathan asked someone else answer part question explains one option select done purpose
\x353934643631373061383437386330373633303031633632,course-v1:GTx+ISYE6501x+2T2017,thats great forward
\x353934633737663561383437386330373639303031626233,course-v1:GTx+ISYE6501x+2T2017,downloaded bit version morning pc window seems run fine confirmation work window sure anything say issue might hopefully someone else issue figured may help
\x353934626465363261383437386330373630303031626235,course-v1:GTx+ISYE6501x+2T2017,believe correct ill let joel distribution shown video relates pmf px support probably aware geometric distribution defined two different support second support pmf px case video picture match support
\x353934626462326431333035663130383635303031633333,course-v1:GTx+ISYE6501x+2T2017,think also trying post mini tutorial friday
\x353934626461643031333035663130383635303031633331,course-v1:GTx+ISYE6501x+2T2017,really sure since dont access individual progress page maybe related people able still answer quiz still true
\x353934623331396632326138666230373532303031616261,course-v1:GTx+ISYE6501x+2T2017,yes think believe trying post one tomorrow night friday latest
\x353934616165303332326138666230373735303031633062,course-v1:GTx+ISYE6501x+2T2017,none instructor manually override grading system informed edx engineer eventually fix u worry
\x353934613832336161383437386330373762303031613661,course-v1:GTx+ISYE6501x+2T2017,julio answer part question explains one option select done purpose
\x353934393863396332326138666230373763303031613735,course-v1:GTx+ISYE6501x+2T2017,question posted last week actually looked back exam sent ta beforehand correct answer exam replace term term ill actually error
\x353934393465663861383437386330373438303031396435,course-v1:GTx+ISYE6501x+2T2017,yes drop lowest homework grade
\x353934393262323561383437386330373963303031396139,course-v1:GTx+ISYE6501x+2T2017,went ahead overrode grade two peer assessment gave poor assessment simply answer excel think little unfair changed
\x353934393231656331333035663130383734303031393862,course-v1:GTx+ISYE6501x+2T2017,look correct couldnt predict function run using input another user suggested using modellassocvcvm mse lambdamin believe also correct
\x353934393165646161383437386330373531303031396661,course-v1:GTx+ISYE6501x+2T2017,yes saying appears correct mse cvglmnetcvm said nmsesst number observation however recommend using adjusted case may comparing model different number factor adjr nk number factor model used
\x353934393164623532326138666230373865303031386438,course-v1:GTx+ISYE6501x+2T2017,yes describes number feature ratio include number feature calculation devratio fraction null deviance explained elnet rsquare deviance calculation incorporate weight present model deviance defined loglikesat loglike loglikesat loglikelihood saturated model model free parameter per observation hence devratio devnulldev
\x353934393136393861383437386330373465303031616131,course-v1:GTx+ISYE6501x+2T2017,really sure yet
\x353934383862363261383437386330373831303031393166,course-v1:GTx+ISYE6501x+2T2017,think ahead grade manually
\x353934383862346431333035663130383362303031393065,course-v1:GTx+ISYE6501x+2T2017,hopefully clear recitation tonight mse good metric compare output method part process variable selection model still apply manual way variable selection using method looking pvalues regression coefficient
\x353934383861333132326138666230373538303031396236,course-v1:GTx+ISYE6501x+2T2017,definitely post solution sure viewability reviewed exam answer near end recitation completed hopefully posted tomorrow morning
\x353934383839386561383437386330373561303031613036,course-v1:GTx+ISYE6501x+2T2017,extract deviation explained using call equivalent case xxxlambdamin xxx object set cvglmnet output within whatever loop create different value alpha recommended use alpha give highest percentage
\x353934383837633131333035663130383464303031396565,course-v1:GTx+ISYE6501x+2T2017,sure viewability reviewed exam answer near end recitation completed hopefully posted tomorrow morning
\x353934383837613661383437386330373438303031393666,course-v1:GTx+ISYE6501x+2T2017,sure viewability reviewed exam answer near end recitation completed hopefully posted tomorrow morning
\x353934383639653361383437386330373734303031393731,course-v1:GTx+ISYE6501x+2T2017,told unable tonight tomorrow morning
\x353934316634646331333035663130383635303031363339,course-v1:GTx+ISYE6501x+2T2017,definitely many people missed deadline inconsistency syllabus decided done yet
\x353934343238623932326138666230373631303031376332,course-v1:GTx+ISYE6501x+2T2017,bring idea joel cant guarantee anything situation seems unfair
\x353934343238336531333035663130383331303031376363,course-v1:GTx+ISYE6501x+2T2017,well put think great approach class comment
\x353934333139313731333035663130383239303031363864,course-v1:GTx+ISYE6501x+2T2017,think true long discussion another thread keep mind peergrading although think unscaled version acceptable answer
\x353934333138623332326138666230373966303031363639,course-v1:GTx+ISYE6501x+2T2017,something wrong changed back point
\x353934326436663732326138666230373739303031373233,course-v1:GTx+ISYE6501x+2T2017,grade rereleased extension deadline
\x353933646637353361383437386330373861303031333830,course-v1:GTx+ISYE6501x+2T2017,believe error check change need made
\x353934316635613632326138666230373732303031366361,course-v1:GTx+ISYE6501x+2T2017,impression verified learner grade verified learner sure respond mean still unsure investigating
\x353934316634656561383437386330373438303031363463,course-v1:GTx+ISYE6501x+2T2017,definitely many people missed deadline inconsistency syllabus decided done yet
\x353934316439376432326138666230373832303031363563,course-v1:GTx+ISYE6501x+2T2017,case people signed audit course back never looked material really sure though
\x353934316264336661383437386330373462303031363161,course-v1:GTx+ISYE6501x+2T2017,believe around verified auditing
\x353934306234663531333035663130383236303031363031,course-v1:GTx+ISYE6501x+2T2017,cant really say per assignment remember peergraded pretty subjective instead strictly graded think considered
\x353934303865663431333035663130383464303031356561,course-v1:GTx+ISYE6501x+2T2017,yes whole point creating binary variable able distinguish significant factor
\x353933663437336531333035663130383737303031343735,course-v1:GTx+ISYE6501x+2T2017,correct thinking auc includes area bottom triangle along shaded area diagonal
\x353933663436373831333035663130383563303031336362,course-v1:GTx+ISYE6501x+2T2017,really apologize accidentally forgot record however recitation hopefully post tonight covered pretty much everything talked sunday office hour even little detail
\x353933663133356461383437386330373963303031343563,course-v1:GTx+ISYE6501x+2T2017,make sure future
\x353933646637366532326138666230373832303031336361,course-v1:GTx+ISYE6501x+2T2017,believe error check change need made
\x353933646636626361383437386330373435303031336661,course-v1:GTx+ISYE6501x+2T2017,isnt really answer ran exact problem couldnt figure wrong either thought due fact point artificially made bad show run problem using possible predictor linear model doubtful issue hopefully someone else another ta point error think scaling good part dont actually need anything data point proceed rest homework
\x353933646434373761383437386330373534303031336336,course-v1:GTx+ISYE6501x+2T2017,believe included getting result back
\x353933633062396361383437386330373537303031333533,course-v1:GTx+ISYE6501x+2T2017,yes include week material
\x353933633062363961383437386330373734303031326363,course-v1:GTx+ISYE6501x+2T2017,yes include week material
\x353933613732643332326138666230373966303031316639,course-v1:GTx+ISYE6501x+2T2017,yes technically usually distinguish two
\x353933396263626332326138666230373832303031316338,course-v1:GTx+ISYE6501x+2T2017,excellent question actually overlooked attempting question suggest read online seems arguable whether pca applied binary variable categorical ill look come good answer think fine treat continuous variable
\x353933613036636131333035663130383331303031316662,course-v1:GTx+ISYE6501x+2T2017,ill put told email sure yet accepted best approach using pca binary data data set might remove run pca add back moreadvanced method pca binary data cover course
\x353933393963336332326138666230373732303031323365,course-v1:GTx+ISYE6501x+2T2017,eigenvalue eigenvectors really require whole course dedicated understand learn probably look linear algebra textbookcourse material good start following pdf may useful pdf
\x353933393763656561383437386330373639303031313863,course-v1:GTx+ISYE6501x+2T2017,checked system say make submission email issue isye summer gmailcom address submission issue forward
\x353933393564613061383437386330373734303031313733,course-v1:GTx+ISYE6501x+2T2017,thought try running pca regression using principal component value maybe low value using principal component error indication dont really much value added using pca case
\x353933393562623861383437386330373762303031313561,course-v1:GTx+ISYE6501x+2T2017,take note pinned post email address contact u certain situation email isye summer gmailcom
\x353933393562356161383437386330373762303031313539,course-v1:GTx+ISYE6501x+2T2017,probably already posted
\x353933393561646132326138666230373634303031326439,course-v1:GTx+ISYE6501x+2T2017,also book introduction statistical learning application excellent source class basic machine learning
\x353933393465366361383437386330373435303031316338,course-v1:GTx+ISYE6501x+2T2017,yes context class quiz midterm
\x353933393464396361383437386330373534303031316563,course-v1:GTx+ISYE6501x+2T2017,believe mark shown since shown rough draft version quiz saw also question typing answer multiple choicetype numberdrag drop
\x353933343636663631333035663130383737303030656139,course-v1:GTx+ISYE6501x+2T2017,problem try fixed soon possible worked fine last week looked video sure happened
\x353933343636363431333035663130383265303030653762,course-v1:GTx+ISYE6501x+2T2017,believe referring mostly video specifically
\x353933343635393331333035663130383233303030653361,course-v1:GTx+ISYE6501x+2T2017,say advantage verified learner experience far type question asked forum actually take time answer many forum
\x353933343434613732326138666230373535303030656330,course-v1:GTx+ISYE6501x+2T2017,different forum verified audit learner staff prioritizes answering verified learner question change view post since part staff unsure ability guessing option create new post post viewed learner type ie verified learner
\x353933316565366331333035663130383734303030643661,course-v1:GTx+ISYE6501x+2T2017,problem think able post early next week
\x353933306633353261383437386330373734303030636331,course-v1:GTx+ISYE6501x+2T2017,actually turn providing solution soon demand let known first statement made stated anywhere syllabus focus course modeling necessarily tool implementation course gain lot experience using homework also main analytical tool course using tool arena pulp well later
\x353933303234643661383437386330373831303030633335,course-v1:GTx+ISYE6501x+2T2017,fixed soon check back later
\x353933303234636132326138666230373565303030626135,course-v1:GTx+ISYE6501x+2T2017,fixed soon check back later
\x353933303438383031333035663130383230303030633562,course-v1:GTx+ISYE6501x+2T2017,analysis easily replicated
\x353933303262366632326138666230373535303030633837,course-v1:GTx+ISYE6501x+2T2017,posted week section
\x353932663536613031333035663130383539303030623965,course-v1:GTx+ISYE6501x+2T2017,exact usually looking standard deviation data useful especially setting example may suspect actually change mean data value standard deviation away mean recommendation try justify picked value andrew
\x353932663163313632326138666230373964303030633163,course-v1:GTx+ISYE6501x+2T2017,first correct running onesided test looking one specific outlier side distribution lie thus pvalue test reject null hypothesis point outlier far twosided test give drastically different result sure moment another ta try back
\x353932663133646361383437386330373933303030626237,course-v1:GTx+ISYE6501x+2T2017,select multiple file upload use ctrlclick
\x353932653139393231333035663130383437303030616265,course-v1:GTx+ISYE6501x+2T2017,thing found quick google search tietjenmoore test generalization grubbs test specify number outlier looking eda htm believe referring
\x353932653135333631333035663130383734303030616539,course-v1:GTx+ISYE6501x+2T2017,recorded later posted recitation office hour section course outline
\x353932653134633932326138666230373930303030616533,course-v1:GTx+ISYE6501x+2T2017,believe either long justify chose exact science
\x353932646263396461383437386330373939303030616337,course-v1:GTx+ISYE6501x+2T2017,dont think late second homework due tomorrow however drop lowest homework grade homework worth final grade start working hard soon possible think catch andrew
\x353932646262363461383437386330373936303030613766,course-v1:GTx+ISYE6501x+2T2017,excellent explanation add general already good intuition outlier fall compared mean iea low outlier mean run onesided ttest twosided ttest meant situation unsure side outlier fall compared mean function look minimum maximum point first clear side mean lie onesided ttest necessary
\x353932646236373132326138666230373765303030613739,course-v1:GTx+ISYE6501x+2T2017,shapirowilk test check normality data since many different reason test may conclude data normal fact least approximately normal qq plot excellent graphical tool check approximate normality histogram qq plot may show data skewed may outlier skewing data hand point may skewing data representation true underlying distribution data try figure andrew
\x353932646234646331333035663130383632303030613634,course-v1:GTx+ISYE6501x+2T2017,addition comment make sure working directory correct check running getwd set running setwd
\x353932633631393231333035663130383334303030393963,course-v1:GTx+ISYE6501x+2T2017,everyone streaming recording link recitation recorded saturday mostly hw solution download recording link recitation da ef ced hopefully one work
\x353932613036303032326138666230373664303030396539,course-v1:GTx+ISYE6501x+2T2017,still working upload patient
\x353932613035643932326138666230373735303030393633,course-v1:GTx+ISYE6501x+2T2017,resource httpr data science httpadvrhadconz advanced cheat sheet anything think
\x353932396430336632326138666230373937303030393036,course-v1:GTx+ISYE6501x+2T2017,main error people make installing package putting quotation around package name best guess though andrew
\x353932396366646432326138666230373565303030383732,course-v1:GTx+ISYE6501x+2T2017,general term say general synonymous context point exact difference say data science wider field also focus data cleansing preparation data analysis field analytics focus using fancy machine learning algorithm also practical implication data part generally refer kind thing fair warning opinion andrew
\x353932396364333061383437386330373933303030393235,course-v1:GTx+ISYE6501x+2T2017,jakebx running type type testing two different point side data testing lowest two crime city outlier type one outlier side data city lowest highest crime
\x353932396238353661383437386330373930303030386665,course-v1:GTx+ISYE6501x+2T2017,yes peer assessment homework submitted time
\x353932386261623031333035663130383638303030386536,course-v1:GTx+ISYE6501x+2T2017,posted week section page right homework assignment posted
\x353932373865353361383437386330373663303030383331,course-v1:GTx+ISYE6501x+2T2017,personally ill contact someone let
\x353932373735616531333035663130383365303030383639,course-v1:GTx+ISYE6501x+2T2017,dougtrent submission hw pretty big issue think couple different post already correct submit homework look verified learner say personally uploaded three file tried upload hoping one post may help let end getting figured
\x353932373632616132326138666230373964303030383838,course-v1:GTx+ISYE6501x+2T2017,ill sending invitation hour session start hour hopefully first time using webex software
\x353932373139613932326138666230373739303030376538,course-v1:GTx+ISYE6501x+2T2017,definitely consider future feedback andrew
\x353932366663313332326138666230373835303030383536,course-v1:GTx+ISYE6501x+2T2017,posting providing fix others problem ill try whats let find anything
\x353932366562633032326138666230376135303030373636,course-v1:GTx+ISYE6501x+2T2017,jamjar encourage look solution homework believe answer question look let u question
\x353932366465393431333035663130383734303030376563,course-v1:GTx+ISYE6501x+2T2017,lamarlyons saw post hw submission help amanda tried help answered question able submit hw end
\x353932366465306132326138666230373732303030383130,course-v1:GTx+ISYE6501x+2T2017,lamarlyons sorry hear able submit work may ask logistical error edx submission process resetting submission student addressed problem early enough deadline hear feedback try fix problem also trying edx accept file notably file lowest homework dropped worried affecting grade hope remain course continue instruction getting refund found link
\x353932366437303161383437386330373564303030383137,course-v1:GTx+ISYE6501x+2T2017,post screenshot better understand problem
\x353932366436303832326138666230373661303030376530,course-v1:GTx+ISYE6501x+2T2017,homework worth grade since lowest grade dropped worry missing submission used extra life speak
\x353932356430336131333035663130383338303030373435,course-v1:GTx+ISYE6501x+2T2017,narayananrajan looking providing list book useful also check whether offering mock question test let soon
\x353932356366383031333035663130383230303030373639,course-v1:GTx+ISYE6501x+2T2017,meera homework hoping use kknn kernlab encourage learn package well making peer grading process seamless possible dont peer grader look several package unfamiliar trying grade hw however really struggling kknn kernlab alternative solution better nothing hope help
\x353932356364343461383437386330373734303030373266,course-v1:GTx+ISYE6501x+2T2017,klcrasta check back soon
\x353932356363623232326138666230373930303030373862,course-v1:GTx+ISYE6501x+2T2017,mentioned earlier post concerning homework people shown made reasonable attempt thats least scale compared needed pas course even answer wrong remember hw worth total grade ask quiz back soon hear back
\x353932356265363332326138666230373765303030373662,course-v1:GTx+ISYE6501x+2T2017,nathan check back soon
\x353932356164383361383437386330373636303030373730,course-v1:GTx+ISYE6501x+2T2017,use grubbs test based assumption normality data using grubbs test check data reasonably approximated normal distribution grubbs test find one outlier time hope help
\x353932326637336261383437386330373861303030356333,course-v1:GTx+ISYE6501x+2T2017,definition list posted check pinned post glossary uploaded find instruction locate
\x353932326634656432326138666230373838303030356432,course-v1:GTx+ISYE6501x+2T2017,check suggest outside list guaranteed accepted file type
\x353932323933633361383437386330373930303030356539,course-v1:GTx+ISYE6501x+2T2017,jvdaniel sure copied code correctly type csvc instead cscv
\x353932323931333732326138666230373565303030353839,course-v1:GTx+ISYE6501x+2T2017,sure quite understand question always getting output svm question getting good value attempt high output line sumpred data nrowdata possible
\x353932323866666431333035663130383461303030356664,course-v1:GTx+ISYE6501x+2T2017,parameter response variable trying predict indicates choosing use column attribute text file predictor notation first parameter depends read original data use text file without header replaced however choose read text file header using appropriate
\x353932323832373631333035663130383461303030356662,course-v1:GTx+ISYE6501x+2T2017,hopefully figured installation staff post done run run librarykernlab trying use function library
\x353932323763313031333035663130383230303030356437,course-v1:GTx+ISYE6501x+2T2017,may little late think possible referring distance norm
\x353931663233333861383437386330373765303030343866,course-v1:GTx+ISYE6501x+2T2017,understood st question set train set validate data two different set set dont understand nd question specific
\x353931663162613331333035663130383638303030346266,course-v1:GTx+ISYE6501x+2T2017,sorry instruction clear caused submit homework incorrectly however per instruction submit response edit syllabus lowest homework grade dropped homework drop
\x353931646333383661383437386330373564303030343231,course-v1:GTx+ISYE6501x+2T2017,good catch believe right well fixed asap
\x353931646330336461383437386330373933303030343438,course-v1:GTx+ISYE6501x+2T2017,calendar due date listed course syllabus course information section
\x353931646266663632326138666230373765303030336630,course-v1:GTx+ISYE6501x+2T2017,calendar due date listed course syllabus course information section
\x353931646261366131333035663130383563303030336462,course-v1:GTx+ISYE6501x+2T2017,graph blue point fall classifier drawn graph red classifier intercept axis vertical axis mean depending point lie vertical axis determines classification however travel along xaxishorizontal axis unable draw classifier separate blue red data point
\x353931646134633732326138666230373535303030336663,course-v1:GTx+ISYE6501x+2T2017,copied earlier student post bit intimidating havent used youre looking intro material supplement course one best quickly learn basic use package called swirl whats great swirl learn learn program install even walk installing rstudio havent done already cheer
\x353931646131636331333035663130383431303030336364,course-v1:GTx+ISYE6501x+2T2017,verified learner may quiz combination autograded humangraded humansupervised material audit learner entirely autograded quiz human oversight also certificate verified learner receive used towards micro master certification
\x356334376334326433656239653630396166303031333561,course-v1:GTx+ISYE6501x+1T2019,link found hope help
\x356333666336373264623730613930396234303031303861,course-v1:GTx+ISYE6501x+1T2019,singapore interested form study group together discus topicsconcepts together
\x356333613862366635386164636230393863303030626637,course-v1:GTx+ISYE6501x+1T2019,nyc working jp let catchup free sometime
\x356333613838646435386164636230393639303030626638,course-v1:GTx+ISYE6501x+1T2019,arizona closer phoenix area
\x356333376463303433656239653630396364303030616132,course-v1:GTx+ISYE6501x+1T2019,brittany thought responded apparently teach ci savannah state another colleague also let talk study group
\x356333363964663333656239653630396166303030396236,course-v1:GTx+ISYE6501x+1T2019,suman form study group brittany savannah well
\x356333343230313433656239653630396334303030376364,course-v1:GTx+ISYE6501x+1T2019,nice meet sharing linkedin based miami recently worked group based guadalajara looking forward collaborate class
\x356333343166386335386164636230393965303030376439,course-v1:GTx+ISYE6501x+1T2019,meet based miami folk south florida taking class looking forward collaborate class
\x356333343166323335386164636230393665303030376361,course-v1:GTx+ISYE6501x+1T2019,andres also based miami nice meet work ibm also looking forward expand knowledge data science arena maybe chance meetcollaborate class
\x356333343163633233656239653630396166303030373934,course-v1:GTx+ISYE6501x+1T2019,hiwhere fl based
\x356135663765303137626332303630613034303030313030,course-v1:GTx+ISYE6501x+1T2018,anyone highland area want meet work homework set
\x356135643166396437616366326430383032303031333838,course-v1:GTx+ISYE6501x+1T2018,id join well
\x356135343265396437616366326430383035303030643032,course-v1:GTx+ISYE6501x+1T2018,aka pavel glad contact regard pavel
\x356238613061343633623061626330393936303032303066,course-v1:GTx+ISYE6501x+3T2018,chinese nice meet
\x356238613038663963333035616430613333303032316262,course-v1:GTx+ISYE6501x+3T2018,cw also singapore nice familiar face
\x356238613038613161353232303330393365303031663734,course-v1:GTx+ISYE6501x+3T2018,also singaporeso nice
\x356237636335633833623061626330396334303031393137,course-v1:GTx+ISYE6501x+3T2018,third tech bsme msme prior hat trick welcome back
\x356237636335346163333035616430613333303031616164,course-v1:GTx+ISYE6501x+3T2018,youre definitely old guy last finished grad school tech mechanical engineering hope havent killed many brain cell since glad
\x356237623735313333623061626330396232303031613234,course-v1:GTx+ISYE6501x+3T2018,ernest setting interested joining gordon
\x356237623564613763333035616430613265303031393934,course-v1:GTx+ISYE6501x+3T2018,ernest great idea join well
\x353961356336633661343432303730613334303030393365,course-v1:GTx+ISYE6501x+3T2017,still new feel documentation little help understand perform problem homework
\x353961333061353539646562386230396330303030373862,course-v1:GTx+ISYE6501x+3T2017,figured formula used indicate column class another post train training data frame test test data frame also started eliminating argument saw error formula train test still run still curious else whats optional
\x353961303338633363636432363730396464303030363933,course-v1:GTx+ISYE6501x+3T2017,input kknn function need exclude current point testing training set testing point data set called data using call datai think answer question
\x353961303337366561343432303730613238303030363835,course-v1:GTx+ISYE6501x+3T2017,really sure since proctoring software thirdparty issue hoping able resolve soon
\x353939663362323339646562386230393935303030363434,course-v1:GTx+ISYE6501x+3T2017,yes vector point unique weight purposely arbitrary higher weighting point indicate think point important others outside reason indicate high belief measurement technique gather point accurate others emphasize covering method determine weight value problemspecific
\x353939663361346163636432363730396165303030363239,course-v1:GTx+ISYE6501x+3T2017,issue result rpnow software open time rpnow open need close access checking proctoring software vendor proctoring issue
\x353939663339643263636432363730396233303030356565,course-v1:GTx+ISYE6501x+3T2017,unfortunately video released next week check back monday best
\x353939663339326261343432303730613334303030363438,course-v1:GTx+ISYE6501x+3T2017,submit code peer grader copy someone elses answer
\x353939656633313861343432303730396638303030363230,course-v1:GTx+ISYE6501x+3T2017,sure tutorial since created u suggest using data set provided hw practicing basic command tutorial
\x353939656630623739646562386230396436303030356366,course-v1:GTx+ISYE6501x+3T2017,think using default distance metric fine experiment one use long justify important part question examining different value
\x353939656566366139646562386230396330303030356531,course-v1:GTx+ISYE6501x+3T2017,provide slide someone previously posted document essentially script dialogue lecture
\x353939646663356139646562386230396366303030356161,course-v1:GTx+ISYE6501x+3T2017,mean rworkshop adapted
\x353939646662303539646562386230396330303030353636,course-v1:GTx+ISYE6501x+3T2017,use command following assuming data saved text file working directory data false header false hopefully help started
\x353939636161646163636432363730396434303030353361,course-v1:GTx+ISYE6501x+3T2017,haha great pic
\x353939633930613239646562386230396236303030346334,course-v1:GTx+ISYE6501x+3T2017,watched video module started assignment encounter material taking u yet assignment jump right mind selflearning make sure missing anything videosmaterials posted show basic functionality ive selflearning help swirl use class material available
\x353939633634363963636432363730396663303030346134,course-v1:GTx+ISYE6501x+3T2017,alexa name tatiana live midtown atl love part atlanta meetups one
\x353939623938616361343432303730613238303030343166,course-v1:GTx+ISYE6501x+3T2017,nice another john creek resident
\x353939623862663963636432363730396561303030343561,course-v1:GTx+ISYE6501x+3T2017,nice fellow longhorn taking class
\x353939613131346261343432303730613063303030333365,course-v1:GTx+ISYE6501x+3T2017,think best book follow along course probably introduction statistical learning application
\x356436396632333938313439666430393330303031376138,course-v1:GTx+ISYE6501x+2T2019b,yun sheng singapore nice let team assignment whatsapp
\x356436333139306463303664323630393736303031333937,course-v1:GTx+ISYE6501x+2T2019b,actually still open homework
\x356436333132386538343435326130373835303031326535,course-v1:GTx+ISYE6501x+2T2019b,bay area happy join west coast study group
\x356436316632633463303664323630393366303030666133,course-v1:GTx+ISYE6501x+2T2019b,peachtree corner small world
\x356436316337366338343435326130373935303031316231,course-v1:GTx+ISYE6501x+2T2019b,allen tx also
\x356435663636353038313439666430393361303031306336,course-v1:GTx+ISYE6501x+2T2019b,greg also phx area student reach well forming group town soon
\x356435643230316263303664323630393637303030653537,course-v1:GTx+ISYE6501x+2T2019b,also shanghai shall connect study together
\x356435633539633038343435326130373866303030666164,course-v1:GTx+ISYE6501x+2T2019b,depending web browser setting paste text string browser treat pdf webpage text hyperlink edx click havent trouble opening chrome
\x356435623639343063303664323630393830303030643066,course-v1:GTx+ISYE6501x+2T2019b,aerodynamics cfd engineer studying data science hopefully work lm data scientist
\x356435623634313338343435326130373938303030653331,course-v1:GTx+ISYE6501x+2T2019b,nice meet asif well meet feel free respond back study group thread piazza
\x356435623462333938343435326130376432303030643834,course-v1:GTx+ISYE6501x+2T2019b,sanjay let form study group live alpharetta ga
\x356435623462313738313439666430393264303030653430,course-v1:GTx+ISYE6501x+2T2019b,let form study group live alpharetta
\x356435623461616638313439666430393731303030646136,course-v1:GTx+ISYE6501x+2T2019b,stevie youre interested study group send email gatech email live atlanta
\x356435623461376663303664323630393631303030636530,course-v1:GTx+ISYE6501x+2T2019b,youre interested study group send note gatech email live atlanta area
\x356435623461353038343435326130376163303030656338,course-v1:GTx+ISYE6501x+2T2019b,form study group send note gatech email
\x356435623233363638343435326130373965303030646633,course-v1:GTx+ISYE6501x+2T2019b,sure youre skype form video interaction live atlanta ga
\x356435623033623538313439666430393537303030643664,course-v1:GTx+ISYE6501x+2T2019b,perceval happy studying georgia techim currently based stellenbosch sa employed technical officer backgrounb information system computing hold bachelor business information technology degree
\x356364663436623864386561623130393835303031373932,course-v1:GTx+ISYE6501x+2T2019a,sean also fort worth live atlanta ill backforth summer ever study buddy
\x356531613232636463373632373730393161303033383265,course-v1:GTx+ISYE6501x+1T2020,first time using edx
\x356531376366323237666562653530393538303032663165,course-v1:GTx+ISYE6501x+1T2020,yo work town cincy others downtown lunch
\x356531363161353963373632373730393330303032613837,course-v1:GTx+ISYE6501x+1T2020,also located san diego also completed certificate uc san diego extension graduated uc san diego couple year ago b economics nice meet someone area online course
\x356531366566666239356230363230393365303033363661,course-v1:GTx+ISYE6501x+1T2020,hallo nice meet actually spent week darmstadt reading entry brought memory happy new year
\x356531343030333039356230363230393263303032373136,course-v1:GTx+ISYE6501x+1T2020,homework available however sure submit answer
\x353936393535656161383437386330373831303032613264,course-v1:GTx+ISYE6501x+2T2017,super clear video well take feel free correct clustering model use time product bought together use percentage inverse distance measure clustering algorithm inverse distance measure actual distance item higher lower inverse distance measure translates complimentary product resultant cluster result used place complementary item closer together store aaron
\x353936393334333132326138666230373835303032633461,course-v1:GTx+ISYE6501x+2T2017,yes hw follow givenuseto format well aaron
\x353935666163393961383437386330373732303032353938,course-v1:GTx+ISYE6501x+2T2017,kull lpsum used use python list comprehension first equation lpsum used sum value done using operator manually type nutientfoodvars pair scalable problem becomes bigger lot typing nd equation since checking whether protein food selected instead use operator aaron
\x353935366261316132326138666230373562303032323630,course-v1:GTx+ISYE6501x+2T2017,dbgriffith agree helpful detailed description food however part isnt definite answer use whatever make sense used beanbacn soup protein constraint well aaron
\x353935336435346532326138666230373832303032303163,course-v1:GTx+ISYE6501x+2T2017,arena recitation posted arf format converted shared soon done also recitation june th posted aaron
\x353934656339666231333035663130383533303031633836,course-v1:GTx+ISYE6501x+2T2017,tutorial prepared arjun posted site help homework aaron
\x353934393635383331333035663130383635303031613730,course-v1:GTx+ISYE6501x+2T2017,video live let u still face issue accessing aaron
\x353934393634666561383437386330373666303031616662,course-v1:GTx+ISYE6501x+2T2017,shall revision deadline hw remains wednesday th june check exact time based timezone aaron
\x353934393464356631333035663130383665303031613062,course-v1:GTx+ISYE6501x+2T2017,jakebx let u get resolved aaron
\x353934393463653331333035663130383533303031393832,course-v1:GTx+ISYE6501x+2T2017,shall back dont worry shall rectified aaron
\x353934393439613561383437386330373537303031616261,course-v1:GTx+ISYE6501x+2T2017,aeschbacher aim question conduct fractional factorial design feature using house instead house mentioned question agent want reduce survey size aaron
\x353934393439313232326138666230373538303031613234,course-v1:GTx+ISYE6501x+2T2017,video uploaded hour session concluded take time video rendered shall notify done aaron
\x353934393438613132326138666230376133303031386531,course-v1:GTx+ISYE6501x+2T2017,video accessible glitch release system aaron
\x353934376635373432326138666230373961303031393931,course-v1:GTx+ISYE6501x+2T2017,sereronnrot use cvglmnet function fold selected random hence run give slightly quite different result purpose homework fine looking specific answer good practice using cross validation run code section multiple time find average help stabilize variation result aaron
\x353934376539613131333035663130383563303031386234,course-v1:GTx+ISYE6501x+2T2017,kimberlynarispe expect example distribution similar mentioned video domain data required aaron
\x353934363932356161383437386330373435303031386533,course-v1:GTx+ISYE6501x+2T2017,jamjar yes step eliminate variable who pvalue cross threshold adding predictor step doesnt necessarily mean variable present final model aaron
\x353933643766303431333035663130383338303031333036,course-v1:GTx+ISYE6501x+2T2017,juliomeza purpose question also pcr function included pls function used predict test caseset using regression model developed principal component give look understanding aaron
\x353933643763663931333035663130383365303031343330,course-v1:GTx+ISYE6501x+2T2017,littly yes include predictor using pca aaron
\x353933633532373761383437386330373564303031333439,course-v1:GTx+ISYE6501x+2T2017,yes vector give coefficient original variable derived pc aaron
\x353933633165386531333035663130383437303031326166,course-v1:GTx+ISYE6501x+2T2017,mentioned video pca derive coefficient original variable pc give rotation try considering use first pc documentation quite intuitive helpful let help aaron
\x353933623136663031333035663130383233303031323463,course-v1:GTx+ISYE6501x+2T2017,approach seems spot one addition end building model using first pc crime rate also compare result quality hw question may interesting result mentioned thread tlmf brianbeggs dont emphasize much pushing squared value considering asked use pc v predictor original problem aaron
\x353932663037303261383437386330373930303030626231,course-v1:GTx+ISYE6501x+2T2017,link recitation posted viewed verified learner trouble accessing record let u aaron
\x353932633939343861383437386330373930303030613037,course-v1:GTx+ISYE6501x+2T2017,getting pvalue type mean either point extreme point per tail outlier use indication run another test type check point outlier hope answer question aaron
\x353932633931633261383437386330373465303030396538,course-v1:GTx+ISYE6501x+2T2017,ericdofinance setting changed hope view hw progress chart aaron
\x353932633562353431333035663130383638303030396630,course-v1:GTx+ISYE6501x+2T2017,ericdofinance shall back checking edx team aaron
\x353932633536313261383437386330373636303030396137,course-v1:GTx+ISYE6501x+2T2017,rnkuhns purpose kmeans clustering dont use validation test set metric accuracy show well point clustered compared actual label entire data set sufficient expected need test report following subset predictor give best accuracy value give best accuracy aaron
\x353932633461303461383437386330373762303030396235,course-v1:GTx+ISYE6501x+2T2017,using combination type opposite parameter help answer question documentation give insight aaron
\x353931623966383261383437386330373834303030333262,course-v1:GTx+ISYE6501x+2T2017,johnadam helpful comment aaron
\x353932343461353232326138666230376135303030363538,course-v1:GTx+ISYE6501x+2T2017,yes aim question start building model explore various parameter knn svm approach extends modelling technique question mainly deal different validation technique first question use kfold cross validation second split data set mutually exclusive set
\x353932336164313761383437386330373636303030363730,course-v1:GTx+ISYE6501x+2T2017,solution posted hw submission deadline passed
\x353932336162626261383437386330373762303030363733,course-v1:GTx+ISYE6501x+2T2017,video viewed mp fgxl edx still working fixing link site
\x353932336162613532326138666230373739303030363366,course-v1:GTx+ISYE6501x+2T2017,video viewed mp fgxl edx still working fixing link site
\x353932336162383532326138666230373930303030363766,course-v1:GTx+ISYE6501x+2T2017,video viewed mp fgxl edx still working fixing link site
\x353932333632656361383437386330373435303030363666,course-v1:GTx+ISYE6501x+2T2017,video back online
\x353932333632633532326138666230373739303030363134,course-v1:GTx+ISYE6501x+2T2017,video back online
\x353932333632333932326138666230373964303030363935,course-v1:GTx+ISYE6501x+2T2017,mentioned video used scaling purpose graph however us general notation notation number variable hope clarifies confusion
\x353932333631656131333035663130383539303030363038,course-v1:GTx+ISYE6501x+2T2017,referred graph number used scaling purpose different number attribute understand written formula graph us variable however hope clarifies confusion
\x353932333566353132326138666230373765303030363461,course-v1:GTx+ISYE6501x+2T2017,working getting video back online
\x353932333464633661383437386330373630303030363435,course-v1:GTx+ISYE6501x+2T2017,wording hw fixed patience
\x353932333464616161383437386330373438303030363534,course-v1:GTx+ISYE6501x+2T2017,wording hw fixed patience
\x353932333464353361383437386330373465303030363635,course-v1:GTx+ISYE6501x+2T2017,hw document fixed
\x353932333438396431333035663130383731303030363336,course-v1:GTx+ISYE6501x+2T2017,shall correct question wording shortly instead read describe situation problem job everyday life current event etc change detection model appropriate applying cusum technique choose critical value threshold
\x353932333338306461383437386330373537303030363632,course-v1:GTx+ISYE6501x+2T2017,working fixing link
\x353932333263393731333035663130383734303030363161,course-v1:GTx+ISYE6501x+2T2017,create variable predicted vector length equal number data point store predicted value iteration try predicted rep numrows
\x353931626231396332326138666230373739303030326632,course-v1:GTx+ISYE6501x+2T2017,file without header fixed downloaded aaron
\x353931623965373831333035663130383233303030326461,course-v1:GTx+ISYE6501x+2T2017,currently dont option share downloadable content change soon shall update thread aaron
\x353931623564666631333035663130383530303030326462,course-v1:GTx+ISYE6501x+2T2017,mlu shall upload one header file without header aaron
\x353931623335356161383437386330373531303030326561,course-v1:GTx+ISYE6501x+2T2017,refer graph first question best regard georgia tech edx team
\x353931623334326131333035663130383530303030326166,course-v1:GTx+ISYE6501x+2T2017,alter value stated highlow value tend classify observation yes try varying think implementing step increment explore influence model quality prediction accuracy aiming best regard georgia tech edx team
\x353931396563663961383437386330373765303030316639,course-v1:GTx+ISYE6501x+2T2017,online course attempt quiz per edx honor code best regard georgia tech edx team
\x353931393132666461383437386330373564303030316262,course-v1:GTx+ISYE6501x+2T2017,everyone one ta course currently m analytics program georgia tech took course last fall one useful important course program india background business computer science free time play basketball support premier league champion looking forward helping course semester continue learning
\x353931393132653461383437386330373933303030316336,course-v1:GTx+ISYE6501x+2T2017,everyone one ta course currently m analytics program georgia tech took course last fall one useful important course program india background business computer science free time play basketball support premier league champion looking forward helping course semester continue learning
\x356333383631666233656239653630396133303030623136,course-v1:GTx+ISYE6501x+1T2019,created channel slack let move discussion might easier httpsisye
\x356333376130393535386164636230393632303030613533,course-v1:GTx+ISYE6501x+1T2019,ekundayo nice knowing living houston nice start study group notified one steve adebayo also living around houston contact cheer
\x356333373934396435386164636230396164303030396162,course-v1:GTx+ISYE6501x+1T2019,steve nice seeing living around houston join houston group studying together cheer
\x356333366264316135386164636230396230303030396631,course-v1:GTx+ISYE6501x+1T2019,also denver look forward working next month
\x356333366263643664623730613930393966303030613165,course-v1:GTx+ISYE6501x+1T2019,also colorado denver metro
\x356333343563623433656239653630393835303030383366,course-v1:GTx+ISYE6501x+1T2019,raj nice meet also live greater seattle area took cse last semester let stay connected well
\x356333343561343935386164636230393739303030376631,course-v1:GTx+ISYE6501x+1T2019,nice meet also greater seattle area living glad another fellow student area love study session later feel free add stay connected
\x356333343539666335386164636230393765303030376538,course-v1:GTx+ISYE6501x+1T2019,nice meet also greater seattle area living happy learning feel free add stay connected
\x356135636262323537616366326430383335303031353736,course-v1:GTx+ISYE6501x+1T2018,homework posted canvas
\x356135613430636634346131353030386361303031306365,course-v1:GTx+ISYE6501x+1T2018,havent point id curious focus presentation networking event
\x356135393536343234346131353030386135303031306239,course-v1:GTx+ISYE6501x+1T2018,sound fun terrifying
\x356135356630363237616366326430383337303031323665,course-v1:GTx+ISYE6501x+1T2018,itp shauna otp ada nice meet
\x356135356437393634346131353030386232303030653933,course-v1:GTx+ISYE6501x+1T2018,grad student major ocean engineering tamu worked intern offshore oil gas industry last summer knowledge statistic course new python excited meet connect add wechat lei
\x356135353837326437616366326430383232303031303465,course-v1:GTx+ISYE6501x+1T2018,gone sloan sport analytics conference curious thought experience
\x356135353766613337616366326430383038303030656137,course-v1:GTx+ISYE6501x+1T2018,doesnt feel long ago remember c degree heavy dose cobol legacy system language even used today
\x356135336539663034346131353030383865303030653637,course-v1:GTx+ISYE6501x+1T2018,glad abandoned dark side uga gt degree good luck tonight nonetheless
\x356238316362656361353232303330393730303031643565,course-v1:GTx+ISYE6501x+3T2018,also seattle area try seattlearea study group let youd interested
\x356238316362623363333035616430396634303031633564,course-v1:GTx+ISYE6501x+3T2018,gana also seattle area try seattlearea study group let youd interested
\x356238316362383933623061626330396433303031633864,course-v1:GTx+ISYE6501x+3T2018,also also seattle area currently work microsoft try seattlearea study group let youd interested
\x356238316362363033623061626330396235303031623661,course-v1:GTx+ISYE6501x+3T2018,also also seattle currently work microsoft try seattlearea study group let youd interested
\x356237653161633233623061626330396165303031613133,course-v1:GTx+ISYE6501x+3T2018,pittsburgh looking forward learning well
\x356237623832623733623061626330393964303031613037,course-v1:GTx+ISYE6501x+3T2018,interesting veteran went back school information system degree feel free dm twitter wayneemery happy talk throughout program
\x356237623331316263333035616430613366303031396665,course-v1:GTx+ISYE6501x+3T2018,name also work dc area professional interest focus mainly economic financial application reflecting job economist multilateral organization regard
\x356237616330616161353232303330393365303031373935,course-v1:GTx+ISYE6501x+3T2018,live near durham nc find piazza
\x356237393735393061353232303330393866303031373230,course-v1:GTx+ISYE6501x+3T2018,neighbor live sewickley area part city located
\x356237393735306263333035616430396632303031373965,course-v1:GTx+ISYE6501x+3T2018,part bay grew san francisco
\x356237393734623761353232303330393464303031373038,course-v1:GTx+ISYE6501x+3T2018,ernest add study group much putting together
\x356237316431663533623061626330396463303031316662,course-v1:GTx+ISYE6501x+3T2018,sean american wisconsin oms analytics master one first course program started new twitter chapter life wayneemery message time
\x356237316365316563333035616430613234303031323234,course-v1:GTx+ISYE6501x+3T2018,welcome american friend made undergrad add
\x353961343062396163636432363730396230303030383734,course-v1:GTx+ISYE6501x+3T2017,ran error well apply asmatrix csv file rename variable set
\x353961333364333161343432303730396662303030376430,course-v1:GTx+ISYE6501x+3T2017,datasetxls data xl mentioned supplied introduction slide deck confusing make sense slide deck without ability type command
\x353961303135636339646562386230393930303030366664,course-v1:GTx+ISYE6501x+3T2017,eric reaching say live far possibly meet point class daughter attends uofi travel nearby pretty routinely regard
\x353939646564666639646562386230393864303030353832,course-v1:GTx+ISYE6501x+3T2017,update homework reset able resubmit best
\x353939646336653961343432303730396632303030356333,course-v1:GTx+ISYE6501x+3T2017,tried live chat canvas support logged first time everything setup automatically recreate problem option report problem contact canvas help either chat phone also since omsa student need set audit
\x353939646335653039646562386230396333303030353466,course-v1:GTx+ISYE6501x+3T2017,able homework auditing course
\x353939643865363863636432363730396236303030353861,course-v1:GTx+ISYE6501x+3T2017,file extension rscript file need one accepted file format submission pdf gif png pptx jpeg jpg doc docx txt xlsx case sensitive accept file control reason change file file issue providing pdf document help upload issue may help well didnt
\x353939633962663239646562386230396534303030346330,course-v1:GTx+ISYE6501x+3T2017,ill wait hear end appreciate attention
\x353939633962353661343432303730613337303030353061,course-v1:GTx+ISYE6501x+3T2017,hmm may result component unlocked official course start aug good news main purpose process make sure proctoring software set camera working sound able well try ferret certainty happened
\x353939633937386163636432363730396639303030346638,course-v1:GTx+ISYE6501x+3T2017,recently registered verified student gt omsa student might take system bit time move correct cohort still problem end week let u check edx contact meantime
\x353939633936383361343432303730396662303030346362,course-v1:GTx+ISYE6501x+3T2017,yeah anything since part micromasters curriculum
\x353939633936333139646562386230396534303030346237,course-v1:GTx+ISYE6501x+3T2017,also make tutorial video available soon successfully uploads edx site tutorial video cover basic also specific code related first homework
\x353939633935303463636432363730396636303030346661,course-v1:GTx+ISYE6501x+3T2017,possible reset proctoring element retest work kink well advance first quiz
\x353939633839646663636432363730396533303030343737,course-v1:GTx+ISYE6501x+3T2017,ill reset truly
\x353939633839646361343432303730396662303030346331,course-v1:GTx+ISYE6501x+3T2017,experience installed software accessed web cam part setup took photo took photo id took knuckle photo think one hand let continue went take test said forbidden clicked done test say completed timed test wanted make sure proctor track set right kind confirmation access accessible gt omsa student
\x353939633839323663636432363730396330303030346335,course-v1:GTx+ISYE6501x+3T2017,thats really cool brittany kind analytics nfl
\x353939633837636361343432303730396634303030346266,course-v1:GTx+ISYE6501x+3T2017,checking anybody else still unable first homework assignment
\x353939633837383661343432303730396662303030346330,course-v1:GTx+ISYE6501x+3T2017,dmower using python later course next assignment done part intention course design expose student new program function unfamiliarity feature bug work also hard peergrade peer reviewer arent familiar python code truly
\x353939633836366263636432363730396264303030346538,course-v1:GTx+ISYE6501x+3T2017,worry test make sure system working say bit far able install software access webcam take photo id
\x353939633836303639646562386230396531303030343937,course-v1:GTx+ISYE6501x+3T2017,glad u sweta hopefully youll full week term
\x353939633436396261343432303730613132303030343732,course-v1:GTx+ISYE6501x+3T2017,looking forward joining u next semester yes credit need register verified student
\x353939623031396663636432363730396666303030336439,course-v1:GTx+ISYE6501x+3T2017,yes put problem set answer document acceptable although universal format pdf less likely inaccessible peer grader also attach multiple file useful attach code written response separately instance finally simply respond directly provided text field though less common acceptable best
\x353939616663376161343432303730613235303030336161,course-v1:GTx+ISYE6501x+3T2017,angela yep bunch stuff time series analysis including triplesmoothing distribution type well first time series content week well revisit time series approach later course well
\x353939616661643861343432303730613166303030336233,course-v1:GTx+ISYE6501x+3T2017,hamza said class significant element specifically focused using recommend use package tutorial basic install rstudio following instruction dont worry youll pick best
\x353939616566663063636432363730396666303030336331,course-v1:GTx+ISYE6501x+3T2017,forbidden end exam cant take
\x353939616432306263636432363730396533303030333562,course-v1:GTx+ISYE6501x+3T2017,help notice working att thought throw shout hopefully class regard
\x353939613361313663636432363730396464303030333439,course-v1:GTx+ISYE6501x+3T2017,gordanb dive thoroughly topic week nope didnt miss anything hasnt covered yet
\x356436366239393138343435326130373938303031346238,course-v1:GTx+ISYE6501x+2T2019b,love part study group
\x356436366239373963303664323630393538303031353436,course-v1:GTx+ISYE6501x+2T2019b,chun live dubai bud undergrad grad school osu buckeye heart good program
\x356435656239633538313439666430393330303031313066,course-v1:GTx+ISYE6501x+2T2019b,socal also looking forward connect study group
\x356435656261316138343435326130376231303031306435,course-v1:GTx+ISYE6501x+2T2019b,great let connect move journey together
\x356435653637396163303664323630393238303031306334,course-v1:GTx+ISYE6501x+2T2019b,knn link period end removed work
\x356435636261356438313439666430393232303030663366,course-v1:GTx+ISYE6501x+2T2019b,lance also austin
\x356435636261343138313439666430393235303030656565,course-v1:GTx+ISYE6501x+2T2019b,orange county two favorite place great taste
\x356435636239623763303664323630393830303030646538,course-v1:GTx+ISYE6501x+2T2019b,greeting austin christy mccanless
\x356435626535363238343435326130376366303030646432,course-v1:GTx+ISYE6501x+2T2019b,san clemente live atl
\x356435623433613838343435326130376363303030663539,course-v1:GTx+ISYE6501x+2T2019b,alfonso frisco texas far send note gtech email id
\x356435623334336463303664323630393463303030653737,course-v1:GTx+ISYE6501x+2T2019b,live sandy spring also taking semester
\x356364663563623630646166633630393865303031363763,course-v1:GTx+ISYE6501x+2T2019a,also boston data analyst optum love create study group
\x356531633436353963373632373730393230303033306232,course-v1:GTx+ISYE6501x+1T2020,ive problem library function
\x356531633435326237666562653530393235303032636464,course-v1:GTx+ISYE6501x+1T2020,mean pch bg incorporate cant ksvm work either problem isnt math getting work
\x356531623464366139356230363230393233303032613736,course-v1:GTx+ISYE6501x+1T2020,actually answer question difference knowing data point classification
\x356531383163656339356230363230393539303033313133,course-v1:GTx+ISYE6501x+1T2020,response think upgrade course quite since ive done actual modelling
\x356531376138666637666562653530393334303033643039,course-v1:GTx+ISYE6501x+1T2020,might better luck posting piazza page specific homework question used trainknn function us leave one cross validation train model varying value trouble analyzing result
\x356531373934663939356230363230393137303033653563,course-v1:GTx+ISYE6501x+1T2020,raleigh name raleigh nc area finishing undergrad industrial system engineering statistic nc state university working full time data scientist starting summer looking forward advancing skill data analytics learning lot course anyone area dont hesitate reach
\x356531363063643739356230363230393161303033333062,course-v1:GTx+ISYE6501x+1T2020,found following date january st hope help greeting germany
\x356531353935616339356230363230393236303032373435,course-v1:GTx+ISYE6501x+1T2020,assuming come later week maybe
\x356531333937653437666562653530393562303032386137,course-v1:GTx+ISYE6501x+1T2020,sudeep also working boston financial service
\x353937613038373961383437386330373435303033333765,course-v1:GTx+ISYE6501x+2T2017,advice hopefully help many learner peer grading process take note workaround try communicate next offering course also contact edx anything end
\x353937613038663661383437386330373630303033333064,course-v1:GTx+ISYE6501x+2T2017,check back answer
\x353937386635373631333035663130383461303033343036,course-v1:GTx+ISYE6501x+2T2017,knowledge giving extension pinned post noting posted day ago believe joel also posted announcement home page ta tried address whenever question asked
\x353937383636303832326138666230373862303033343036,course-v1:GTx+ISYE6501x+2T2017,post somewhere else pretty sure say thing edx one grey progress bar another learner experienced different class well effect grade
\x353936643930306632326138666230373865303032613961,course-v1:GTx+ISYE6501x+2T2017,believe posting sample course project reference guideline providing peer review post gtxisye fea give guidance also last homework giving practice final project others post forum need example
\x353936643332343932326138666230373934303032623465,course-v1:GTx+ISYE6501x+2T2017,case using importance arbitrary term arbitrarily decide reducing variability model important branch variable relatively large reduction model variance declare variable important overall model since seems contribute good amount overall model variance think overall model variance rough sum variance variable contributes
\x353936643331333232326138666230373637303032626264,course-v1:GTx+ISYE6501x+2T2017,validation step choosing two model picked model use test data true absolute error cant use validation set error introduce bias
\x353936636663353132326138666230373666303032626134,course-v1:GTx+ISYE6501x+2T2017,letting u let check back
\x353936636561393131333035663130383431303032633234,course-v1:GTx+ISYE6501x+2T2017,endorse julios answer correct
\x353936336438626332326138666230373964303032393038,course-v1:GTx+ISYE6501x+2T2017,problem glad help
\x353936336438383261383437386330373936303032383432,course-v1:GTx+ISYE6501x+2T2017,looking project due july th edt peer review available july th edt believe bostontarheel right project due part confused referring due date peer review project graded hws converted scale
\x353936336435616631333035663130383239303032366466,course-v1:GTx+ISYE6501x+2T2017,bostontarheel someone asked similar question month ago responded copying link gtxisye fc gtxisye fc
\x353936336430636431333035663130383331303032376631,course-v1:GTx+ISYE6501x+2T2017,following example link gave first find multiplicative index adjust data point respective multiplicative index adjusted value keep mind one method normalization many technique research
\x353936336365386232326138666230373634303032613764,course-v1:GTx+ISYE6501x+2T2017,kimberlynarispe understand concern ta discussing try back reached consensus
\x353936336364633531333035663130383437303032373761,course-v1:GTx+ISYE6501x+2T2017,take makeup exam quite yet try let figure working issue
\x353936336135663831333035663130383230303032383932,course-v1:GTx+ISYE6501x+2T2017,everyone ive posted everyone missed due ampm confusion due date utc thursday july translates eastern time thursday july ie late wednesday night pm pacific time wednesday july dont miss joel
\x353936336137656632326138666230373961303032383463,course-v1:GTx+ISYE6501x+2T2017,quote joel everyone ive posted everyone missed due ampm confusion due date utc thursday july translates eastern time thursday july ie late wednesday night pm pacific time wednesday july dont miss imagine question answer reposted deadline refrain discussing quiz question deadline
\x353936336137396431333035663130383536303032386430,course-v1:GTx+ISYE6501x+2T2017,sure bring concern let response
\x353936336137373161383437386330373837303032366630,course-v1:GTx+ISYE6501x+2T2017,quote joel everyone ive posted everyone missed due ampm confusion due date utc thursday july translates eastern time thursday july ie late wednesday night pm pacific time wednesday july dont miss imagine question answer reposted deadline
\x353936333738336632326138666230373666303032366331,course-v1:GTx+ISYE6501x+2T2017,tingting overrode grade zero since didnt peer review also attached feedback assignment peer reviewer let question
\x353936333734393731333035663130383239303032366161,course-v1:GTx+ISYE6501x+2T2017,process deciding learner missed deadline temporarily disabled access quiz solution learner refrain discussing quiz question come solution understanding
\x353936333733613561383437386330373864303032383134,course-v1:GTx+ISYE6501x+2T2017,sound reasonable approach homework meant rather open ended many way approach problem including usage different type data
\x353936333665353732326138666230373765303032373964,course-v1:GTx+ISYE6501x+2T2017,temporarily disabled figure people missed deadline understanding
\x353935333233313832326138666230373862303032303736,course-v1:GTx+ISYE6501x+2T2017,isnt set stone yet dont quote try hold python review session friday morning sometime
\x353935653164366261383437386330373765303032343166,course-v1:GTx+ISYE6501x+2T2017,valerimun let check sound reasonable request
\x353935333231306461383437386330373531303031663164,course-v1:GTx+ISYE6501x+2T2017,david checked hw correct another ta already overrode grade show let problem
\x353935626566633531333035663130383731303032333935,course-v1:GTx+ISYE6501x+2T2017,another post pointing contacted edx contact issue hopefully fixed soon
\x353935626263663532326138666230373964303032346434,course-v1:GTx+ISYE6501x+2T2017,never seen error research seems people also problem seems good consensus solution often seems problem individual code worry since sometimes pas maybe another learner issue provide guidance
\x353935626262343131333035663130383662303032346230,course-v1:GTx+ISYE6501x+2T2017,specify office hour video either look reach ta made
\x353935616461333931333035663130383362303032323239,course-v1:GTx+ISYE6501x+2T2017,think since next video entitled prescriptive simulation safe say slide read prescriptive sure check joel good catch letting u
\x353935616364653861383437386330373732303032333332,course-v1:GTx+ISYE6501x+2T2017,checking let hear something back
\x353935376232386332326138666230373666303032313431,course-v1:GTx+ISYE6501x+2T2017,taking care right change grade next minute
\x353935363236653161383437386330373531303032313038,course-v1:GTx+ISYE6501x+2T2017,session cancelled pinned post
\x353935333166663061383437386330373936303031663932,course-v1:GTx+ISYE6501x+2T2017,david letting make sense cant name havent seen side didnt think agree point however think edx issue dont wed able solve semester appreciate feedback though sure override grade ill post ive done
\x353935333161646631333035663130383431303031663031,course-v1:GTx+ISYE6501x+2T2017,understanding correctly complete peer grading
\x353935333161333431333035663130383236303032303039,course-v1:GTx+ISYE6501x+2T2017,alright sound good plan glad helped
\x353935333139656561383437386330373666303031666661,course-v1:GTx+ISYE6501x+2T2017,youre trouble installing arena alternatively use python simpy homework
\x353935303132336161383437386330373630303031643938,course-v1:GTx+ISYE6501x+2T2017,valid point sorry inconvenience caused try future create post pointing
\x353935303134613031333035663130383464303031646661,course-v1:GTx+ISYE6501x+2T2017,posted let problem finding
\x353935303131626431333035663130383236303031653733,course-v1:GTx+ISYE6501x+2T2017,david send email isye summer gmailcom specific name learner file cant view try hand grade possible copy response back input dont override grading assignment however dont grade time deadline learner override grade incomplete peer assessment letting u
\x353935303130613832326138666230373961303031646636,course-v1:GTx+ISYE6501x+2T2017,sorry also didnt realize looking older version well
\x353934656236303232326138666230373739303031643866,course-v1:GTx+ISYE6501x+2T2017,pretty sure achu right reasoning back paulcompton still problem
\x353934393962613261383437386330373564303031623136,course-v1:GTx+ISYE6501x+2T2017,let still problem
\x353934393962383132326138666230376139303031623531,course-v1:GTx+ISYE6501x+2T2017,working edx resolved unsure happening everyone
\x353934393836643761383437386330373561303031613863,course-v1:GTx+ISYE6501x+2T2017,trying figure issue question let everyone figured patience
\x353934393836616632326138666230373661303031613162,course-v1:GTx+ISYE6501x+2T2017,case intent nothing note question appear question format partial credit earned case consistent point lot shrug
\x353934393836613031333035663130383665303031613436,course-v1:GTx+ISYE6501x+2T2017,separate post topic id love follow well
\x353934393836393061383437386330373738303031613162,course-v1:GTx+ISYE6501x+2T2017,exact issue jonyiukm point ab even penalize selected answer left unselected still expect amount credit logic grading question ab understand
\x353934393836343431333035663130383464303031613936,course-v1:GTx+ISYE6501x+2T2017,followed thinking id still contend either answer might appropriate different situation possible might willing wait one month better model still month advance event run model course run model immediately use data isnt available time obvious wonder asked
\x353934393733306231333035663130383566303031613430,course-v1:GTx+ISYE6501x+2T2017,exactly think hung predict instead predict month ahead oh well onward upward doesnt kill either teach something make stronger
\x353934393732666331333035663130383737303031396337,course-v1:GTx+ISYE6501x+2T2017,np bostontarheel overthought several question exam thought little think question might also trying concept data leakage dont train data provides hint correct response hint available come time run model
\x353934393732656232326138666230376139303031623261,course-v1:GTx+ISYE6501x+2T2017,aeschbacher thats figured think overthought question
\x353934393732383161383437386330373639303031396465,course-v1:GTx+ISYE6501x+2T2017,sure question number based understanding randomforests consider following importance variable figured simple variable importance plot mse node purity example aggregation effect integral mean random forest hard find specific output specific regression specific coefficient single tree
\x353934393732343561383437386330373734303031613238,course-v1:GTx+ISYE6501x+2T2017,reasoned quiz nice explanation problem
\x353934393732323931333035663130383334303031393863,course-v1:GTx+ISYE6501x+2T2017,exactly reasoning add term lead collinearity problem parameter estimatives answer substitute term term answer correctly according quiz
\x353934393731646232326138666230376135303031386238,course-v1:GTx+ISYE6501x+2T2017,missed conversation opened new thread particularly related question posted hour ago serjesh trying figure issue question let everyone figured patience
\x353934393731623531333035663130383530303031613766,course-v1:GTx+ISYE6501x+2T2017,back grading question seems different question select correct answer incorrect received answer grading seem correct
\x353934336462663861383437386330373933303031376237,course-v1:GTx+ISYE6501x+2T2017,extension deadline passed rerelease original midterm quiz grade anything solution midterm showing site right hopefully available long enough anyone use since either revealed completed midterm
\x353934336462636161383437386330373765303031366439,course-v1:GTx+ISYE6501x+2T2017,extension deadline passed rerelease original midterm quiz grade anything solution midterm showing site right hopefully available long enough anyone use since either revealed completed midterm
\x353934326135393561383437386330373537303031373231,course-v1:GTx+ISYE6501x+2T2017,similar note discus quiz content sunday june utc passed even completed quiz first phase
\x353934326134383761383437386330373633303031363832,course-v1:GTx+ISYE6501x+2T2017,deleted bunch post due change plan allowing make post quiz content related question extension quiz sunday june utc passed
\x353934313164623532326138666230373732303031363332,course-v1:GTx+ISYE6501x+2T2017,narayananrajan believe able copy paste info link text editor save txt file
\x353934313163656532326138666230373765303031356334,course-v1:GTx+ISYE6501x+2T2017,believe good look end think always amount peer assessment complete
\x353934313137376231333035663130383662303031363262,course-v1:GTx+ISYE6501x+2T2017,response copied earlier post similar situation joel anything get flagged automated system reviewed human last review dont need worry joel
\x353934303137353932326138666230373562303031353937,course-v1:GTx+ISYE6501x+2T2017,correct error dr work getting corrected letting u
\x353933666563323961383437386330373834303031353734,course-v1:GTx+ISYE6501x+2T2017,let u continue problem trying best software edx supplied
\x353933666561363831333035663130383635303031346531,course-v1:GTx+ISYE6501x+2T2017,copied earlier post peer assessment homework onward complete peer assessment peer assessment deadline receive final grade homework assignment syllabus updated reflect grading policy section course receive enough peer assessment provide grade long complete peer assessment check
\x353933666538333561383437386330373639303031346266,course-v1:GTx+ISYE6501x+2T2017,permitted real proctored quiz well
\x353933653932336431333035663130383334303031336139,course-v1:GTx+ISYE6501x+2T2017,homework student assignment enough peer review staff overrode graded assessment due lack clarity topic need worry however next homework need complete assessment credit homework assignment
\x353933616239353032326138666230373631303031323963,course-v1:GTx+ISYE6501x+2T2017,hand grading successfully turned lacked enough peer review grade posted saturday night
\x353933613834373132326138666230373664303031336436,course-v1:GTx+ISYE6501x+2T2017,qq video later week
\x353933373030626532326138666230376133303030663865,course-v1:GTx+ISYE6501x+2T2017,checked seems working still problem
\x353933366335653461383437386330373666303031303337,course-v1:GTx+ISYE6501x+2T2017,jrmwong tried loading different browser sometimes problem edx well
\x353933366161656461383437386330373930303031303235,course-v1:GTx+ISYE6501x+2T2017,believe complete quiz one sitting time week need complete within minute starting quiz check make sure
\x353933366161353232326138666230373735303031303831,course-v1:GTx+ISYE6501x+2T2017,quiz cover material week chapter
\x353933366139386261383437386330373861303030666161,course-v1:GTx+ISYE6501x+2T2017,yes sample quiz question one sample proctored quiz
\x353933353637346461383437386330373765303030656234,course-v1:GTx+ISYE6501x+2T2017,practice quiz posting soon pretty representative expect quiz
\x353933353635656261383437386330373864303030663133,course-v1:GTx+ISYE6501x+2T2017,sereronnrot sure understand question asking convert data set time series ive posted believe helpful tutorial
\x353933353633323831333035663130383265303030656666,course-v1:GTx+ISYE6501x+2T2017,glad able apply learned workplace
\x353933313966653961383437386330373837303030636364,course-v1:GTx+ISYE6501x+2T2017,yes believe dr referring material learned first week
\x353933303265386361383437386330373963303030633234,course-v1:GTx+ISYE6501x+2T2017,answer specific question writing quiz seen yet however putting together practice problem quiz emulate question style depth real quiz hope post soon let
\x353932636339326361383437386330373732303030613330,course-v1:GTx+ISYE6501x+2T2017,ljem found link financial assistance edx everyone qualifies hope help
\x353932373265353532326138666230373865303030376464,course-v1:GTx+ISYE6501x+2T2017,made separate thread homework solution discussion feel free make one within week hw thread also one ta holding recitation tonight homework solution pm est
\x353932373263656232326138666230373961303030383565,course-v1:GTx+ISYE6501x+2T2017,look code without spacing tried save download may able proper formatting text editor another person found fix problem might help copying name file blockv gtxisye file file behaves archive full xml file changed name file xxxdocx surprisingly work
\x353931623034303732326138666230373562303030326331,course-v1:GTx+ISYE6501x+2T2017,enroll verified certificate pay fee registering one course sequence make program find detail webpage
\x353931616632376531333035663130383230303030323866,course-v1:GTx+ISYE6501x+2T2017,terminology document currently compiled posted soon comment thread posted directing location
\x353931616631616661383437386330373633303030323830,course-v1:GTx+ISYE6501x+2T2017,scaling actually covered next video lesson clear thing
\x353931616536356131333035663130383265303030323735,course-v1:GTx+ISYE6501x+2T2017,everyone name one ta course first year phd student operation research program georgia tech originally ny undergraduate degree mathematics minor management science ancient medieval study excited helping yall course summer
\x353931616531326231333035663130383461303030323831,course-v1:GTx+ISYE6501x+2T2017,google calendar class however another learner feel inclined make one feel free share learner via discussion post
\x353931616466616232326138666230373631303030326133,course-v1:GTx+ISYE6501x+2T2017,homework assignment specify language use example first homework assignment one course objective become familiar
\x356333653739616564623730613930396231303030666661,course-v1:GTx+ISYE6501x+1T2019,kind regard mexico well
\x356333653539316235386164636230393839303030646632,course-v1:GTx+ISYE6501x+1T2019,dan living lone tree south denver
\x356333383637303535386164636230393637303030613630,course-v1:GTx+ISYE6501x+1T2019,glad another att enrolled course maybe collaborate future
\x356333363565336533656239653630393832303030393562,course-v1:GTx+ISYE6501x+1T2019,great another green suiter program
\x356333343138663435386164636230393836303030376338,course-v1:GTx+ISYE6501x+1T2019,based hour south boston also took cse last term open meet let send email start thread manish jariwala
\x356333343032643935386164636230393961303030376334,course-v1:GTx+ISYE6501x+1T2019,great connect name reside boston well also digital consulting plan meeting time done line best
\x356333333630313133656239653630393961303030373637,course-v1:GTx+ISYE6501x+1T2019,nick great hear someone near le boise working micron past year including year lehi utah married year kid age happy someone time zone
\x356136643962333632343435316130396538303030323164,course-v1:GTx+ISYE6501x+1T2018,sherly singapore thought anyone small country
\x356135663731386234356436333530396230303030306631,course-v1:GTx+ISYE6501x+1T2018,add need email address
\x356135626339386364356362373730616234303031326561,course-v1:GTx+ISYE6501x+1T2018,team created slack channel yet created one called isye invite havent already created one also planning spend monday working homework new studying video give set skype meeting anyone interested joining tomorrow collaborate homework feeling many head make lot comprehensible
\x356135343536623237616366326430383332303030646462,course-v1:GTx+ISYE6501x+1T2018,also trojan went usc marshall pm batch
\x356135336339633937616366326430383137303031313032,course-v1:GTx+ISYE6501x+1T2018,great hear mshetty catch person sometime couple folk program meet person el segundo campus chuang video conf sometime soon
\x356135336332653637616366326430383065303030643934,course-v1:GTx+ISYE6501x+1T2018,glad att family dallas campus
\x356135336263313734346131353030386262303030656237,course-v1:GTx+ISYE6501x+1T2018,chance el segundo campus
\x356238353933623761353232303330393764303031653266,course-v1:GTx+ISYE6501x+3T2018,possible chose fraction neighbor limited integer plotted error error accuracy upwards facing parabola minimum saying correct result
\x356238333332333533623061626330393862303031656435,course-v1:GTx+ISYE6501x+3T2018,exactly identical great online help system help operator assign environment evaluated operator used anywhere whereas operator allowed top level eg complete expression typed command prompt one subexpressions braced list expression
\x356238303465303961353232303330393632303031626365,course-v1:GTx+ISYE6501x+3T2018,meet regular study session currently live sf looking others bay area practice study looking forward getting better guy interested shoot text start group chat fun fact play hockey oakland bridge hope youre enjoying weekend
\x356237623831333233623061626330396433303031386264,course-v1:GTx+ISYE6501x+3T2018,ive looking class access code found yet
\x356237333061353733623061626330396138303031336666,course-v1:GTx+ISYE6501x+3T2018,ernest interested meeting send invite
\x353961363436376661343432303730613238303030393636,course-v1:GTx+ISYE6501x+3T2017,live austin seen damage hurricane harvey caused houston area hope youre alright
\x353939663139343239646562386230396165303030363066,course-v1:GTx+ISYE6501x+3T2017,need code result
\x353939663138666463636432363730396464303030363138,course-v1:GTx+ISYE6501x+3T2017,use microsoft snipping tool capture screen shot feel useful capture icon amazonawscom jpg
\x353939633739363439646562386230393864303030346164,course-v1:GTx+ISYE6501x+3T2017,issue ga tech omsa student still audit access saw exam content proctored practice access piazza submitted help request edx strangely able set test proctor cse course hopefully resolved quickly best heather
\x353939623765383963636432363730396461303030343134,course-v1:GTx+ISYE6501x+3T2017,chance youre part may end crossing path
\x356436313836333938343435326130373830303031313732,course-v1:GTx+ISYE6501x+2T2019b,convert continuous prediction binary stuck hour
\x356436303632383838313439666430393463303031313561,course-v1:GTx+ISYE6501x+2T2019b,cheryl omsa program live far west side houston probably cant make many inperson meeting love connect
\x356435656332336338313439666430393432303031306133,course-v1:GTx+ISYE6501x+2T2019b,looking form study group
\x356435653137633038313439666430393665303031303764,course-v1:GTx+ISYE6501x+2T2019b,meet virtually atlanta well shankar
\x356435653137376438313439666430393631303031306534,course-v1:GTx+ISYE6501x+2T2019b,pankaj nice meet virtually shankar
\x356435653136346338343435326130376261303031303631,course-v1:GTx+ISYE6501x+2T2019b,atlanta nice meet shankar
\x356435653135613563303664323630393535303031306533,course-v1:GTx+ISYE6501x+2T2019b,bing atlanta well shankar
\x356435653135363463303664323630393631303030653934,course-v1:GTx+ISYE6501x+2T2019b,atlanta nice meet looking form study group
\x356435653134643763303664323630393432303030653630,course-v1:GTx+ISYE6501x+2T2019b,atlanta looking form study group shankar
\x356435636338316163303664323630393561303031313933,course-v1:GTx+ISYE6501x+2T2019b,also located dallas interested inperson meeting study group closer downtown dallas side town happy drive north
\x356435636336306238313439666430393635303030663866,course-v1:GTx+ISYE6501x+2T2019b,everyone also located dallas semester opportunity meetup work course homework together id love connect join
\x356435616565633838313439666430393238303030646539,course-v1:GTx+ISYE6501x+2T2019b,thats pretty awesome better write much bet read line
\x356364666631626330646166633630393766303031383165,course-v1:GTx+ISYE6501x+2T2019a,yes registered oms student able find homework canvas assuming karen
\x356364646238353435303761376130396165303031363463,course-v1:GTx+ISYE6501x+2T2019a,ta help figure cant access homework properly verified gt learner karen
\x356364633238643564386561623130393534303031353933,course-v1:GTx+ISYE6501x+2T2019a,expand line week homework there assignment click say none top page karen
\x356531386232613837666562653530393439303032623931,course-v1:GTx+ISYE6501x+1T2020,datasets zip file week homework page didnt already txt file xl though import loading readr package command mydata
\x356531386137306263373632373730393132303032666333,course-v1:GTx+ISYE6501x+1T2020,wondering thing looking course timeline appears might covered next week lesson sure either maybe something dont access bc auditing
\x356531353335313437666562653530393565303032396538,course-v1:GTx+ISYE6501x+1T2020,grasped basic package rstudio called swirl libraryswirl choose start here link info youre sure whether txt file wd click session tab top menu say set working directory choose folder file df work hopefully
\x356531346237333039356230363230393338303032653862,course-v1:GTx+ISYE6501x+1T2020,howdy nice someone else houston
\x356531333535633439356230363230393131303033326166,course-v1:GTx+ISYE6501x+1T2020,nice meet name alphonse antananarivo madagascar knowledge data science hope good place start
\x353938323336326238316530376230396230303030333136,course-v1:GTx+ISYE6501x+2T2017,forwarding request edx contact hopefully resolve soon possible letting u
\x353938303935373761333538633630613266303030323231,course-v1:GTx+ISYE6501x+2T2017,answer question try might difficult since manually calculate final grade forward question dr back
\x353938303935333633363632623730396230303030316564,course-v1:GTx+ISYE6501x+2T2017,try might difficult since manually calculate final grade
\x353938303934643038316530376230396564303030323137,course-v1:GTx+ISYE6501x+2T2017,endorse comment find otherwise let
\x353938303934376661333538633630613461303030316665,course-v1:GTx+ISYE6501x+2T2017,apologize inconsistency system time found course buggy continue bring issue wait fixed edx patience sorry experienced issue
\x353938303933666538316530376230396630303030323231,course-v1:GTx+ISYE6501x+2T2017,take account manually sorry delayed response
\x353938303933356338316530376230396333303030323065,course-v1:GTx+ISYE6501x+2T2017,try account manually recorded answer system share reason letting u
\x353938303933316361333538633630613437303030316666,course-v1:GTx+ISYE6501x+2T2017,email shared dr information letting u
\x353938303931323561333538633630613264303030323135,course-v1:GTx+ISYE6501x+2T2017,endorse benjaminlowes comment seems complete paperwork emailingfaxing paper appropriate department signature mailing form check pay fee appropriate department email registrar office make sure request get processed properly
\x353937663331353538316530376230396534303030313730,course-v1:GTx+ISYE6501x+2T2017,able review answer access go away since end course officially august rd
\x353937663330663861333538633630613261303030313333,course-v1:GTx+ISYE6501x+2T2017,found different color represent different item think red assignment grey exam color different item project etc
\x353937653334613461333538633630613233303030306464,course-v1:GTx+ISYE6501x+2T2017,since course end officially day sure staff able provide valuable project feedback also dealing end semester bring request dr though back
\x353937653331346638316530376230396432303030306336,course-v1:GTx+ISYE6501x+2T2017,lambda parameter depends value sense review lecture video exponential weibull distribution dr point case assuming lambda poisson weibull change lambda weird totally intuitive dr also remark well lecture video
\x353937653232636161333538633630613063303030306434,course-v1:GTx+ISYE6501x+2T2017,ill ask dr back plan course material available try downloadextract course information interested keeping record
\x353937653166343038316530376230396534303030306534,course-v1:GTx+ISYE6501x+2T2017,account discrepancy manually calculating final grade
\x353937616164393039626534316430393534303030303561,course-v1:GTx+ISYE6501x+2T2017,contact georgia tech oms analytics student service team able point form fill requesting credit isye credit come lettergrade count one two foundational course grade higher joel
\x353937613061343332326138666230373535303033343130,course-v1:GTx+ISYE6501x+2T2017,tell homework grade reflected progress explain problem bit detail
\x353937393337393961383437386330373936303033333734,course-v1:GTx+ISYE6501x+2T2017,move due date course project july st since peer reviewed peer need time review project grade shouldneed reference syllabus information due date time also actual page show due date time syllabus talking dr extend due date day resolve
\x353937393337303332326138666230373961303033333564,course-v1:GTx+ISYE6501x+2T2017,move due date course project july st since peer reviewed peer need time review project grade shouldneed reference syllabus information due date time also actual page show due date time syllabus talking dr extend due date day resolve
\x353937393336373831333035663130383662303033343365,course-v1:GTx+ISYE6501x+2T2017,handling final grade manually provide extra creditpoints appropriate
\x353937393330363061383437386330373636303033316438,course-v1:GTx+ISYE6501x+2T2017,talk dr think short extension project turn
\x353937383032633031333035663130383461303033333466,course-v1:GTx+ISYE6501x+2T2017,yes fine understand life important course folk also working think youre disinterested really committing put level time effort required serious course andor full degree show must interested joel
\x353937373835626231333035663130383566303033303761,course-v1:GTx+ISYE6501x+2T2017,email response u certainly fine skip homework priority especially since lowest homework grade dropped
\x353937366236366432326138666230373735303033326635,course-v1:GTx+ISYE6501x+2T2017,follow due date outlined course syllabus actual homework course page main content page show due date peer review due date actual
\x353937373832336231333035663130383563303033303037,course-v1:GTx+ISYE6501x+2T2017,might receive passing grade midterm quiz receive passing grade color affect final grade
\x353937366262666531333035663130383365303033323435,course-v1:GTx+ISYE6501x+2T2017,sure progress bar grey ill forward post edx contact
\x353937366262353331333035663130383566303033303039,course-v1:GTx+ISYE6501x+2T2017,sure happening since problem click show answer answer box
\x353937366261626332326138666230376139303033333633,course-v1:GTx+ISYE6501x+2T2017,assuming talking midterm quiz selected show answer worked showed second option answer
\x353937366261326632326138666230373961303033316362,course-v1:GTx+ISYE6501x+2T2017,issue partial credit option question set change fix issue working dr fix
\x353937366237336332326138666230373835303033326234,course-v1:GTx+ISYE6501x+2T2017,show spot reason filtering work discussion list view drop box look
\x353937366236653132326138666230373763303033313538,course-v1:GTx+ISYE6501x+2T2017,show spot reason filtering work
\x353937346431306231333035663130383731303033303533,course-v1:GTx+ISYE6501x+2T2017,yes course project homework due time july utc
\x353937363063316161383437386330373534303033306263,course-v1:GTx+ISYE6501x+2T2017,try resubmit tried reset attempt maybe let resubmit let u andor resubmit contact edx try figure problem patience
\x353937346430373531333035663130383734303032663235,course-v1:GTx+ISYE6501x+2T2017,good glad worked
\x353937346430363461383437386330373537303033313234,course-v1:GTx+ISYE6501x+2T2017,checking edx contact reset submission since even provide grade since submission recorded system mean time send submission homework course gmail address isye summer gmailcom
\x353937346366323661383437386330373666303033313036,course-v1:GTx+ISYE6501x+2T2017,transcript findnotice anymore let u
\x353937346365373761383437386330373534303033303235,course-v1:GTx+ISYE6501x+2T2017,question soon possible sorry delay
\x353937346265626232326138666230373964303033316236,course-v1:GTx+ISYE6501x+2T2017,wanted let transcript available let u issue
\x353936653262653332326138666230373961303032646430,course-v1:GTx+ISYE6501x+2T2017,jbzhang received email response let u receive
\x353936636338353932326138666230373865303032613165,course-v1:GTx+ISYE6501x+2T2017,actually applied omscs georgia tech online m degree computer science oms analytics told letter actually asks proof c background basically couldnt tell application whether sufficient background either provide evidence sufficient background background dont thats omscs dont outcome applied oms analytics havent seen application joel
\x353936623935356131333035663130383734303032623333,course-v1:GTx+ISYE6501x+2T2017,homework assignment lowest homework grade dropped
\x353936623935353232326138666230373732303032636332,course-v1:GTx+ISYE6501x+2T2017,homework assignment lowest homework grade dropped
\x353936623935313831333035663130383239303032616463,course-v1:GTx+ISYE6501x+2T2017,yes lowest homework grade dropped
\x353936623935303431333035663130383563303032613336,course-v1:GTx+ISYE6501x+2T2017,yes lowest homework grade dropped
\x353936616534393261383437386330373435303032633035,course-v1:GTx+ISYE6501x+2T2017,yes switch track elective course become available joel
\x353936616534303361383437386330373762303032616364,course-v1:GTx+ISYE6501x+2T2017,jianbing let discus offline email course gmail account talk joel
\x353936616533353332326138666230376139303032643861,course-v1:GTx+ISYE6501x+2T2017,looking mean time edited post remove gtid joel
\x353936616532343832326138666230376135303032393261,course-v1:GTx+ISYE6501x+2T2017,oops youre right homework mean drop lowest fixed pointing joel
\x353936616434663432326138666230373532303032623262,course-v1:GTx+ISYE6501x+2T2017,follow syllabus come due date course page edx reason showing final due date term peer review project must turned july th utc peer review due july st utc
\x353936616434333361383437386330373534303032626237,course-v1:GTx+ISYE6501x+2T2017,yes able fix thankfully
\x353936616433633731333035663130383539303032623339,course-v1:GTx+ISYE6501x+2T2017,yes available viewing dealing technical issue
\x353936616433323832326138666230373966303032613537,course-v1:GTx+ISYE6501x+2T2017,quiz result reopened technical issue resolved
\x353936616432396431333035663130383338303032613635,course-v1:GTx+ISYE6501x+2T2017,yes quiz solution available view
\x353936616431643432326138666230373631303032626662,course-v1:GTx+ISYE6501x+2T2017,course page update remind learner deadline extension quiz available since monday july th end day wednesday july th many announcement discussion board since learner posting question extension expect email update change discussion post apologize missing extension quiz ill share concern dr say
\x353936616164623832326138666230373832303032626665,course-v1:GTx+ISYE6501x+2T2017,ill check dr make sense homework assignment since equal lowest grade dropped bring total
\x353936616162376431333035663130383263303032626539,course-v1:GTx+ISYE6501x+2T2017,julio homework assignment syllabus whole time week material assignment released july th utc
\x353936366565666332326138666230373739303032613932,course-v1:GTx+ISYE6501x+2T2017,right share presentation ill check discussed earlier course sorry inconvenience
\x353936373636653831333035663130383536303032623239,course-v1:GTx+ISYE6501x+2T2017,still finalizing business analytics track course list course cover important analytics topic business eg marketing analytics operation analytics financial analytics etc might end reorganizing slightly differentnamed course joel
\x353936373636343661383437386330373861303032393562,course-v1:GTx+ISYE6501x+2T2017,depends rest application apply different name application system name registered course real name screen name darshue doesnt match anything application system joel
\x353936373634346232326138666230373631303032613462,course-v1:GTx+ISYE6501x+2T2017,sandeep thats easy one deal apply mention personal statement took course preparation joined xth homework assignment need look deeply homework assignment make admission decision well look one joined joel
\x353936366635303361383437386330373537303032616237,course-v1:GTx+ISYE6501x+2T2017,jamjar yes correct assumption since radio button question allowed pick one option full point pick best option runnerup option partial credit
\x353936366634373432326138666230373838303032613038,course-v1:GTx+ISYE6501x+2T2017,sharing gt staff doesnt notified video uploaded changed sometimes transcript get lost process really help pointed u well fixed soon possible
\x353936366633373131333035663130383263303032613437,course-v1:GTx+ISYE6501x+2T2017,feedback try use feature remainder course long helpful
\x353936366631613561383437386330373930303032616138,course-v1:GTx+ISYE6501x+2T2017,forwarding post dr imagine course listed online master website isye offered online available register accepted program study
\x353936366566616432326138666230373732303032613665,course-v1:GTx+ISYE6501x+2T2017,tyrobin forward email chainposts course gmail address difficult follow post email address isye summer gmailcom sure color column mean
\x353936366565613932326138666230373966303032386236,course-v1:GTx+ISYE6501x+2T2017,final exam format style midterm quiz cover material start course week final exam due
\x353936366565313731333035663130383437303032393630,course-v1:GTx+ISYE6501x+2T2017,believe easier provide project format guideline post update rather talking showing video suggest rest staff think dr already provided peer review guideline project remaining homework assignment pinned post guideline peer review remaining assignment separate thread project discussion course project
\x353936363566336431333035663130383362303032383034,course-v1:GTx+ISYE6501x+2T2017,forwarded post edx contact case help since gt staff control exam accepted guessing received grade midterm accepted hopefully resolve quickly let find soon
\x353936363236326161383437386330373666303032396666,course-v1:GTx+ISYE6501x+2T2017,agree think well probably something next run channel isnt officially tied course make official post crosspollenate write something think important put question concern come isnt resolved post help joel
\x353936353839323032326138666230373538303032386338,course-v1:GTx+ISYE6501x+2T2017,project peer graded
\x353936353838646232326138666230373637303032383333,course-v1:GTx+ISYE6501x+2T2017,receive grade homework complete peer review let u error sort
\x353936353835356232326138666230373865303032366638,course-v1:GTx+ISYE6501x+2T2017,letting u reach back edx team figure sorry inconvenience patience
\x353936353835323961383437386330373831303032376630,course-v1:GTx+ISYE6501x+2T2017,ticket submitted edx let hear back patience
\x353936353835303132326138666230373732303032393662,course-v1:GTx+ISYE6501x+2T2017,date final exam posted syllabus yes final comprehensive cover material course week final due final released july utc due july utc
\x353936353834653931333035663130383530303032393464,course-v1:GTx+ISYE6501x+2T2017,date final exam posted syllabus yes final comprehensive cover material course week final due final released july utc due july utc
\x353936353833663531333035663130383734303032383338,course-v1:GTx+ISYE6501x+2T2017,yes upload word doc pdf solution even use text box submit solution homework course page point also need complete peer review receive grade homework submission asking clarification
\x353936353764393331333035663130383236303032613537,course-v1:GTx+ISYE6501x+2T2017,yes consider either video posted onto site viewing live video learner ask question video posted
\x353936343132353431333035663130383434303032386235,course-v1:GTx+ISYE6501x+2T2017,post hopefully learn something
\x353936343132323632326138666230373535303032383864,course-v1:GTx+ISYE6501x+2T2017,sorry inconvenience purpose making deadline utc sunday everyone finish midterm quiz saturday night
\x353936343131623461383437386330373933303032383536,course-v1:GTx+ISYE6501x+2T2017,another problem occur receive peer review staff help audit learner grading issue unfortunately since audit learner apologize inconvenience appreciate understanding
\x353936343131336432326138666230373930303032376464,course-v1:GTx+ISYE6501x+2T2017,yes future run course fact available sign think
\x353936343131303661383437386330373564303032393438,course-v1:GTx+ISYE6501x+2T2017,provide power point time lecture sorry inconvenience hopefully future run course
\x353936343130336561383437386330373666303032386162,course-v1:GTx+ISYE6501x+2T2017,video updated reloaded various time course time available time video available though sometimes reloaded transcript file lost appreciate told transcript missing since lost reloading phase notice patience
\x353936343066646661383437386330373963303032376363,course-v1:GTx+ISYE6501x+2T2017,true staff help verified learner far correcting grade since audit learner point distribution homework released incorrectly fix fact may fixed edx team
\x353936343066343761383437386330373861303032373566,course-v1:GTx+ISYE6501x+2T2017,adding information course syllabus future run since found first time
\x353936343065653932326138666230373634303032616164,course-v1:GTx+ISYE6501x+2T2017,grade complete peer review process otherwise system release grade seeview
\x353936343065396532326138666230373763303032383336,course-v1:GTx+ISYE6501x+2T2017,dont need take quiz proctoring software audit learner
\x353936343062343332326138666230373930303032376439,course-v1:GTx+ISYE6501x+2T2017,try link also updated project page
\x353936343039303632326138666230376139303032396362,course-v1:GTx+ISYE6501x+2T2017,deadline right appearing course project screen misleading show project due july actually peer review deadline follow syllabus come actual deadline also click course project show deadline syllabus file submission box hour difference probably conversion utc edt
\x353936343038386131333035663130383236303032393639,course-v1:GTx+ISYE6501x+2T2017,probably provide detailed solution point sorry inconvenience
\x353936343038363731333035663130383530303032383532,course-v1:GTx+ISYE6501x+2T2017,powerpoint slide available course right maybe future run course able download video since youtube video right clicking downloading something
\x353936343038313832326138666230373835303032393334,course-v1:GTx+ISYE6501x+2T2017,proctoring doesnt apply audit learner pointed need proctoring taking exam course grade apply verified student trying certificate
\x353936343037373832326138666230373565303032346562,course-v1:GTx+ISYE6501x+2T2017,top response link working yay let u fact working let edx team fact fixed claim patience
\x353936343037363261383437386330373939303032383234,course-v1:GTx+ISYE6501x+2T2017,top response link working yay let u fact working let edx team fact fixed claim patience
\x353936343037343931333035663130383731303032376431,course-v1:GTx+ISYE6501x+2T2017,top response link working yay let u fact working let edx team fact fixed claim patience
\x353936343035613531333035663130383365303032393434,course-v1:GTx+ISYE6501x+2T2017,marcwech sure clarified post thought change point distribution quiz released unfortunately manually keep track grade midterm question partial credit received question referring exactly quiz considering giving learner completed midterm quiz time extra credit well
\x353936336135643931333035663130383265303032373039,course-v1:GTx+ISYE6501x+2T2017,certainly try aoe approach next time since edx doesnt currently support anything utc still might cause confusion learner generally familiar aoe utc perhaps confusion less weve far suggestion joel
\x353936336135306431333035663130383263303032383263,course-v1:GTx+ISYE6501x+2T2017,first time using edx platform one six ta ever used there definitely learning curve joel
\x353936333963383631333035663130383437303032373465,course-v1:GTx+ISYE6501x+2T2017,everyone ive posted everyone missed due ampm confusion due date utc thursday july translates eastern time thursday july ie late wednesday night pm pacific time wednesday july dont miss joel
\x353936333939363131333035663130383434303032383466,course-v1:GTx+ISYE6501x+2T2017,general answer probably natural science elective closest come right oms analytics program cse big data healthcare doesnt sound youre really asking eg course cover computational phenotyping genomics isye bayesian statistic also cover little medicalrelated application probably exactly youre looking joel
\x353936333031383632326138666230373735303032383965,course-v1:GTx+ISYE6501x+2T2017,submitted answer change even realize made mistake right afterward since system accepts one attempt keep people trying every combination answer find right one revealing answer post reset button work press submit button press submit button answer submit taken final answer since submit per question sure change anything bring dr think
\x353936333030633861383437386330373864303032376532,course-v1:GTx+ISYE6501x+2T2017,dont think need worry much since quiz flagged system reviewed human dr final say case letting u
\x353936333030363561383437386330373534303032373733,course-v1:GTx+ISYE6501x+2T2017,forwarding post dr back say patience
\x353936333030333232326138666230373966303032363563,course-v1:GTx+ISYE6501x+2T2017,forwarded post dr back say patience
\x353936326666636661383437386330373531303032373538,course-v1:GTx+ISYE6501x+2T2017,pointing checking dr edx contact sure intended back find
\x353936326666373561383437386330373930303032383433,course-v1:GTx+ISYE6501x+2T2017,video available patience video getting updated reloaded
\x353936326666346531333035663130383334303032363230,course-v1:GTx+ISYE6501x+2T2017,video available patience video getting updated reloaded
\x353936326666313261383437386330373537303032383361,course-v1:GTx+ISYE6501x+2T2017,also need contact edx help since question special type question allow u easily check submission savedused patience
\x353936326665373432326138666230373732303032376531,course-v1:GTx+ISYE6501x+2T2017,assignment week similar style current week assignment
\x353936326664353561383437386330373933303032376261,course-v1:GTx+ISYE6501x+2T2017,suppose take midterm makeup midterm edx system record midterm follows since take make midterm dropped lowest grade also applies learner missed midterm took make midterm midterm grade dropped lowest
\x353936326662633661383437386330373462303032373362,course-v1:GTx+ISYE6501x+2T2017,also original purpose sunday day utc deadline everyone mostall saturday night day finish assignment make assignment due middle daynight
\x353936326662343331333035663130383530303032376431,course-v1:GTx+ISYE6501x+2T2017,gt online course referring reference
\x353936326662306132326138666230373865303032353939,course-v1:GTx+ISYE6501x+2T2017,either need dr advice permission make change due date even add hour suggested probably still problem due date also original purpose sunday day utc deadline everyone mostall saturday day night finish assignment make assignment due middle daynight
\x353936326462323561383437386330373636303032366138,course-v1:GTx+ISYE6501x+2T2017,yes thats correct time worked particular power company smart meter area handled set worker specific team referred company wanted make best use team also wanted whether people hired team joel
\x353935643161616361383437386330373639303032333862,course-v1:GTx+ISYE6501x+2T2017,speaking learned quiz already extended day july th holiday day complete quiz compared day quiz also edx system probably let u extended deadline since exam already released taking consideration extend deadline quiz good luck
\x353935643136323332326138666230373634303032366566,course-v1:GTx+ISYE6501x+2T2017,explain traveling couldnt peer review june utc june utc
\x353935643135646332326138666230373763303032346466,course-v1:GTx+ISYE6501x+2T2017,checking dr changing quiz deadline
\x353935643439393031333035663130383233303032343361,course-v1:GTx+ISYE6501x+2T2017,dont worry writing lp file extraneous step dont need another learner problem function well different post lp file format mostly useful formatting optimization problem different file format read optimization software glpk cplex let u issue removing expression
\x353935643134363632326138666230373838303032343838,course-v1:GTx+ISYE6501x+2T2017,changed score think tried update quiz posted closed may applied edx system issue changing setting assignment assessment released
\x353935636661666531333035663130383737303032333863,course-v1:GTx+ISYE6501x+2T2017,kull feedback homework submission good look good approach dont elastic net lasso think might needed term output deduct look right factorial testing used lot marketing look correct look good
\x353935633634346231333035663130383233303032336331,course-v1:GTx+ISYE6501x+2T2017,asked dr look well since might access proctored exam video
\x353935633366643432326138666230373964303032353165,course-v1:GTx+ISYE6501x+2T2017,office hour video located programming office hour video office hour video office hour recording
\x353935633365656531333035663130383632303032333761,course-v1:GTx+ISYE6501x+2T2017,sorry hear feel free share tried try troubleshoot best also looked blending problem example link homework course page might also help setting code since take process step step
\x353935633365346132326138666230373964303032353164,course-v1:GTx+ISYE6501x+2T2017,also tried browser
\x353935383632383932326138666230376139303032336439,course-v1:GTx+ISYE6501x+2T2017,video working doesnt transcript reloaded notified edx contact transcript added soon patience
\x353935613933353531333035663130383539303032326466,course-v1:GTx+ISYE6501x+2T2017,xchiron possible multiple solution result cholesterol value found solution different dr still cholesterol one thing try make model put dried chrysanthemum garland raw beluga whale flipper freezedried parsley solution setting corresponding binary variable happens
\x353935393932623331333035663130383665303032326238,course-v1:GTx+ISYE6501x+2T2017,think first try pip install pulp pip install pulp may need install pip since latest version python installed think fine might need python setuppy install python setuppy install instead
\x353935393931366132326138666230373631303032323934,course-v1:GTx+ISYE6501x+2T2017,xchiron dr confirmed said maximize instead minimize good catch
\x353935393562336631333035663130383563303032313837,course-v1:GTx+ISYE6501x+2T2017,unfortunately still heard back edx contact help u update kind let everyone find hear back patience
\x353935393538363761383437386330373564303032336333,course-v1:GTx+ISYE6501x+2T2017,unfortunately reopen peer review deadline passed warned people early receive grade homework missdo complete peer review adequate excuse traveling work spotty internet connection peer review document open properly andor sudden illness death family also lowest homework grade get dropped homework count sorry inconvenience understanding
\x353935393334313561383437386330373462303032323365,course-v1:GTx+ISYE6501x+2T2017,try execute use terminalcommand prompt navigate relevant directory setuppy type python setuppy
\x353935383633386632326138666230373637303032313861,course-v1:GTx+ISYE6501x+2T2017,rodneyparker office hour thursday friday posted available view although recent post friday session available arf format right soon updated mp format well
\x353935383632393932326138666230373631303032323132,course-v1:GTx+ISYE6501x+2T2017,video working doesnt transcript reloaded notified edx contact transcript added soon patience
\x353935383632393261383437386330373531303032323134,course-v1:GTx+ISYE6501x+2T2017,video working doesnt transcript reloaded notified edx contact transcript added soon patience
\x353935383632343032326138666230373634303032343363,course-v1:GTx+ISYE6501x+2T2017,unclear issue snippet code unfortunately valueerror occur constraint line listing problem refer variable dictionary differently first line code second line code list foodvars key set based first line code constraint need xi foodvars unless foodvars least think problem hope help let u still issue
\x353935383561666632326138666230373631303032323131,course-v1:GTx+ISYE6501x+2T2017,xchiron may mistake transcript right trying minimize sum written slide dr say recording since distancemargin represented sum contact dr clarify back
\x353935383538373332326138666230373934303032306632,course-v1:GTx+ISYE6501x+2T2017,pointing contacted edx contact issue hopefully fixed soon
\x353935376531306631333035663130383665303032316564,course-v1:GTx+ISYE6501x+2T2017,glad work wondering defining variable hard tell
\x353935376434633731333035663130383362303032306536,course-v1:GTx+ISYE6501x+2T2017,issue tried fix directly still fixed sure informed edx staff issue told u engineering team something heard anything since apologize inconvenience patience
\x353935376366346632326138666230373832303032323364,course-v1:GTx+ISYE6501x+2T2017,yes one sheet handwritten note front back quiz final
\x353935376366326261383437386330373663303032306165,course-v1:GTx+ISYE6501x+2T2017,think problem outlined say dkey return item key key raise keyerror key map sound using xi appropriate key might need use xx make proper call also another reference working list set dictonaries hopefully help section may easier make list use xi reference change key dictonary
\x353935376338336231333035663130383530303032323434,course-v1:GTx+ISYE6501x+2T2017,incorporate constraint model end one model constraint
\x353935376337623531333035663130383530303032323433,course-v1:GTx+ISYE6501x+2T2017,notified edx contact video available waiting fixed pointing
\x353935376337393861383437386330373933303032323164,course-v1:GTx+ISYE6501x+2T2017,notified edx contact video available waiting fixed pointing
\x353935376337346661383437386330373930303032323761,course-v1:GTx+ISYE6501x+2T2017,johngiglio looked homework grade one let u still final grade homework
\x353935366139613831333035663130383331303032313965,course-v1:GTx+ISYE6501x+2T2017,dr said reply excel wed experience something larger excel limited variable believe
\x353935363630363632326138666230373538303032313161,course-v1:GTx+ISYE6501x+2T2017,refer website available online master degree georgia tech need contact business school georgia tech planning offering online mba link mba georgia tech information
\x353935363566353431333035663130383638303032333064,course-v1:GTx+ISYE6501x+2T2017,last time checked available contact edx partner happened catching
\x353935363565653631333035663130383734303032306361,course-v1:GTx+ISYE6501x+2T2017,tell u specifically link working set link arf mp mp link allow view video browser even unable reason download link also working fine
\x353935363564633132326138666230373930303032306663,course-v1:GTx+ISYE6501x+2T2017,become available sometime today converted mp file
\x353935353862633331333035663130383539303032303861,course-v1:GTx+ISYE6501x+2T2017,really strange since video work tried different browser currently using google chrome working fine
\x353935353862326232326138666230373763303032313265,course-v1:GTx+ISYE6501x+2T2017,dougtrent bring broken link dr update link accordingly pointing also week homework topic discussion board
\x353935333262353431333035663130383632303031663162,course-v1:GTx+ISYE6501x+2T2017,able play video without issue still issue video
\x353935333261376661383437386330373633303031663230,course-v1:GTx+ISYE6501x+2T2017,also look post one ta reported getting arena work window computer cant arena run discussion posted day ago aaronkswanson
\x353935343137636361383437386330373564303032313036,course-v1:GTx+ISYE6501x+2T2017,confirmed dr graph mislabeled horizontal axis sample vertical axis sample sorry question patience
\x353935333237373731333035663130383265303031653763,course-v1:GTx+ISYE6501x+2T2017,processing checking dr say situation expect grade though since extended peer review process since earlier semester clearly stated early complete peer review deadline receive grade simply work busy seem good enough reason able complete least peer review patience
\x353935333139356132326138666230373835303032303032,course-v1:GTx+ISYE6501x+2T2017,future reference due date posted syllabus peer review monday utc peer review actually due later mistake part system working issue youll change grade result decide understanding patience
\x353935333139316161383437386330373666303031666637,course-v1:GTx+ISYE6501x+2T2017,prefer optimization problem python since robust excel solver asking dr opinion back
\x353935333138353961383437386330373734303031663562,course-v1:GTx+ISYE6501x+2T2017,scpermar future reference due date posted syllabus peer review monday utc peer review actually due day later mistake part system working joel issue youll change grade result decide understanding patience
\x353935313762353661383437386330373639303031646235,course-v1:GTx+ISYE6501x+2T2017,reaching dr handle situation
\x353935313762333261383437386330373630303031653366,course-v1:GTx+ISYE6501x+2T2017,drewowen grade homework learner resolved end today resolved tomorrow patience
\x353935313762303831333035663130383530303031653864,course-v1:GTx+ISYE6501x+2T2017,reaching dr handle
\x353935313761356531333035663130383530303031653863,course-v1:GTx+ISYE6501x+2T2017,refer email response course gmail account
\x353935313664336631333035663130383665303031653664,course-v1:GTx+ISYE6501x+2T2017,narayananrajan need drop delay type select expression allow indicate use expomean need replace mean mean service time value
\x353935313630643031333035663130383737303031646164,course-v1:GTx+ISYE6501x+2T2017,dougtrent file uploaded homework
\x353935303638356431333035663130383464303031653163,course-v1:GTx+ISYE6501x+2T2017,contacted professor add file ill let file uploaded pointing well
\x353935303566633761383437386330373537303031653735,course-v1:GTx+ISYE6501x+2T2017,dougtrent correct answer updated correct answer pointing
\x353934663030653131333035663130383331303031643464,course-v1:GTx+ISYE6501x+2T2017,meera scaling standardizing lecture video dr discusses standardization help measure difference data point mean scaling used bound data point within range standardization guarantee actually refers scaling standard normal distribution point video well talk standardizing also standardize data set distribution using appropriate transformation clarify dr definition normalization want familiar
\x353934653766666461383437386330373831303031633533,course-v1:GTx+ISYE6501x+2T2017,yes agree monojits comment create resource represents number tsa agent capacity property need assign process seize delay release mean process block seize available tsa agent resource pool delay entitypassenger amount time served seized agent passenger finished processing delayed agent released back resource pool used
\x353934653738646361383437386330373864303031643438,course-v1:GTx+ISYE6501x+2T2017,clana complete peer assessment staff grade homework file send course gmail isye summer gmailcom uncorrupted version grade
\x353934616534623632326138666230373862303031633263,course-v1:GTx+ISYE6501x+2T2017,julio link homework course page called arena tutorial video click able view tutorial video arena gtxisye courseware bdd ed bf agtx bisye btype sequential bblock
\x353934396462363561383437386330373861303031613163,course-v1:GTx+ISYE6501x+2T2017,certainly understand concern working find best solve problem even mean manually track grade really give edx list people deserve certificate even autogradebook doesnt say mean dont status still trying find better solution within edx system apologize try patient work little longer joel
\x353934393432353632326138666230373634303031626264,course-v1:GTx+ISYE6501x+2T2017,week material sure available viewed still problem let u
\x353934366263666631333035663130383737303031383733,course-v1:GTx+ISYE6501x+2T2017,julio still waiting video render patience
\x353934363763323632326138666230373966303031376237,course-v1:GTx+ISYE6501x+2T2017,jakebx give chance resubmit id card photo learner issue id card photo resubmit one deadline also previous post dr explained potential problem exam flagged human get final say happens exam still receive grade midterm quiz extension
\x353934356163663631333035663130383665303031383530,course-v1:GTx+ISYE6501x+2T2017,qq plot lecturevideo available week lecture module lecture
\x353934356163376261383437386330373762303031376264,course-v1:GTx+ISYE6501x+2T2017,qq plot lecturevideo available week lecture module lecture
\x353934353865363661383437386330373438303031383139,course-v1:GTx+ISYE6501x+2T2017,figured issue unfortunately fix homework wrong point distribution fixed homework onward part edx system discovered change point distribution homework postedmade available case homework patience understanding
\x353934353863316432326138666230373664303031396637,course-v1:GTx+ISYE6501x+2T2017,edx support sent ticket developer team heard back yet patience
\x353934353863316132326138666230373631303031383465,course-v1:GTx+ISYE6501x+2T2017,edx support sent ticket developer team heard back yet patience
\x353934353863313361383437386330373639303031376633,course-v1:GTx+ISYE6501x+2T2017,edx support sent ticket developer team heard back yet patience
\x353934353862643861383437386330373831303031376431,course-v1:GTx+ISYE6501x+2T2017,daniel working trying host early next week detail become available figure day time patience
\x353934353732636531333035663130383539303031376666,course-v1:GTx+ISYE6501x+2T2017,bit confused issue able provide another photo id think midterm quiz grade showing learner completed due date
\x353934353732343961383437386330373438303031383063,course-v1:GTx+ISYE6501x+2T2017,sarrahaider took first midterm quiz grade take extension midterm quiz since already grade missed midterm quiz deadline incorrect due date information syllabus software issue resolved first midterm quiz deadline retake midterm quiz extension midterm quiz hope make sense refer dr post earlier extension midterm quiz information
\x353934353662376632326138666230373964303031393136,course-v1:GTx+ISYE6501x+2T2017,still issue refer error help page ciscowebex website link task cb db ed ffe aafd
\x353934326334306231333035663130383236303031373836,course-v1:GTx+ISYE6501x+2T2017,extension deadline passed rerelease original midterm quiz grade anything solution midterm showing site right hopefully available long enough anyone use since either revealed completed midterm
\x353934326333373161383437386330373534303031366131,course-v1:GTx+ISYE6501x+2T2017,extension deadline passed rerelease original midterm quiz grade anything
\x353934326131663031333035663130383530303031366364,course-v1:GTx+ISYE6501x+2T2017,retake extension midterm quiz extension midterm quiz learner difficulty software andor following incorrect due date posted syllabus correct
\x353934326131353032326138666230373765303031366335,course-v1:GTx+ISYE6501x+2T2017,accept computer written note take advantage smaller font filling space page might use magnify glass read printed note often many class course well least personal experience
\x353934326130373932326138666230373739303031366534,course-v1:GTx+ISYE6501x+2T2017,homework solution posted
\x353934323866366261383437386330373930303031373066,course-v1:GTx+ISYE6501x+2T2017,yearold understand correct whoever review webcam feed situation joel
\x353934323865643932326138666230373631303031366238,course-v1:GTx+ISYE6501x+2T2017,believe quiz extension section joel
\x353934316664653432326138666230373634303031376533,course-v1:GTx+ISYE6501x+2T2017,trying figure issue question let everyone figured patience
\x353934316664393561383437386330373837303031363033,course-v1:GTx+ISYE6501x+2T2017,post dr trying work solution difficulty edx doesnt allow u edit due date posted might remember encountered issue first homework cant reopen quiz let suspect post thing try disseminate answer one joel
\x353934316664386161383437386330373564303031366562,course-v1:GTx+ISYE6501x+2T2017,post dr trying work solution difficulty edx doesnt allow u edit due date posted might remember encountered issue first homework cant reopen quiz let suspect post thing try disseminate answer one joel
\x353934316664383032326138666230373562303031366636,course-v1:GTx+ISYE6501x+2T2017,post dr trying work solution difficulty edx doesnt allow u edit due date posted might remember encountered issue first homework cant reopen quiz let suspect post thing try disseminate answer one joel
\x353934316664333632326138666230373532303031356362,course-v1:GTx+ISYE6501x+2T2017,email address isye xgatechedu working use isye summer gmailcom indicate email need forwarded dr
\x353934316663363561383437386330373732303031363765,course-v1:GTx+ISYE6501x+2T2017,trying work solution difficulty edx doesnt allow u edit due date posted might remember encountered issue first homework cant reopen quiz let suspect post thing try disseminate answer one joel
\x353934316636373931333035663130383533303031363038,course-v1:GTx+ISYE6501x+2T2017,yep unfortunately seen many people missed deadline inconsistency syllabus decided done yet let soon made decision
\x353934316635653431333035663130383338303031356366,course-v1:GTx+ISYE6501x+2T2017,trying figure issue question let everyone figured patience
\x353934316635616431333035663130383338303031356365,course-v1:GTx+ISYE6501x+2T2017,seen many people missed deadline inconsistency syllabus decided done yet let soon made decision
\x353934316635393032326138666230373930303031363730,course-v1:GTx+ISYE6501x+2T2017,definitely many people missed deadline inconsistency syllabus decided done yet let soon made decision
\x353934316133653031333035663130383434303031363339,course-v1:GTx+ISYE6501x+2T2017,response copied earlier post similar situation joel anything get flagged automated system reviewed human last review dont need worry joel
\x353934316132636331333035663130383737303031356535,course-v1:GTx+ISYE6501x+2T2017,believe call read convert original response variable course need include appropriate call include cause cause formatting issue datav datav datav datav glmv datadata logit
\x353934313966646431333035663130383236303031366339,course-v1:GTx+ISYE6501x+2T2017,provide list specific lecture video referring one reading link say provide video link reading
\x353934313938343761383437386330373930303031363862,course-v1:GTx+ISYE6501x+2T2017,talking lecture video
\x353934303834636261383437386330373834303031356639,course-v1:GTx+ISYE6501x+2T2017,pointing correct syllabus table end syllabus edx system correct time pointing
\x353934303833643061383437386330373834303031356637,course-v1:GTx+ISYE6501x+2T2017,statistic due date midterm quiz pass consult dr whether post midterm quiz statistic
\x353934303831653232326138666230373562303031356633,course-v1:GTx+ISYE6501x+2T2017,kull given software work written note sheet paper easier keep track computer note edx proctoring system sorry inconvenience patience
\x353933666637346331333035663130383665303031353030,course-v1:GTx+ISYE6501x+2T2017,anything get flagged automated system reviewed human last review dont need worry joel
\x353933663331353761383437386330373963303031343734,course-v1:GTx+ISYE6501x+2T2017,realized made mistake assigning point homework assignment trying edx partner fix point patience
\x353933663331353131333035663130383530303031346334,course-v1:GTx+ISYE6501x+2T2017,realized made mistake assigning point homework assignment trying edx partner fix point patience
\x353933643939386231333035663130383635303031336137,course-v1:GTx+ISYE6501x+2T2017,bostontarheel able view quiz result due date june th utc
\x353933643939333961383437386330373765303031333036,course-v1:GTx+ISYE6501x+2T2017,getting coefficient original component approach using sound right exact call using calculate coefficient original component calculating crime rate value
\x353933636231373532326138666230373763303031333836,course-v1:GTx+ISYE6501x+2T2017,contact edx contact confusion grading
\x353933636231346531333035663130383563303031326135,course-v1:GTx+ISYE6501x+2T2017,email submission isye summer gmailcom graded easier u github appreciate
\x353933636231323961383437386330373765303031326132,course-v1:GTx+ISYE6501x+2T2017,email submission isye summer gmailcom graded
\x353933636231303832326138666230373664303031353063,course-v1:GTx+ISYE6501x+2T2017,post homework submission issue grading error
\x353933636230383761383437386330373939303031333733,course-v1:GTx+ISYE6501x+2T2017,final grade sorry delay bit difficult figure learner grade dont without told learner really sure happened post post visible verified
\x353933636166366532326138666230373532303031326465,course-v1:GTx+ISYE6501x+2T2017,understand anxiety related delayed homework grade unfortunately learn causing grading issue figure take care grade also issue better handle problem future patience understanding
\x353933636165653761383437386330373864303031333835,course-v1:GTx+ISYE6501x+2T2017,send homework submission filesissues isye summer gmailcom considered regrading
\x353933636163626532326138666230373763303031333835,course-v1:GTx+ISYE6501x+2T2017,problem grading peer review actually completing peer review enough learner complete peer review affect learner grade since grade peer reviewed even complete peer review receive review receive grade might try somehow learner review make
\x353933636162626532326138666230373565303031316466,course-v1:GTx+ISYE6501x+2T2017,response received information found proctoring learner complete proctored exam either submitting answer time expires exam proctoring session data uploaded third party proctoring service provider think need upload anything hope help maybe learner give advice well
\x353933633862613932326138666230373832303031333239,course-v1:GTx+ISYE6501x+2T2017,looking edx contact since weekend may able back monday soonest
\x353933633739323231333035663130383239303031326431,course-v1:GTx+ISYE6501x+2T2017,able host rescheduled office hour tonight either planning hosting office hour tonight sunday june th pm est monitoring discussion board weekend always ask question discussion board best answer soon possible understanding sorry inconvenience nice weekend
\x353933633737396631333035663130383563303031323835,course-v1:GTx+ISYE6501x+2T2017,still issue unfortunately since weekend might solution edx monday soonest still issue respond forward issue edx contact help
\x353933633438373232326138666230373535303031333965,course-v1:GTx+ISYE6501x+2T2017,believe need use another computer window operating system link system requirement running proctoring software edx
\x353933633438303461383437386330373834303031333964,course-v1:GTx+ISYE6501x+2T2017,unfortunately hold office hour last night made post called office hour cancelled tonight potentially rescheduled saturday june th pm est announcing potentially hosting rescheduled office hour tonight saturday june th pm est patience
\x353933613961616561383437386330373531303031323236,course-v1:GTx+ISYE6501x+2T2017,sorry feel believe said time verified learner access ta faculty maybe shouldve said explicitly implication audit learner apologize joel
\x353933383133316361383437386330373534303031313263,course-v1:GTx+ISYE6501x+2T2017,nathanhall think need borrow computer exam since supported operating system window mac
\x353933393565373931333035663130383635303031316237,course-v1:GTx+ISYE6501x+2T2017,understand mean number observation particular day dataset working daily summer temperature year use said day yearly data produce forecast trend daily summer temperature per year
\x353933393562633861383437386330373537303031316661,course-v1:GTx+ISYE6501x+2T2017,week homework solution available solution general available viewing thursday est
\x353933383235666131333035663130383239303031303936,course-v1:GTx+ISYE6501x+2T2017,youre correct thats typo xti ill ask fixed video catch joel
\x353933373731663661383437386330373930303031306434,course-v1:GTx+ISYE6501x+2T2017,recitation video monday june th posted office hour video tonight tuesday june th posted tomorrow wednesday june th since take time video render make available patience
\x353933373731623861383437386330373666303031306437,course-v1:GTx+ISYE6501x+2T2017,recitation video monday june th posted office hour video tonight tuesday june th posted tomorrow wednesday june th since take time video render make available patience
\x353933366536396161383437386330373636303031303033,course-v1:GTx+ISYE6501x+2T2017,due date peer assessment changed day thursday monday day complete peer assessment check syllabus update manually grade homework grade unaware issue cause learner miss peer review receive peer review due circumstance included regrading hopefully extra day complete peer assessment help future assessment
\x353933366532326531333035663130383632303030666536,course-v1:GTx+ISYE6501x+2T2017,jvizueta working professor deal moving forward homework homework give manual grade figure grade assignment since found issue edx system planning make announcement later peer review work time soon patience
\x353933366530363232326138666230373934303030663936,course-v1:GTx+ISYE6501x+2T2017,jviqueta completing peer assessment keep receiving final grade recently found edx contact making announcement soon explain learner
\x353933356431386231333035663130383638303030666331,course-v1:GTx+ISYE6501x+2T2017,tempstxt file file path giving need headertrue rr studio change directory code tempstxt file using getwd directory use setwddir dir folder path tempstxt file located change current directory
\x353933356362326331333035663130383265303030663538,course-v1:GTx+ISYE6501x+2T2017,darshue able find recitation video office hour video course content page recitation office hour video recitation video recitation recording recitation office hour video office hour video office hour recording
\x353933356361363731333035663130383334303030663133,course-v1:GTx+ISYE6501x+2T2017,darshue able find recitation office hour video course content page outline office hour recitation recording outline office hour office hour office hour recording
\x353933356330663061383437386330373438303030663730,course-v1:GTx+ISYE6501x+2T2017,sure look course week material take quiz wherever happen using proctoring system link top sample quiz question
\x353933356139663132326138666230373661303030656362,course-v1:GTx+ISYE6501x+2T2017,seems need set frequency instead hope help also time series data look weather header true weatherts tsweather frequency since need exclude day column
\x353933356139363832326138666230373961303030663963,course-v1:GTx+ISYE6501x+2T2017,carlos trying daily average temperature time series need sept frequency
\x353933356138323832326138666230373666303030656437,course-v1:GTx+ISYE6501x+2T2017,carlos trying daily average temperature time series need sept frequency
\x353933356133663831333035663130383563303030656563,course-v1:GTx+ISYE6501x+2T2017,qq plot lesson become available next week
\x353933356133356561383437386330373636303030663366,course-v1:GTx+ISYE6501x+2T2017,tsweather frequency automatically issue call weather data input need specify weather exclude day column use call
\x353933353766306461383437386330373630303030663363,course-v1:GTx+ISYE6501x+2T2017,convert tempstxt data time series need weather header true weatherts tsweather frequency
\x353933353766303231333035663130383536303030666161,course-v1:GTx+ISYE6501x+2T2017,convert tempstxt data time series need weather header true tsweather frequency exclude day column creating time series dataset
\x353933346431613561383437386330373564303030656465,course-v1:GTx+ISYE6501x+2T2017,youre right sorry accidentally used two different notation two lesson translation one correct definition epsilon xhat minus also correct shown lesson reason showing form arima demonstrate similar form garch case fault apologize called xhat model estimate time joel
\x353933346338386131333035663130383563303030653664,course-v1:GTx+ISYE6501x+2T2017,brianbeggs look need add headertrue readtable function maybe try plot function included dataurl httpsd djvu bdfe assetv gtxisye weatherdata headertrue weatherdata plotweatherdata weatherdata main pasteaverage daily temperature atlanta sep xlabday ylabtemperature pch plot daily temp
\x353933346262383131333035663130383263303030656662,course-v1:GTx+ISYE6501x+2T2017,brianalexander comment dr two objective one learn holtwinters second think modeling holtwinters used help answer question end summer there single correct answer learner thinking model used nonobvious way learner idea using trend might good approach seasonal factor also might helpful
\x353933346262346232326138666230373732303030656632,course-v1:GTx+ISYE6501x+2T2017,meera sample quiz available releasing practice soon midterm june th
\x353933346238323632326138666230373532303030653761,course-v1:GTx+ISYE6501x+2T2017,fixed correction shown share u pointing
\x353933346238303632326138666230373832303030653863,course-v1:GTx+ISYE6501x+2T2017,close verified learner audit learner
\x353933346235353532326138666230373565303030646465,course-v1:GTx+ISYE6501x+2T2017,jamjar good point try unpin pinned post help finding new post topic option easier
\x353933346235316161383437386330373531303030656162,course-v1:GTx+ISYE6501x+2T2017,trying figure uploading file submission edx system also figure learner failed uploads provide u document grade since provide multiple submission homework assignment edx patience let everyone submit homework file feedback given failed submission system peer difficulty grading assignment
\x353933346230363931333035663130383265303030656163,course-v1:GTx+ISYE6501x+2T2017,trying figure uploading file submission edx system also figure learner failed uploads provide u document grade since provide multiple submission homework assignment edx patience let everyone submit homework file feedback given failed submission system peer difficulty grading assignment
\x353933343066366531333035663130383265303030653461,course-v1:GTx+ISYE6501x+2T2017,pam unfortunately since deadline long past sure help fix problem reaching edx contact anything since multiple file upload issue patience
\x353933343063616561383437386330373630303030653639,course-v1:GTx+ISYE6501x+2T2017,sereronnrot noticed couple learner problem trying figure issue patience
\x353933343063303432326138666230373565303030643831,course-v1:GTx+ISYE6501x+2T2017,johngiglio discussion topic week created available post
\x353933343038636232326138666230373765303030653561,course-v1:GTx+ISYE6501x+2T2017,noted idusername list learner help grading future homework grading issue discussion board post post homework assignment
\x353933343036633232326138666230373838303030653564,course-v1:GTx+ISYE6501x+2T2017,wflorez understand edx system doesnt matter peer review learner complete since incomplete review keep peer learner learner reviewed receiving grade
\x353933333735383932326138666230373565303030643433,course-v1:GTx+ISYE6501x+2T2017,littly talked making slide available still ironing bug probably slide semester another option copy paste text transcript window next video text editor andor taking screenshots video set slide realize probably inconvenience best solution offer moment since unable offer slidesnotes best georgia tech edx team
\x353933333733346432326138666230373562303030653933,course-v1:GTx+ISYE6501x+2T2017,datasets available share moment trying figure access datasets share able gain access best georgia tech edx team
\x353933333635666431333035663130383362303030646363,course-v1:GTx+ISYE6501x+2T2017,looking issue edx contact let everyone figure issue patience
\x353933326261316261383437386330373435303030646635,course-v1:GTx+ISYE6501x+2T2017,pacheco recording june st posted
\x353933326238363761383437386330373864303030646630,course-v1:GTx+ISYE6501x+2T2017,klcrasta pinned post general guideline submitting homework assignment homework submission course pdf file described good submission seems experience learner submitting code either separate file since upload multiple file pdf file expected peer assessor yes right page restriction hope help
\x353933316264613931333035663130383731303030643430,course-v1:GTx+ISYE6501x+2T2017,drewowen unable extend peer assessment homework try extend peer assessment future homework apologize inconvenience think grading homework submission people missed peer review receive peer review checking dr patience
\x353933316238353232326138666230373562303030646136,course-v1:GTx+ISYE6501x+2T2017,tmlf checked profile information email address list receive email future webex invitation recitation office hour session let u receive tonight invite
\x353933313762386561383437386330373963303030636634,course-v1:GTx+ISYE6501x+2T2017,gtg trying come solution issue patience sorry system problem
\x353933313738633361383437386330373765303030636336,course-v1:GTx+ISYE6501x+2T2017,yes discussion section week homework topic uploaded available post
\x353933313738396261383437386330373564303030643339,course-v1:GTx+ISYE6501x+2T2017,yes office hour come webex invitation manner recitation
\x353933313735336632326138666230373865303030636438,course-v1:GTx+ISYE6501x+2T2017,look system homework submission available available peer review either unfortunately receive credit homework since system homework submission
\x353933313731646331333035663130383665303030636665,course-v1:GTx+ISYE6501x+2T2017,juliomeza email address list received invite receive future invite let u receive webex invite office hour tonight try help resolve issue
\x353933313731643461383437386330373933303030643238,course-v1:GTx+ISYE6501x+2T2017,xchiron email address list received invite receive future invite let u receive webex invite office hour tonight try help resolve issue
\x353933313731633831333035663130383331303030643365,course-v1:GTx+ISYE6501x+2T2017,email address list received invite receive future invite let u receive webex invite office hour tonight try help resolve issue
\x353933313666393932326138666230373664303030653439,course-v1:GTx+ISYE6501x+2T2017,carlos still receive invite recitation email address list received invitation last night pm estedt email address provided working might receive invitation let u receive invitation office hour held tonight apologize inconvenience hope help resolve issue
\x353933313661393632326138666230373562303030643737,course-v1:GTx+ISYE6501x+2T2017,pacheco office hour held pm estedt today friday june nd also post called recitation office hour schedule rest course contains detail office hour recitation
\x353933306532613431333035663130383731303030636235,course-v1:GTx+ISYE6501x+2T2017,juliomeza find link recording course page outline recitation office hour video recitation video recitation recording
\x353933306532333261383437386330373438303030636639,course-v1:GTx+ISYE6501x+2T2017,held time week receive email invite join meeting time
\x353933306133353131333035663130383431303030633761,course-v1:GTx+ISYE6501x+2T2017,updated verified learner list send webex invite current verified learner receive invite reply post anonymous check user id current list able help review response ta office hour work post response review best georgia tech edx team
\x353933303162333132326138666230373535303030633764,course-v1:GTx+ISYE6501x+2T2017,serjesh still working edx staff figure happening happens peer complete peer assessment homework patience
\x353933303135623931333035663130383566303030633862,course-v1:GTx+ISYE6501x+2T2017,nathano still trying figure edx staff hopefully answer today patience
\x353933303132623561383437386330373438303030633636,course-v1:GTx+ISYE6501x+2T2017,necessary download studio helpful download difference two basic interface studio refined interface may easier use either one used complete homework question involving hope help best georgia tech edx team
\x353933303131646161383437386330373435303030633535,course-v1:GTx+ISYE6501x+2T2017,saad install latest version latest one operating system window site follow appropriate link download whichever version operating system hope help best georgia tech edx team
\x353933303038666232326138666230373765303030633330,course-v1:GTx+ISYE6501x+2T2017,patrickchou yes week solution posted released viewing patience
\x353932663138613032326138666230373562303030626532,course-v1:GTx+ISYE6501x+2T2017,dparrott fixed might need refresh edx app using phone let u still problem best georgia tech edx team
\x353932643864613332326138666230373666303030613530,course-v1:GTx+ISYE6501x+2T2017,still checking edx contact whether learner grade affected complete peer assessment patience
\x353932643836323031333035663130383734303030613733,course-v1:GTx+ISYE6501x+2T2017,danielspalthoff choose time based popular time poll posted earlier since recording session providing mean learner attend ask question answered record session hoping still useful attend certainly try host session morning estedt must also possible u host video session every learner since learner world unfortunately based atlanta feedback
\x353932643833313731333035663130383662303030613732,course-v1:GTx+ISYE6501x+2T2017,jvizueta still verified student completing peer assessment change student status
\x353932636664646632326138666230373637303030393765,course-v1:GTx+ISYE6501x+2T2017,yes thats correct parameter fit basic knn model there retraining done joel
\x353932636361373661383437386330373738303030396539,course-v1:GTx+ISYE6501x+2T2017,dr replied note many good approach good solution try possibility also might people interpreted question differently good solution question understood perfectly fine really care learning use cusum model hope help
\x353932636361363861383437386330373936303030396535,course-v1:GTx+ISYE6501x+2T2017,also cyeokkwan find dr input question note many good approach good solution try possibility also might people interpreted question differently good solution question understood perfectly fine really care learning use cusum model hope help
\x353932636361333161383437386330373537303030613638,course-v1:GTx+ISYE6501x+2T2017,dr replied note many good approach good solution try possibility also might people interpreted question differently good solution question understood perfectly fine really care learning use cusum model sound hope help
\x353932636265646161383437386330373633303030396335,course-v1:GTx+ISYE6501x+2T2017,dfaourgatech checking dr edx contact allowed
\x353932636138623432326138666230373565303030393564,course-v1:GTx+ISYE6501x+2T2017,youre right marginal cost long run hope admit everyone think wellqualified short run start little smaller grow scale plan even cant offer everyone admission right away might offer people deferred admission start later semester dont need plan even itll take month theyre able start joel
\x353932633835306361383437386330373864303030613135,course-v1:GTx+ISYE6501x+2T2017,nicoledvries timezone deadline yesterday may th utc according syllabus need converted appropriate time timezone
\x353932633832396131333035663130383566303030396664,course-v1:GTx+ISYE6501x+2T2017,good either put code written response separate file although dont put muchany code text solution document include code file along also median evaluation get used worry one poor evaluation best georgia tech edx team
\x353932623934626261383437386330373834303030396138,course-v1:GTx+ISYE6501x+2T2017,serjesh working link still pointing issue
\x353932623835366261383437386330373561303030393533,course-v1:GTx+ISYE6501x+2T2017,copy datasets found link homework course page outline week week homework week homework
\x353932623835303161383437386330373963303030393334,course-v1:GTx+ISYE6501x+2T2017,also consider calculating daily mean summer temperature sum daily summer temperature divided number day well
\x353932613332346532326138666230373862303030386361,course-v1:GTx+ISYE6501x+2T2017,mu mean change remember artificially changed data set adding last value fast cusum identify change data set displayed including change mean mean original data expected mean change joel
\x353932393836396261383437386330373762303030386534,course-v1:GTx+ISYE6501x+2T2017,need homework question calculate average daily summer temperature sum daily summer temperature divide total number day use daily summer temperature data interest look temperature period weekly monthly yearly need calculate weekly monthly yearly summer temperature along average weekly monthly yearly summer temperature
\x353932393761373031333035663130383431303030383738,course-v1:GTx+ISYE6501x+2T2017,think better understand happening look back since may edx bug
\x353932386634666231333035663130383236303030386265,course-v1:GTx+ISYE6501x+2T2017,jrmwong double checked using sum xi divided number xi inform professor find pointing
\x353932386563306631333035663130383362303030383961,course-v1:GTx+ISYE6501x+2T2017,marcwech yes maintain formula mu xt performing change detection whether decrease increase decreased something zero mu xt increased something zero mu xt basically formula stay detecting increase use mu xt instead xt mu still need decide value consider model based data
\x353932383464356631333035663130383334303030383632,course-v1:GTx+ISYE6501x+2T2017,dougtrent referring top response
\x353932383463636261383437386330373864303030386564,course-v1:GTx+ISYE6501x+2T2017,nathanhall looking hear back let also need programming exam
\x353932383336366531333035663130383665303030383536,course-v1:GTx+ISYE6501x+2T2017,httpsisye mdiymzi odqylte otu nza mzitzdfimdk mtm oa
\x353932376138316561383437386330373930303030383463,course-v1:GTx+ISYE6501x+2T2017,sure week use homework assignment week assignment us introduces mac user dont window emulation use instead week assignment introduces pulp pulp require simple python
\x353932363262663631333035663130383665303030373830,course-v1:GTx+ISYE6501x+2T2017,refer post help submit homework file change file file computer upload work let doesnt
\x353932363262616332326138666230376133303030373839,course-v1:GTx+ISYE6501x+2T2017,also copy paste information file word document submit word document
\x353932363431386161383437386330373837303030373764,course-v1:GTx+ISYE6501x+2T2017,dereklin timezone conversion utc
\x353932363431366232326138666230373664303030383764,course-v1:GTx+ISYE6501x+2T2017,johngiglio yes right utc pm estedt
\x353932363430636332326138666230373535303030376631,course-v1:GTx+ISYE6501x+2T2017,good question uploading soon possible
\x353932363430613631333035663130383665303030373838,course-v1:GTx+ISYE6501x+2T2017,sorry hear future reference homework due utc coordinated universal time convert utc equivalent time timezone example utc pm est
\x353932363339363861383437386330373930303030376163,course-v1:GTx+ISYE6501x+2T2017,need change upload file name hwr hwr upload description upload file appear blue text download file post choose file button edx bug file right waiting fix uploading file putting description successful upload look blue text submission file click bring new screen script showing amazonawscom png amazonawscom png
\x353932363334623332326138666230373634303030383161,course-v1:GTx+ISYE6501x+2T2017,yes right trying fix edx system right apparently file accepted bug system let everyone fixed system soon
\x353932363334313561383437386330373762303030373961,course-v1:GTx+ISYE6501x+2T2017,deadline utc coordinated universal time deadline utc translates pm est homework submission learner est pm wednesday night hope help sorry confusion earlier convert utc equivalent time zone happening
\x353932363264663161383437386330373765303030373839,course-v1:GTx+ISYE6501x+2T2017,post picture happening step step probably able help since able successful submit file issue running
\x353932363264616232326138666230373735303030376364,course-v1:GTx+ISYE6501x+2T2017,sorry hear consider next time resolved issue simply copy paste code word document submit word document try feedback assignment best georgia tech edx team
\x353932363262366531333035663130383434303030373938,course-v1:GTx+ISYE6501x+2T2017,change file extension computer file upload file
\x353932363239663061383437386330373561303030373733,course-v1:GTx+ISYE6501x+2T2017,mean saving uppercase share picture
\x353932363239626532326138666230373934303030373933,course-v1:GTx+ISYE6501x+2T2017,mean unable submit full homework submission sure personally anything authority reset attempt try contact someone might able reset needwant reset let earliest convenience
\x353932363232306232326138666230373961303030376438,course-v1:GTx+ISYE6501x+2T2017,data definition file file posted different place posted location outline getting started course information outline documentation hope help
\x353932363230336332326138666230373930303030376232,course-v1:GTx+ISYE6501x+2T2017,danielspalthoff might host recitation also morning est address learner question host session learner available attend question help learner respondent right people sign time available likely host specific session time also hope recorded session help unable attend session feedback
\x353932353961336661383437386330373561303030373239,course-v1:GTx+ISYE6501x+2T2017,meera look length fitround ccdata element element comparison use lengthfitround size number data point fitround vector matrix matrix need compare column fitround fitround fitround etc ccdata fitround ccdata example let try help error handling
\x353932356132383232326138666230373661303030373538,course-v1:GTx+ISYE6501x+2T2017,serjesh right loop need use double loop pairing sound understanding correct
\x353932353965333761383437386330373666303030373561,course-v1:GTx+ISYE6501x+2T2017,bringing attention update provide dataset student download relevant homework page patience great job handling data downloads best georgia tech edx team
\x353932353938396432326138666230373732303030373937,course-v1:GTx+ISYE6501x+2T2017,wflorez try come type document since grading peer reviewed homework probably exposed lot different good way present analytics result coding comment etc best georgia tech edx team
\x353932353934643332326138666230373832303030373331,course-v1:GTx+ISYE6501x+2T2017,jasonreed say file upload confusing mean look edx accept multiple file uploads option load multiple homework file submission also try clarify confusion homework submission especially future homework submission pointing best georgia tech edx team
\x353932353933663661383437386330373666303030373539,course-v1:GTx+ISYE6501x+2T2017,plot data homework onto graph since x x plot data point graph done lesson plot different accuracy value model though plan cover plot data result graph though recitation hope help good question best georgia tech edx team
\x353932353865613831333035663130383566303030373463,course-v1:GTx+ISYE6501x+2T2017,leaveoneout cross validation nfold cross validation number data point every data point separate data part data
\x353932353034306532326138666230373765303030373230,course-v1:GTx+ISYE6501x+2T2017,required format submission whether choose use submission box file submission probably easier format homework solution file uploading solution copy paste code solution file peer review grading submission
\x353932346666376631333035663130383530303030373636,course-v1:GTx+ISYE6501x+2T2017,good point since hosting recitation tuesday wednesday able help last minute question previous homework question newest homework week also try post recording recitation case learner attend session planned time week hope help input
\x353932346665633231333035663130383665303030366633,course-v1:GTx+ISYE6501x+2T2017,ndjo yes wed thur pm pm est hosting recitation try record recitation make available course edx site make look forward seeing future recitation
\x353932346661613432326138666230373865303030366538,course-v1:GTx+ISYE6501x+2T2017,oldschool approach apology first learned code basic commodore build joel
\x353932346639383261383437386330373561303030366531,course-v1:GTx+ISYE6501x+2T2017,yes using notation video lesson modelb note negative sign video use amxm ksvm put righthand side negative ksvms modelb joel
\x353932343564356631333035663130383239303030363934,course-v1:GTx+ISYE6501x+2T2017,rnkuhns since use kmax set fitted value modelkknn use printed console predictedfitted value fitted value specific value let say need hope help
\x353932336137343461383437386330373732303030363732,course-v1:GTx+ISYE6501x+2T2017,right tell error message terminates minus sign dash incorrect format try fix future homework assignment
\x353932336136616661383437386330373537303030363938,course-v1:GTx+ISYE6501x+2T2017,quotation mark problem need delete quotation mark replace retype fix dont slanted quotation mark straight pasted think model asfactordata scaledtrue sorry formatting issue happen minus sign quotation mark copying pasting document word documentpdf programming script script case hope help try prevent future best georgia tech edx team
\x353932336136323332326138666230373661303030363661,course-v1:GTx+ISYE6501x+2T2017,plot data onto graph since x response x response plot data point graph done lesson plot different accuracy value model though hope help best georgia tech edx team
\x353932336134366361383437386330373561303030363264,course-v1:GTx+ISYE6501x+2T2017,assignment peer graded staff grade referring
\x353932333635623631333035663130383737303030363832,course-v1:GTx+ISYE6501x+2T2017,stated sumadata modelb posted homework document use since checking source correct calculate since might also simply modelb patience great question
\x353932333363653831333035663130383236303030363234,course-v1:GTx+ISYE6501x+2T2017,klransom homework submission reset edx make easy hopefully really reset time let u issue best georgia tech edx team
\x353932333363643131333035663130383461303030363566,course-v1:GTx+ISYE6501x+2T2017,klransom homework submission reset edx make easy hopefully really reset time let u issue best georgia tech edx team
\x353932333363633831333035663130383662303030363261,course-v1:GTx+ISYE6501x+2T2017,klransom homework submission reset edx make easy hopefully really reset time let u issue best georgia tech edx team
\x353932333363626632326138666230373735303030363432,course-v1:GTx+ISYE6501x+2T2017,klransom homework submission reset edx make easy hopefully really reset time let u issue best georgia tech edx team
\x353932333363613632326138666230373937303030363363,course-v1:GTx+ISYE6501x+2T2017,klransom homework submission reset edx make easy hopefully really reset time let u issue best georgia tech edx team
\x353932326462356531333035663130383365303030363030,course-v1:GTx+ISYE6501x+2T2017,emily thats good idea certainly recitation dont worry quiz focus modeling material joel
\x353932333232323831333035663130383236303030363133,course-v1:GTx+ISYE6501x+2T2017,brianbeggs saying try revise homework file less likely chance causing problem copying pasting homework document script pointing
\x353932333231373431333035663130383239303030356661,course-v1:GTx+ISYE6501x+2T2017,need getting started section course information glossary tab data definition section data documentation tab
\x353932333230626432326138666230373835303030363634,course-v1:GTx+ISYE6501x+2T2017,jrmwong trying address issue right pointing patience best georgia tech edx team
\x353932333166363432326138666230373862303030356439,course-v1:GTx+ISYE6501x+2T2017,juliomeza issue specific video lesson trying address pointing patience best georgia tech edx team
\x353932333166326431333035663130383239303030356636,course-v1:GTx+ISYE6501x+2T2017,hkkanuru looking providing list book useful best georgia tech edx team
\x353932333166303761383437386330373636303030363232,course-v1:GTx+ISYE6501x+2T2017,josepheobrien looking providing list book useful best georgia tech edx team
\x353932333165623361383437386330373435303030363462,course-v1:GTx+ISYE6501x+2T2017,use leave one cross validation trainkknn side note leave one cross validation fold cross validation number data point
\x353932333139396661383437386330373936303030356566,course-v1:GTx+ISYE6501x+2T2017,also find section patience georgia tech edx team
\x353932333139393532326138666230373535303030363532,course-v1:GTx+ISYE6501x+2T2017,also find section patience georgia tech edx team
\x353932333131376232326138666230373862303030356433,course-v1:GTx+ISYE6501x+2T2017,need include number decimal round function look round value kknnpredict nearest integer
\x353932333066643731333035663130383338303030356361,course-v1:GTx+ISYE6501x+2T2017,jiazhen dealing issue pointing
\x353932323439386532326138666230373535303030356666,course-v1:GTx+ISYE6501x+2T2017,jamjar yes part say recycle value true many time needed nonbinary variable scaled think saying function look variablecolumn data binary scale nonbinary every variablecolumn checked dont specify scale function check variable scale nonbinary variable without specify variable need scale
\x353932323437363632326138666230373532303030356265,course-v1:GTx+ISYE6501x+2T2017,yes margin maximized summation ai equal minimized sorry misspoke said include pointing mistake corrected explanation
\x353932323134356532326138666230373562303030356462,course-v1:GTx+ISYE6501x+2T2017,much apologize confusion happy pointed mistake good luck tried comment saw comment help best achu
\x353932323133643361383437386330373561303030353737,course-v1:GTx+ISYE6501x+2T2017,number still method using next question kknn function predicted value getting predicted value ksvm function think define response variable factor resulting predicted value also factor value playing around code think seeing decimal value since went decimal place using different format function
\x353932323131393732326138666230373966303030356136,course-v1:GTx+ISYE6501x+2T2017,jamjar edit message update replied scaledtrue input scaled take logical vector indicating variable scaled scale length ie true u value recycled many time needed nonbinary variable right ksvm function scale nonbinary variable scaledtrue scaledfalse miswrote earlier corrected explanation
\x353932323130613261383437386330373963303030353838,course-v1:GTx+ISYE6501x+2T2017,also try large value might change
\x353932323063303431333035663130383566303030356131,course-v1:GTx+ISYE6501x+2T2017,try inform learner homework updated future best georgia tech edx team
\x353932316435323732326138666230373930303030356163,course-v1:GTx+ISYE6501x+2T2017,yes look right first data point
\x353932316432306232326138666230373661303030353832,course-v1:GTx+ISYE6501x+2T2017,leave ith data point predicted value use kknn function value kknnr mydataimydataik scale true mydatai data except rowdata point training set mydatai ith data point test set must loop function data point predicted value accuracy model calculating many predicted value equal actual value
\x353932316362373632326138666230373862303030353463,course-v1:GTx+ISYE6501x+2T2017,also long wk creditcarddata data structure credit card data txt file specifically need model ksvmasmatrixwk creditcarddata asfactorwk creditcarddata type csvc kernel vanilladot scaledtrue
\x353932316231356431333035663130383365303030353938,course-v1:GTx+ISYE6501x+2T2017,nathanhall yes using intuition selecting value since right homework worried since tasked finding good classifier think one specific value best may range value result good classifier purpose first homework play relationship trade offs action without worrying hope help
\x353932316165666261383437386330373762303030353938,course-v1:GTx+ISYE6501x+2T2017,btw work window feel disadvantage using versus window computer
\x353931663331613032326138666230376133303030346231,course-v1:GTx+ISYE6501x+2T2017,working fixing fact believe submission limit reset ahead submit full set answer whenever youd
\x353932303537303431333035663130383431303030346530,course-v1:GTx+ISYE6501x+2T2017,pointing since weekend people make change video working resolved soon possible monday best georgia tech edx team
\x353932303534666531333035663130383331303030346438,course-v1:GTx+ISYE6501x+2T2017,data set posted without header week homework section header header use headerf sept false header false read data need change header input either falsef truet depending whether use txt file header without header hope help apologize delayed response georgia tech edx team
\x353931663263653061383437386330373630303030346132,course-v1:GTx+ISYE6501x+2T2017,klransom homework submission reset let u good luck
\x353931663263393232326138666230373535303030346364,course-v1:GTx+ISYE6501x+2T2017,also klransom able reset homework submission time hope help
\x353931656662336461383437386330373936303030343764,course-v1:GTx+ISYE6501x+2T2017,yes asmith sound correct reasoning also simply put question run kknn different value comparison model comparing value work best best accuracy test dataset best georgia tech edx team
\x353931656661343932326138666230373838303030343730,course-v1:GTx+ISYE6501x+2T2017,need round value close round value close direct comparison model fitted value data set actual value correctness also run kknn different value comparison model comparing value work best hope help best georgia tech edx team
\x353931656637393332326138666230373735303030346162,course-v1:GTx+ISYE6501x+2T2017,since first time instructor ta used edx sure limitation benefit website structure learning thing trying adapt well suggestion take consideration dicussion board make easier u keep track different learner whereas piazza capability help u hope answer question sharing concern best georgia tech edx team
\x353931653665313161383437386330373435303030343762,course-v1:GTx+ISYE6501x+2T2017,case seen text file updated header nonheader version best georgia tech edx team
\x353931653664633032326138666230373631303030343838,course-v1:GTx+ISYE6501x+2T2017,also homework tab introduction reference sheet pdfs available view homework peer assessment section best georgia tech edx team
\x353931653664353732326138666230373565303030343334,course-v1:GTx+ISYE6501x+2T2017,reloading video hoping functional tomorrow latest friday post update working properly pointing best georgia tech edx team
\x353931653636376661383437386330373738303030343630,course-v1:GTx+ISYE6501x+2T2017,yes seems correct approach since printed predicted value determined model give predicted value continuous value first predicted value round last predicted value round rounding predicted fitted value compare actual value figure well kknn model classifies data set hope help best georgia tech edx team
\x353931653633633032326138666230373739303030343430,course-v1:GTx+ISYE6501x+2T2017,posting definition list soon possibly let posted best georgia tech edx team
\x353931653633313161383437386330373831303030343737,course-v1:GTx+ISYE6501x+2T2017,reoccurring issue past day working one minute next working fixing one video reuploaded right hopefully working tomorrowfriday notify learner video working properly hopefully issue best georgia tech edx team
\x353931653631363261383437386330373564303030343832,course-v1:GTx+ISYE6501x+2T2017,sometimes randomness make sort thing happen
\x353931653630613532326138666230373765303030343364,course-v1:GTx+ISYE6501x+2T2017,course offered fall winter verified certificate option dont edxs rule taking course audit learner taking verified certificate assume problem verify certainly problem
\x353931653630333732326138666230373634303030343863,course-v1:GTx+ISYE6501x+2T2017,answer question keep asking learning edx system along give u day find allow resubmit homework there specific submission format youre free post however convenient
\x353931653564633631333035663130383236303030343461,course-v1:GTx+ISYE6501x+2T2017,youre correct well fixing subscript also around catching
\x353931653165356231333035663130383362303030343030,course-v1:GTx+ISYE6501x+2T2017,since first time course conducted platform lesson posted available soon pas quality control understanding error still come best georgia tech edx team
\x353931653163363131333035663130383464303030343537,course-v1:GTx+ISYE6501x+2T2017,reviewing video think dr simply stating video topic distance metric example video brings distance metric straight line distance distance metric simply function certain property called metric simply function metric mathematical termtopic considered simplicity special type function defines distance measure point informed case suppose separate lesson best georgia tech edx team
\x353931653161633732326138666230373930303030343532,course-v1:GTx+ISYE6501x+2T2017,equation need provided form amxma basically need fill value found model calculation ai classifier equation second part refers percentage value model successfully predicted ie matched response data point probably mention best georgia tech edx team
\x353931653139613832326138666230373637303030336462,course-v1:GTx+ISYE6501x+2T2017,video fixed viewable best georgia tech edx team
\x353931653138613631333035663130383362303030336664,course-v1:GTx+ISYE6501x+2T2017,video fixed viewable best georgia tech edx team
\x353931636566643731333035663130383338303030333865,course-v1:GTx+ISYE6501x+2T2017,assignment another language better however one thing think valuable learn course second thing think valuable learn pick new language quickly difficult take time valuable skill learn
\x353931633862363432326138666230373562303030336133,course-v1:GTx+ISYE6501x+2T2017,maxlai intercept value determined optimization problem defined time video equation amxm defines classifier word line divide green point red point equation set convention easy use important point intercept determines classifier placed graph separate green red point hope help let u best georgia tech edx team
\x353931633632316661383437386330373438303030333665,course-v1:GTx+ISYE6501x+2T2017,arena run window emulator doesnt work youll able homework simpy codingbased discreteevent simulation package draganddrop model creation feature arena hard learn
\x353931633636616261383437386330373465303030333833,course-v1:GTx+ISYE6501x+2T2017,finalizing data definition file posting soon patience georgia tech edx team
\x353931633537343361383437386330373636303030333435,course-v1:GTx+ISYE6501x+2T2017,nonisa pointing problem clear
\x353931633533316531333035663130383338303030333339,course-v1:GTx+ISYE6501x+2T2017,pointing typo one clarification depending data created folk might error lambda unused argument length lambda mean need convert matrix format model asfactordata scaledtrue joel
\x353931633431663861383437386330373765303030333364,course-v1:GTx+ISYE6501x+2T2017,passfail need pas
\x353931623066313032326138666230373538303030326165,course-v1:GTx+ISYE6501x+2T2017,well post submission calendar soon here preview homework released utc time thursday due utc following wednesday quiz need taken sometime within interval june june july extra time allotted july holiday july course project youll approximately last week joel
\x353931623064646661383437386330373564303030326334,course-v1:GTx+ISYE6501x+2T2017,youll need take first quiz sometime range june june still possible since course online bring wherever joel
\x353931623035656561383437386330373531303030326436,course-v1:GTx+ISYE6501x+2T2017,capability isnt available might might added future joel
\x353931623035396332326138666230373739303030323864,course-v1:GTx+ISYE6501x+2T2017,sorry wasnt linked homework fixed joel
\x353931623035353232326138666230373637303030323762,course-v1:GTx+ISYE6501x+2T2017,sorry file werent attached homework posted two version one without header one header joel
\x353931613638663532326138666230373765303030323366,course-v1:GTx+ISYE6501x+2T2017,verified learner may quiz combination autograded humangraded humansupervised material audit learner entirely autograded quiz human oversight
\x353931396261306131333035663130383230303030316435,course-v1:GTx+ISYE6501x+2T2017,everyone name one ta course second year phd student operation research program georgia tech grew alabama free time enjoy cookingbaking new dish spending time bunny share picture look forward helping course learning course summer
\x353931396239626231333035663130383365303030323037,course-v1:GTx+ISYE6501x+2T2017,everyone name one ta course second year phd student operation research program georgia tech grew alabama background industrial system engineering applied mathematics free time enjoy cookingbaking new dish spending time bunny share picture look forward helping course learning course summer
\x356333643132636264623730613930396332303030633234,course-v1:GTx+ISYE6501x+1T2019,awesome startup something besides master program
\x356333643132336333656239653630393961303030646431,course-v1:GTx+ISYE6501x+1T2019,winder ga work decatur ga part study group
\x356333643132306364623730613930396165303030656136,course-v1:GTx+ISYE6501x+1T2019,ga form study group meet time time one learn discussing thing someone even preferably front whiteboard regard
\x356333366262623064623730613930393939303030396430,course-v1:GTx+ISYE6501x+1T2019,also dc also love form dc study group
\x356333343136376233656239653630396334303030376334,course-v1:GTx+ISYE6501x+1T2019,also based dc perhaps meet fellow beltway classmate
\x356333333661383335386164636230393737303030373831,course-v1:GTx+ISYE6501x+1T2019,boston there boston channel omsa study slack join try set meetup sometime winterspring hopefully meet others person best
\x356137353230383739333739343030396463303030363932,course-v1:GTx+ISYE6501x+1T2018,theregreat classmate singapore catchup timemy personal mobile email
\x356135613566386464356362373730613666303031326432,course-v1:GTx+ISYE6501x+1T2018,work technology engineering side mainly building solution right data analytics team
\x356135613539643234346131353030386133303031316433,course-v1:GTx+ISYE6501x+1T2018,good one bruno
\x356135393332636464356362373730613864303031316132,course-v1:GTx+ISYE6501x+1T2018,there already group course here invite link nzq ote mzi lwy qxzjmzmju mjjim fkodrhmwy otfkyznjmgu otixmdg nmfiyza yze
\x356135376662363934346131353030386235303031306566,course-v1:GTx+ISYE6501x+1T2018,shauna manoj cox nice
\x356135366263323634346131353030386238303031306364,course-v1:GTx+ISYE6501x+1T2018,start broken audible also make sure download rstudio follow downloading look different
\x356238316231313861353232303330393635303031653339,course-v1:GTx+ISYE6501x+3T2018,also charlotte work uptown ally financial work friend auditing class grab lunch soon
\x356237653134393761353232303330393635303031626639,course-v1:GTx+ISYE6501x+3T2018,fellow semiconductor engineer
\x356237646634623063333035616430613231303031623763,course-v1:GTx+ISYE6501x+3T2018,alex also mexico live queretaro work ge keep touch
\x356237636431363961353232303330393737303031613931,course-v1:GTx+ISYE6501x+3T2018,pravin data analyst mlb team seriously cool gig
\x356237633561313361353232303330393833303031393131,course-v1:GTx+ISYE6501x+3T2018,dashboard menu canvas link post vdaptardar assignment posted edx platform best regard
\x356237633539343963333035616430613366303031616433,course-v1:GTx+ISYE6501x+3T2018,taking full course algebra probably overkill lot written resource available online useful cover basic matrix operation eigenvalue eigenvectors jacobian hessian matrix determinant defsemidef matrix orthogonality etc taking course youd also covering proof theorem numerous theoretical concept useful class class applied focus best
\x356237623963333363333035616430613234303031383566,course-v1:GTx+ISYE6501x+3T2018,ping great another person based bay area hopefully create person study group class living mountain view working data scientist fremont live work near either place
\x356237623962386161353232303330393737303031396335,course-v1:GTx+ISYE6501x+3T2018,jasmine great another person based bay area mountain view hopefully create person study group class awesome b ie gt also b ie cal poly slo california let youd meet study group
\x356237623930333461353232303330393635303031613030,course-v1:GTx+ISYE6501x+3T2018,live nova work tech policy dc
\x356237623864306633623061626330393865303031616263,course-v1:GTx+ISYE6501x+3T2018,name also studying online washington dc id enjoy meeting local student program joining learning network
\x356237623631636563333035616430396634303031383633,course-v1:GTx+ISYE6501x+3T2018,jorge name also live work dc big data analytics company perhaps make group course semester person
\x356237623466633361353232303330393833303031383537,course-v1:GTx+ISYE6501x+3T2018,guy find homework posted cant seem find anywhere
\x356237623237653363333035616430613165303031383937,course-v1:GTx+ISYE6501x+3T2018,discussion qa accessible morning lecture video week became available
\x356237396361306333623061626330393931303031373339,course-v1:GTx+ISYE6501x+3T2018,think absolute value difference explains numerator think denominator clearly bit expanded attached image notation lecture regard
\x356237396339333263333035616430396662303031386561,course-v1:GTx+ISYE6501x+3T2018,distance line amazonawscom jpg
\x356237383933313233623061626330396334303031363934,course-v1:GTx+ISYE6501x+3T2018,assumed referring section wrong
\x356237383830393461353232303330393464303031366131,course-v1:GTx+ISYE6501x+3T2018,also introduce name work jmu data analyst
\x356237383830363761353232303330393932303031366139,course-v1:GTx+ISYE6501x+3T2018,road harrisonburg va enrolled program well
\x353961346531323339646562386230393938303030386264,course-v1:GTx+ISYE6501x+3T2017,try upload multiple file following info box pop idea upload allow multiple attachment amazonawscom png
\x353961316230323261343432303730613331303030373036,course-v1:GTx+ISYE6501x+3T2017,eric john letting also course live peoria happy quite central il nathan
\x356461663439623838343435326130373962303034316235,course-v1:GTx+ISYE6501x+2T2019b,study group ever meet need join prepare better next midterm
\x356435663563373538343435326130376133303031306565,course-v1:GTx+ISYE6501x+2T2019b,also phoenix area othes forming study group reach
\x356435653164376463303664323630393830303030656363,course-v1:GTx+ISYE6501x+2T2019b,subbu tempe az
\x356435623764663763303664323630393763303031336236,course-v1:GTx+ISYE6501x+2T2019b,guy also pacific time zone love study group well interested
\x356531623866393837666562653530393436303032633136,course-v1:GTx+ISYE6501x+1T2020,great meet faye sure dm feel free send email amenas gmailcom look forward working together
\x356531613961383339356230363230393437303032396237,course-v1:GTx+ISYE6501x+1T2020,everyone work apple cupertino apple pay team managed business operation team excited take class
\x356531353636336563373632373730393333303032643331,course-v1:GTx+ISYE6501x+1T2020,also austin tx area interestingly enough wife also boston used say missed couple trip visit family decided hate cold shortsleeves december life
\x356531353266646163373632373730393363303033316130,course-v1:GTx+ISYE6501x+1T2020,boat learning fly far importing data file found creating variable putting data work example data note work working directory file stored check getwd function setwd function sorry helpful came looking answer well
\x356531336334303337666562653530393238303032643239,course-v1:GTx+ISYE6501x+1T2020,good hear oms micro master
\x356531336234383939356230363230393464303032383435,course-v1:GTx+ISYE6501x+1T2020,also college professor teach
\x356531333932396439356230363230393131303033326538,course-v1:GTx+ISYE6501x+1T2020,graded unlimited attempt choose correct answer assume meant verify ability take proctored exam actually need take quizzesexams successfully passed hope help
\x356531333837306337666562653530393532303032666235,course-v1:GTx+ISYE6501x+1T2020,welcome also intending pursue omsa really nice someone else southern california cheer
\x356531333835393363373632373730393230303032636338,course-v1:GTx+ISYE6501x+1T2020,welcome pretty cool joining u mozambique sure challenge cheer
\x356531333834636239356230363230393464303032383231,course-v1:GTx+ISYE6501x+1T2020,bienvenido sound nice background looking forward work together future saludos
\x356334313134303164623730613930396132303030666639,course-v1:GTx+ISYE6501x+1T2019,hola apenas veo este mensaje ya quedamos en contacto para que almorcemos en estos dia feliz fin de semana
\x356333633039663864623730613930393834303030643164,course-v1:GTx+ISYE6501x+1T2019,guy name data analytics consultant seattle love jump study group
\x356333333763636233656239653630396130303030373366,course-v1:GTx+ISYE6501x+1T2019,raleigh nc actually moved raleigh apex amazed classmate area hope chance meet cheer
\x356333333536653164623730613930393830303030373238,course-v1:GTx+ISYE6501x+1T2019,cool across border west minneapolis good luck course
\x356135626562326337616366326430383335303031353032,course-v1:GTx+ISYE6501x+1T2018,heading orlando drop email great meet classmate prior current job industrial engineer disney
\x356135356230343864356362373730613663303030666232,course-v1:GTx+ISYE6501x+1T2018,deepak houston tx let connect farrukh
\x356135356166613534346131353030386535303031303865,course-v1:GTx+ISYE6501x+1T2018,good idea let connect farrukh
\x356135356166346364356362373730616237303031303038,course-v1:GTx+ISYE6501x+1T2018,houston tx well let connect farrukh
\x356135356166333064356362373730616231303031303538,course-v1:GTx+ISYE6501x+1T2018,kayla houston tx well let connect farrukh
\x356135356165653334346131353030386433303030653731,course-v1:GTx+ISYE6501x+1T2018,houston tx well let connect farrukh
\x356135356165396237616366326430383137303031323936,course-v1:GTx+ISYE6501x+1T2018,houston tx well working oil gas let connect farrukh
\x356135343566336464356362373730613861303030656435,course-v1:GTx+ISYE6501x+1T2018,longterm goal role data scientist analyst disney world wife spend time doesnt work maybe ill hit job
\x356135343565346434346131353030386334303031303766,course-v1:GTx+ISYE6501x+1T2018,oms central review mgt brutal firstsemester omsa student wanted take course chose wait based review really bad review indicate
\x356135343434653564356362373730613732303030653739,course-v1:GTx+ISYE6501x+1T2018,saw cant homework edx canvas course content
\x356239616365373163333035616430613036303032636462,course-v1:GTx+ISYE6501x+3T2018,referring specifically total within sse change predictor use measurement used lecture edit actually think us total distance lecture trying remember really making sure understood meant probably didnt read previous comment closely enough
\x356239383363353661353232303330393533303032613735,course-v1:GTx+ISYE6501x+3T2018,getting sse sse sum make use less predictor there less distance sum first thought
\x356239383338636161353232303330393730303032623566,course-v1:GTx+ISYE6501x+3T2018,using testing set model selection test set selected model estimate performance
\x356238346365366463333035616430613163303031656134,course-v1:GTx+ISYE6501x+3T2018,wrong wonder since homework problem pertain module rather module sure initial thought regard
\x356237643661363133623061626330396165303031393935,course-v1:GTx+ISYE6501x+3T2018,already many slack channel set course omsa jc evxlbmbdbnp izx cy hbcogsa csrk zlaeditgid jc evxlbmbdbnp izx cy hbcogsa csrk zlaeditgid
\x356237633563373533623061626330396463303031383938,course-v1:GTx+ISYE6501x+3T2018,samantha person forum also ct live hamden min drive yale perhaps meet point
\x356237616561303761353232303330393530303031393861,course-v1:GTx+ISYE6501x+3T2018,doug name also birmingham alabama anyone else area part program
\x356237363463353761353232303330393734303031363561,course-v1:GTx+ISYE6501x+3T2018,sound good long ensure meet academic integrity requirement code conduct
\x356237353033656563333035616430396563303031346166,course-v1:GTx+ISYE6501x+3T2018,certainly find time together point work michigan randolph prudential center fl
\x356237323636343433623061626330396262303031343035,course-v1:GTx+ISYE6501x+3T2018,shaik line work seems interesting actuary working insurance intermediary constructing rating model used client better model risk business client insure excited join course
\x356237323635623661353232303330393737303031343062,course-v1:GTx+ISYE6501x+3T2018,nice meet jegan great someone work popular technology company paypal best luck
\x356237323635366233623061626330396364303031333337,course-v1:GTx+ISYE6501x+3T2018,dont think great thing restorative deep stretch yoga however wish best good luck
\x356237323635326233623061626330393964303031343633,course-v1:GTx+ISYE6501x+3T2018,nice meet ernest may interested meeting never used goto reply link sure many others happy take look goto
\x356237323634303961353232303330393566303031353463,course-v1:GTx+ISYE6501x+3T2018,lived cincinnati moving new jersey chicago grab bowl chili enjoy embark one best luck
\x356237323630373733623061626330396430303031333634,course-v1:GTx+ISYE6501x+3T2018,bet find many way apply learn auto industry wish great success program good luck
\x353939623935326439646562386230396333303030343064,course-v1:GTx+ISYE6501x+3T2017,great might even able study group together pretty sure several people better versed stuff
\x353939623834653763636432363730396461303030343139,course-v1:GTx+ISYE6501x+3T2017,scrolling intro saw youre also houston let youre looking study partner rice military area
\x356436373264323938313439666430393232303031356137,course-v1:GTx+ISYE6501x+2T2019b,check post say atlanta east coast study group
\x356436373263393338313439666430393535303031353763,course-v1:GTx+ISYE6501x+2T2019b,id love join atlanta well
\x356436333630396438313439666430393532303031333031,course-v1:GTx+ISYE6501x+2T2019b,dont wrong following iris example kknn help document keep getting error stating error data train object matrix tried using asmatrix function didnt make difference
\x356436313466643163303664323630393262303031316531,course-v1:GTx+ISYE6501x+2T2019b,yall houston study session live northwest houston
\x356435663363356563303664323630393339303030653865,course-v1:GTx+ISYE6501x+2T2019b,name phoenix area love join skype study group well process engineer intel pretty flexible evening
\x356435643337326563303664323630393432303030646366,course-v1:GTx+ISYE6501x+2T2019b,frisco tx well
\x356435636631363838313439666430393638303030656235,course-v1:GTx+ISYE6501x+2T2019b,yes live bay area work group
\x356435636166656138313439666430393264303030663433,course-v1:GTx+ISYE6501x+2T2019b,congrats recent marriage
\x356435636162656463303664323630393666303030656332,course-v1:GTx+ISYE6501x+2T2019b,forgot mention atlanta area anyone ever want meetup
\x356435633765366238313439666430393262303030663134,course-v1:GTx+ISYE6501x+2T2019b,glad classmate austin also living austin china maybe meet person sometime dont mind
\x356435633339326138313439666430393232303030656464,course-v1:GTx+ISYE6501x+2T2019b,atlanta work veeva system sr tech architect look forward learning atlantans
\x356435633261613763303664323630393666303030653561,course-v1:GTx+ISYE6501x+2T2019b,glad others bay area u omsa slack sfbayarea channel try meetups occasionally
\x356435633261356563303664323630393463303030663163,course-v1:GTx+ISYE6501x+2T2019b,glad others bay area join u omsa slack sfbayarea channel try meetups occasionally
\x356435623731313063303664323630393466303030663738,course-v1:GTx+ISYE6501x+2T2019b,currently living san diego recent transplant seattle taking time analytics game create opps data science area new year especially interested food science sustainable agriculture environmental issue
\x356430363462623664386561623130393364303032636339,course-v1:GTx+ISYE6501x+2T2019a,code class piazza
\x356430356162366630646166633630393838303032633336,course-v1:GTx+ISYE6501x+2T2019a,preventing trying take midterm take midterm amazonawscom png
\x356531336336653263373632373730393534303032613763,course-v1:GTx+ISYE6501x+1T2020,looking forward micro master oms
\x356531633534646537666562653530393730303033656530,course-v1:GTx+ISYE6501x+1T2020,library function even require function load additional functionality available base package use librarykernlab requirekernlab access ksvm function
\x356531633533633437666562653530393265303034313636,course-v1:GTx+ISYE6501x+1T2020,pch type marker use bg presumably background color apply marker two color filled circle outline one color fill another reference
\x356531626665666539356230363230393164303033346136,course-v1:GTx+ISYE6501x+1T2020,la long beach specifically
\x356531623665356237666562653530393331303033666363,course-v1:GTx+ISYE6501x+1T2020,spent month greenville first started kemet electronics moved south florida intended training exercise
\x356531623639373739356230363230393365303033386535,course-v1:GTx+ISYE6501x+1T2020,sure solution correct ended using column train parameter removing current row data mean fluent perhaps different implementation knn one used needed column order function call work since formula parameter referenced label column
\x356531623638626337666562653530393634303032616261,course-v1:GTx+ISYE6501x+1T2020,plot function accepts additional parameter marker used pch col blue bgred
\x356531623638323339356230363230393536303033353431,course-v1:GTx+ISYE6501x+1T2020,former ohioan used live outside columbus nice meet
\x356531623463356263373632373730393339303033363835,course-v1:GTx+ISYE6501x+1T2020,understanding classification normally done predefined class known problem solved ie malignantbenign loan approvedloan denied etc whereas clustering guarantee cluster match category especially choose number cluster different expected classification clustering really group similar data without regard class ought
\x356531623462313939356230363230393338303033313938,course-v1:GTx+ISYE6501x+1T2020,reading data expected data data object typeofdata
\x356531623432616337666562653530393439303032633737,course-v1:GTx+ISYE6501x+1T2020,assignment hint provided may need cast data object ie model asfactordata type csvc kernel vanilladot scaled true
\x356531623265663737666562653530393463303033356139,course-v1:GTx+ISYE6501x+1T2020,name cesar also living florida south nice meet
\x356531623265623239356230363230393161303033353663,course-v1:GTx+ISYE6501x+1T2020,matheus name cesar also originally brazil curitiba currently living south florida nice meet
\x356531623265366363373632373730393264303032396232,course-v1:GTx+ISYE6501x+1T2020,ana name cesar work fort lauderdale although reside boca raton nice meet
\x356531623262356563373632373730393630303034326562,course-v1:GTx+ISYE6501x+1T2020,converting verified status today believe mean longer access discussion board good luck jerbie
\x356531613264366163373632373730393465303032376632,course-v1:GTx+ISYE6501x+1T2020,id interested well didnt even piazza page included course
\x356531613135376137666562653530393265303034303233,course-v1:GTx+ISYE6501x+1T2020,access code piazza page
\x356531393038663837666562653530393466303033316139,course-v1:GTx+ISYE6501x+1T2020,think thesis right file pdf file introduction linked first homework link data zip file mention specifically excel file presume slide deck taken resource excel file may available updated remove reference even googled find avail ce cd db assetv gtxisye
\x356531376263393237666562653530393463303033343239,course-v1:GTx+ISYE6501x+1T2020,good luck well live near cleveland ohio also hoping accepted omsa program mm enjoy outdoors family dog especially weather nice
\x356531363137633037666562653530393265303033646137,course-v1:GTx+ISYE6501x+1T2020,live toledo love cincinnati food diversity wonderful
\x356531373834376563373632373730393435303032613632,course-v1:GTx+ISYE6501x+1T2020,think lesson basic data dictionary lesson glad asked make sense clear much skynesam clarifying question
\x356531373731383837666562653530393334303033636438,course-v1:GTx+ISYE6501x+1T2020,skynesam saw glossary class posted pdf glossary data dictionary lesson
\x356531363964393663373632373730393237303032366339,course-v1:GTx+ISYE6501x+1T2020,also wondering basic data dictionary lesson happen find
\x356531356632636639356230363230393563303032646433,course-v1:GTx+ISYE6501x+1T2020,yuichi name imami live yokohama also first time using edx hope learn together
\x356531353434333163373632373730393435303032393362,course-v1:GTx+ISYE6501x+1T2020,nice another vermonter course good luck
\x356531353062623839356230363230393062303032623663,course-v1:GTx+ISYE6501x+1T2020,live austin well feel free connect anytime andonigatechedu
\x356531343164613563373632373730393063303032383163,course-v1:GTx+ISYE6501x+1T2020,nice oms program taking course
\x356531343032303239356230363230393266303032386364,course-v1:GTx+ISYE6501x+1T2020,pretty sure audit student submit homework assignment made available u work dont think audit student expected grade
\x356531336236623337666562653530393730303033393665,course-v1:GTx+ISYE6501x+1T2020,together sorry auto correct
\x356531336236363263373632373730393237303032353633,course-v1:GTx+ISYE6501x+1T2020,greeting northern va work bi analytics field auditing course
\x356531333738326663373632373730393066303032636537,course-v1:GTx+ISYE6501x+1T2020,fellow floridian currently boca raton good luck course oms
\x356531333661663363373632373730393138303033333364,course-v1:GTx+ISYE6501x+1T2020,intro analytics modeling start today
\x356334613736313664623730613930396339303031343864,course-v1:GTx+ISYE6501x+1T2019,emily found post live work ow data analytics analyst southern company love apart study group feel free email
\x356334313639396133656239653630396139303031303664,course-v1:GTx+ISYE6501x+1T2019,denver also love someone study occasionally cell number reach megan dudley
\x356334313639353033656239653630396238303031303366,course-v1:GTx+ISYE6501x+1T2019,marc denver also love someone study occasionally cell number reach megan dudley
\x356334313639303333656239653630396262303031303366,course-v1:GTx+ISYE6501x+1T2019,lindsey denver also love someone study occasionally cell number reach megan dudley
\x356334313635333133656239653630396439303030663930,course-v1:GTx+ISYE6501x+1T2019,denver also love someone work cell number reach
\x356333663961356435386164636230393563303031303163,course-v1:GTx+ISYE6501x+1T2019,denver maybe meet one day
\x356333633138333533656239653630396130303030636163,course-v1:GTx+ISYE6501x+1T2019,running error code model ksvmdata data scaledtrue data object type closure subsettable
\x356333633135346164623730613930396264303030623936,course-v1:GTx+ISYE6501x+1T2019,eatierra install kernlab package load library
\x356333363637643933656239653630396166303030393832,course-v1:GTx+ISYE6501x+1T2019,tacoma work part time telecommute job state olympia love connect find ive pretty varied background undergrad finance position ranging commodity trading project consulting environmental sustainability early childhood development work analyst primarily programming new taken couple oneday intro class python semester uw tacoma data analytics
\x356333353265393435386164636230396137303030383461,course-v1:GTx+ISYE6501x+1T2019,also seattle study group kurt
\x356333353264353464623730613930393765303030393731,course-v1:GTx+ISYE6501x+1T2019,everyone also seattle area study group kurt
\x356333346461346364623730613930396237303030383861,course-v1:GTx+ISYE6501x+1T2019,seattle area well formjoin local study group ive seen folk seattle area thread hoping start one fairly soon here
\x356333346461323664623730613930393834303030383936,course-v1:GTx+ISYE6501x+1T2019,seattle area well formjoin local study group ive seen folk seattle area thread hoping start one fairly soon here
\x356333346439653664623730613930396264303030373839,course-v1:GTx+ISYE6501x+1T2019,seattle area well formjoin local study group ive seen folk seattle area thread hoping start one fairly soon here
\x356166396639376632343435316130396331303035623162,course-v1:GTx+ISYE6501x+2T2018,sumit good another course together hoping actually local folk program start
\x356135643561663937616366326430383337303031373232,course-v1:GTx+ISYE6501x+1T2018,everyone name live atlanta area graduated university georgia currently work analyst ey looking forward learning getting well feel free connect linkedin link ba
\x356135626235653064356362373730613735303031326338,course-v1:GTx+ISYE6501x+1T2018,everyone priya atlanta georgia business intelligence analyst healthcare firm interesting fact also gt business administration class jacket
\x356135393236613534346131353030386232303031303630,course-v1:GTx+ISYE6501x+1T2018,everyone priya atlanta b isye worked software consulting space undergrad first ibm recently bi predictive analytics startup currently focused omsa moving product management space fun fact playlearn music hobby great connect fellow student atlanta study group
\x356135363938353637616366326430383232303031313035,course-v1:GTx+ISYE6501x+1T2018,graduated undergrad gt data science work government
\x356135363762396334346131353030386133303030666434,course-v1:GTx+ISYE6501x+1T2018,guy work bi developer plastic manufacturing company dallas looking forward class working best regard
\x356135363762326664356362373730616165303031303566,course-v1:GTx+ISYE6501x+1T2018,everyone consultant transitioning data science role one interesting fact moved time last two year plan moving least twice year hence needed online master program haha love travel explore new place
\x356135353836643034346131353030383865303030663864,course-v1:GTx+ISYE6501x+1T2018,name system engineer primarily dod consulting firm currently la grew nh spent near decade tampa miami fl excited learn starting mech undergrad spend year studying mixed medium painting
\x356135353139646437616366326430383239303030646135,course-v1:GTx+ISYE6501x+1T2018,born raised around atlanta currently working consultant small software startup minimal experience outside little undergraduate study fairly competent python plsql day job anyone want meet studyingreview particularly testquiz shoot message
\x356135353035343237616366326430383539303030663437,course-v1:GTx+ISYE6501x+1T2018,everyone moved houston tx summer time hurricane harvey work oil gas people houston coming texas lived oregon travel lot job excited able program completely online dont experience though little nervous cant wait meet study group
\x356135346265346537616366326430383464303030636661,course-v1:GTx+ISYE6501x+1T2018,back wood new hampshire currently working manufacturing engineer contract manufacturer pharmaceutical industry excited hone data analysis skill
\x356135336566653137616366326430383533303030636662,course-v1:GTx+ISYE6501x+1T2018,howdy yall hail dallas tx currently work analyst data operation fidelity investment used judge chinese karaoke contest uc berkeley undergrad despite knowing chinese well mostly memorized song lyric
\x356135343436373434346131353030383934303030663637,course-v1:GTx+ISYE6501x+1T2018,originally colombia currently relocating fort wayne indiana bachelor physic uf master science physic texas look forward collaborating course
\x356135343366323234346131353030383865303030653964,course-v1:GTx+ISYE6501x+1T2018,san ramon california work att lab nd class oms analytics master program looking forward meeting
\x356135343331636637616366326430383266303030636263,course-v1:GTx+ISYE6501x+1T2018,currently live lincoln ne work supply chain pet food manufacturing plant originally orlando excited learn
\x356135343063343634346131353030386334303031303437,course-v1:GTx+ISYE6501x+1T2018,amto amestwindow onavax
\x356135343038666364356362373730613930303030653666,course-v1:GTx+ISYE6501x+1T2018,everyone name live work area southern california currently work business analyst esri gi company first class program excited start journey fact also work dishwasher helper cleaner wife amazing cook honestly good
\x356135336632363234346131353030383937303030666261,course-v1:GTx+ISYE6501x+1T2018,everyone name graduated university south florida tampa moved atlanta metro area excited build statistic degree enhance analytical skill
\x356135336563656334346131353030386163303030643861,course-v1:GTx+ISYE6501x+1T2018,everyone name currently dallas tx new orleans atlanta los angeles ive recently started new phase career working chief data office helping ensure organization datapowered roadmap thrilled class look forward working
\x356135336464383434346131353030383865303030653630,course-v1:GTx+ISYE6501x+1T2018,everyone name currently network engineer atts mobility network live greateratlanta area work brookhaven looking forward working everyone begin class
\x356135336334626437616366326430383539303030653738,course-v1:GTx+ISYE6501x+1T2018,name california love learning excited course
\x356238656335363833623061626330393838303032333132,course-v1:GTx+ISYE6501x+3T2018,folk shujie cleveland city cavalier brown indian alright mentioned sport team knew something sport honestly personal interest anime boxing xd glad join program exciting try something new look forward challenge ask looooooooot question
\x356238333538383163333035616430613030303031646430,course-v1:GTx+ISYE6501x+3T2018,folk anil naperville managing director data analytics consulting firm based city chicago office worldwide majority work past related relational database currently interested seeing capability language python talk everyone soon
\x356237663936376463333035616430396566303031626438,course-v1:GTx+ISYE6501x+3T2018,everyone computer security analyst working military love thing related computer science stats algorithm programming general
\x356237663630303061353232303330393766303031613966,course-v1:GTx+ISYE6501x+3T2018,name cassandra recently moved chicago il annapolis md start data analytics lead position consulting company previous work experience various nonprofit conservation organization leveraging data analytical tool improve environmental outcome looking forward expanding knowledge base oms program
\x356237653633336163333035616430613062303031396633,course-v1:GTx+ISYE6501x+3T2018,atlanta let study group
\x356237643934386533623061626330393936303031396562,course-v1:GTx+ISYE6501x+3T2018,atlanta senior manager excited dive deeper analytics one interesting fact already degree georgia tech mechanical engineering ive football season ticket since graduated year ago jacket
\x356237636131663133623061626330393931303031393365,course-v1:GTx+ISYE6501x+3T2018,name work delivery lead pharmaceutical company interesting fact indian married polish girl child born czech republic
\x356237633734383833623061626330396337303031393434,course-v1:GTx+ISYE6501x+3T2018,name live john creek ga work accenture looking forward working
\x356237633531393533623061626330393939303031623135,course-v1:GTx+ISYE6501x+3T2018,name currently work data analyst murmuration nonprofit technology startup support organization education reform space free time also music producer trumpet player looking forward part gt community
\x356237626565343761353232303330393932303031386232,course-v1:GTx+ISYE6501x+3T2018,new york scout baseball player mets looking forward course rest program yall
\x356237623837646363333035616430396662303031613362,course-v1:GTx+ISYE6501x+3T2018,everyone fun fact ive changed company three time past four year without ever quitting worked hp sold group pmc bought bought microchip bachelor ee write firmware storage controller smartraid started gt omscs program switched omsa opened school kind felt work programming processor memory etc wanted learn something different
\x356237623830636163333035616430396566303031393032,course-v1:GTx+ISYE6501x+3T2018,name esteban work business analyst financial institution helping forecast loss portfolio fun fact circumnavigated globe
\x356237623734663061353232303330393664303031613438,course-v1:GTx+ISYE6501x+3T2018,much looking forward getting group work everyone
\x356237623734333363333035616430613331303031616663,course-v1:GTx+ISYE6501x+3T2018,everyone really excited working course currently finance global banker insurance group live outside triangle north carolina huge atlanta falcon fan cameron
\x356237623563316461353232303330393461303031396264,course-v1:GTx+ISYE6501x+3T2018,everyone name currently research assistant economist boston look forward learning concept course ill able apply job returned home amazing trip jamaica engaged
\x356237623136353633623061626330396262303031393830,course-v1:GTx+ISYE6501x+3T2018,everyone based san francisco originally atl b ie gt
\x356237623134663261353232303330393562303031373732,course-v1:GTx+ISYE6501x+3T2018,everybody looking forward learning telecom background recently discovered interest data analysis
\x356237616539636561353232303330393863303031383637,course-v1:GTx+ISYE6501x+3T2018,everyone name looking forward learning semester currently work solution engineer logistics company half job using data answer business question excited apply learn course
\x356237616364643533623061626330393964303031393763,course-v1:GTx+ISYE6501x+3T2018,everyone name work analyst chickfila fun fact wife went spelunking past weekend cave chattanooga fun look forward learning alongside
\x356237616362653561353232303330393734303031383966,course-v1:GTx+ISYE6501x+3T2018,name work consulting firm healthcare actuary looking forward learning
\x356237616362643433623061626330393964303031393761,course-v1:GTx+ISYE6501x+3T2018,name lechi work data analyst look forward learn course
\x356237616334653161353232303330393734303031383938,course-v1:GTx+ISYE6501x+3T2018,everyone currently working analytics consulting company louisville kentucky moving nc sep th id love meet people rtp area name year old
\x356237383132396361353232303330393836303031363837,course-v1:GTx+ISYE6501x+3T2018,excited learn different model programming tool class
\x356237333739343261353232303330393764303031333838,course-v1:GTx+ISYE6501x+3T2018,name former software engineer omsa order transition data science
\x353939646133303839646562386230396264303030353263,course-v1:GTx+ISYE6501x+3T2017,sure happened didnt receive news class registering via buzzport result didnt create edx account via long story short username match gt username try following instruction unlink account unable since differ instruction go pdf instruction fix issue secondly omsa student enrolled class via buzzport need upgrade course verified set audit
\x353939633961356161343432303730613036303030346566,course-v1:GTx+ISYE6501x+3T2017,everyone bethesda maryland moving virginia short month graduated elon university degree math computer science currently working data scientist small startup company called building data platform making financial prediction hedge fund also worked geico data scientist credit suisse software engineer done triathlons plan next year courtney amazonawscom jpg
\x353939623861396363636432363730396339303030343131,course-v1:GTx+ISYE6501x+3T2017,everyone name currently live miami moving back hawaii september currently working medical device industry started rd engineer san francisco recently moved sale spent five year marine graduated gt electrical engineering degree really excited course getting better back football field
\x353939623436373263636432363730396437303030336630,course-v1:GTx+ISYE6501x+3T2017,live augusta ga work fort gordon army studied math west point swam first duty station anchorage ak
\x353939613439333039646562386230396363303030336135,course-v1:GTx+ISYE6501x+3T2017,originlly colombi moved illinois yr msc nd phd geotechnicl ing working currently pln dive dt anlytics world becuse growing opportunity pply mny field lso mother two young kid reshping reinventing creer nybody sme bot lone
\x353939396133643439646562386230393864303030333032,course-v1:GTx+ISYE6501x+3T2017,name geospatial analyst springfield va academic background chemistry biodefense army brat suppose anywhere particular ive spent time dc metro area rare ive fortunate travel including standing ruin became dangerous
\x353939393431633139646562386230393933303030326262,course-v1:GTx+ISYE6501x+3T2017,everyone wanted pas along nice link classmate took isye edx summer hxi gwczd gsm cdnm hgmvn eyaawyxv fdfehne text screenshots version lecture come u care peer isye slack post detail youre curious gtxisye ccd
\x353939393431363463636432363730396536303030333036,course-v1:GTx+ISYE6501x+3T2017,everyone wanted let folk there studentrun unofficial slack team course help concept hold whiteboardlevel discussion come join u mdiymzi odqylte otu nza mzitzdfimdk mtm oa youre omsa also group omsa generally
\x353939373536636463636432363730396230303030323638,course-v1:GTx+ISYE6501x+3T2017,everyone name friend call feel free call come naturally grew mexicali mexico moving los angeles ca regretfully dont speak spanish cross usmexico border every day attend school learn english currently consultant att based los angeles ca
\x356436313464623063303664323630393466303031333538,course-v1:GTx+ISYE6501x+2T2019b,sandeep atlanta ga past year retail industry currently director role analytics changing life industry excited start journey everyone
\x356436303538343863303664323630393631303030666333,course-v1:GTx+ISYE6501x+2T2019b,working structural engineer start fall omsa program looking forward working together
\x356436303436303138343435326130373835303031316234,course-v1:GTx+ISYE6501x+2T2019b,looking forward working everyone
\x356435663039653463303664323630393631303030663066,course-v1:GTx+ISYE6501x+2T2019b,marcie atlanta good luck everyone
\x356435663036393263303664323630393337303031313031,course-v1:GTx+ISYE6501x+2T2019b,live golden colorado work boulder colorado software engineer big time runner getting lot skiing lately anyone meet run ski session feel free respond
\x356435656564343038343435326130376333303031303663,course-v1:GTx+ISYE6501x+2T2019b,richmond va work project lead deloitte consulting looking forward great semester yo
\x356435646461633138343435326130373838303031303033,course-v1:GTx+ISYE6501x+2T2019b,name interested nlp deep learning looking forward working class everyone
\x356435636236663938313439666430393235303030656564,course-v1:GTx+ISYE6501x+2T2019b,located la excited learn analytics
\x356435633937633438343435326130373965303030663037,course-v1:GTx+ISYE6501x+2T2019b,pursuing master analytics advance engineering profession enjoy model based engineering hope incorporate analytics method unique way solve problem gym used pretty good jiu jitsu need lose weight gotten busy joined cross fit gym hope work guy develop skill together
\x356435623838653138313439666430393333303030656637,course-v1:GTx+ISYE6501x+2T2019b,everyone started omsa fall working chip power semiconductor company nice meet
\x356435623739353438313439666430393262303030653461,course-v1:GTx+ISYE6501x+2T2019b,name originally kansa city kansa live newberg oregon work cerner health company based kc consultant interesting fact married summer wife honeymooned azores small chain island mile west mainland portugal
\x356435623736343238313439666430393631303030656563,course-v1:GTx+ISYE6501x+2T2019b,mba almost year ago hopefully brain elasticity left far seems moving fast havent found textbook yet jk look much changed dont work data even work siemens gm automation side always uniquely intrigued stats technology seemed great mesh fun force really learn program high level look forward engaging semester go
\x356435623638363663303664323630393538303030656134,course-v1:GTx+ISYE6501x+2T2019b,software engineer new jersey looking forward learn analytics
\x356435623631346638343435326130373935303030653033,course-v1:GTx+ISYE6501x+2T2019b,everyone name process deer park texas east houston fun fact cellist avid classical music enthusiast
\x356435623538323763303664323630393763303031333936,course-v1:GTx+ISYE6501x+2T2019b,getting verified certificate omsa student make sure checking piazza forum georgia tech student canvas verified student link discussion qa piazza forum moderated ta communication may discovery made week micromasters student fall
\x356435623265663038343435326130376231303030653530,course-v1:GTx+ISYE6501x+2T2019b,everyone name cumming georgia suburb thirty minute north atlanta currently network engineer att worked company since ive
\x356435623237376538343435326130376338303030643936,course-v1:GTx+ISYE6501x+2T2019b,everyone name sale data analyst saas company based nj also big foodie run food truck weekend
\x356435623137383238343435326130376432303030643636,course-v1:GTx+ISYE6501x+2T2019b,everyone name data analyst living southern maine looking forward course
\x356435623065626638343435326130376336303030653437,course-v1:GTx+ISYE6501x+2T2019b,everyone sydney charlotte nc currently work aig member technology analyst program looking forward strengthening analytical background course
\x356435623063373038343435326130373935303030646364,course-v1:GTx+ISYE6501x+2T2019b,miami florida excited part amazing batch working data engineering business intelligence decade interested gain indepth knowledge data science machine learning looking forward studying
\x356435616665613538343435326130373935303030646265,course-v1:GTx+ISYE6501x+2T2019b,new york city currently work bank pricing security interesting fact ive world wonder love travel
\x356435616462643838313439666430393738303030656364,course-v1:GTx+ISYE6501x+2T2019b,everyone name grew grand rapid michigan attended wheaton college near chicago lived louisville ky roughly four year three year actuary humana past four month data analyst norton healthcare interesting fact diehard michigan football fan attending game since kindergarten
\x356435616436343438313439666430393439303030643630,course-v1:GTx+ISYE6501x+2T2019b,everyone name first year student gt currently work data analytics team financial institution greater philadelphia area u look forward meeting learning class best
\x356435616266666263303664323630393565303030633739,course-v1:GTx+ISYE6501x+2T2019b,elif istanbul turkey b computer engineering industrial engineering currently working fashion retailer planner
\x356435616234616138343435326130376131303030643864,course-v1:GTx+ISYE6501x+2T2019b,everyone name come shanghai china project manager working retail company responsible data analysis system company excited new life need working study balance glad meet
\x356435616232393563303664323630393466303030656432,course-v1:GTx+ISYE6501x+2T2019b,neha live atlanta worked electrical engineer year ago restarting career taking parenting break
\x356435616231336638343435326130373965303030643833,course-v1:GTx+ISYE6501x+2T2019b,name trinidad tobago currently working geologist really excited taking step realm analytics data also completing master petroleum engineering hoping use learn analytics degree field reservoir engineering
\x356435616139623638313439666430393535303030646563,course-v1:GTx+ISYE6501x+2T2019b,chaitanya working consultant pharma company part analytics team tasked providing insight leadership field force performance drug looking forward lot learning
\x356365313864626464386561623130393639303031376662,course-v1:GTx+ISYE6501x+2T2019a,cameron atlanta area director bi corporate system looking expand knowledge skillset analyzing data build infrastructure managing
\x356365303065353664386561623130393565303031373966,course-v1:GTx+ISYE6501x+2T2019a,started program last semester quite eye opening much educational method changed year ago looking forward challenge currently employed bank america credit risk charlotte nc
\x356364656139316330646166633630396333303031373631,course-v1:GTx+ISYE6501x+2T2019a,manage team developer mldsde build stream processing platform modular analytics service worldwide customer looking set collegial peer reviewer help make homework submission better
\x356364613163333935303761376130396432303031343733,course-v1:GTx+ISYE6501x+2T2019a,everyone currently residing nc work analytic consultant lue cross nc working omsa one course time looking forward learning working random fun factive sued found guilty gentleman awarded
\x356531333866353339356230363230393332303033373934,course-v1:GTx+ISYE6501x+1T2020,everyone alejandro senior marketing analytics analyst washington dc
\x356531626264306637666562653530393637303032626663,course-v1:GTx+ISYE6501x+1T2020,name omscs program trying education whilst getting master degree took class understand analytics model analytics better
\x356531626161666337666562653530393565303032636266,course-v1:GTx+ISYE6501x+1T2020,name honduras central america business administration financial management background worked cooperation development project honduras usaid wbiadb financial management monitoring evaluation project lately getting business analytics working data set power bi think great tool data analysis hope one learn work life experience well
\x356531623034363837666562653530393535303034303231,course-v1:GTx+ISYE6501x+1T2020,current job using analytics related concept interested learning model used various context auditing course may end buying try transfer credit omsa omscs later well go
\x356531616665633063373632373730393536303033646263,course-v1:GTx+ISYE6501x+1T2020,apology basic question difficulty running ksvm function installed kernlab library getting following line work model ksvmdata data scaledtrue help anyone provide resolve welcome
\x356531613737656237666562653530393730303033646531,course-v1:GTx+ISYE6501x+1T2020,everyone excited little nervous starting school many year currently working data management team hedge fund boston looking forward learning technical skill around data analytics spare time love watch old kung fu movie
\x356531386238313539356230363230393434303032613537,course-v1:GTx+ISYE6501x+1T2020,timeline submitting week
\x356531386130636539356230363230393233303032393733,course-v1:GTx+ISYE6501x+1T2020,everyone name currently work data analyst small retail company cincinnati ohio bachelor science data analytics business specialization ohio state university taking course enhance knowledge predictive analytics
\x356531383434323739356230363230393134303033373032,course-v1:GTx+ISYE6501x+1T2020,dubai looking forward learning everyone
\x356531373662373563373632373730393536303033626563,course-v1:GTx+ISYE6501x+1T2020,good evening name live florida work software analyst itfinancial company loving wife kid last year ive helped maintain hamp software suite backbone making home affordable program help people keep house
\x356531363262303639356230363230393431303033373630,course-v1:GTx+ISYE6501x+1T2020,name ezgi work manufacturing company industrial engineering planning apply omsa georgia tech looking forward learning statistic appropriately apply
\x356531353563346539356230363230393230303032386438,course-v1:GTx+ISYE6501x+1T2020,instructor mentioned lesson couldnt find course distance metric data scaling etc anyone know find
\x356531353433306339356230363230393536303033323066,course-v1:GTx+ISYE6501x+1T2020,chevron houston tx nd working reservoir simultion reserch nd development
\x356531353137366163373632373730393534303032623263,course-v1:GTx+ISYE6501x+1T2020,kenya currently working master thesis egertom university
\x356531346633306539356230363230393530303032366661,course-v1:GTx+ISYE6501x+1T2020,new struggling getting platform set able download gui internet added package kernlab dont insert data file keep receiving error message additionally anyone tip bringing speed good resource experience
\x356531346565366439356230363230393536303033316530,course-v1:GTx+ISYE6501x+1T2020,writing salem work associate professor business small christian college salem working spending time family brazilian look forward working learning lot
\x356531346539636437666562653530393736303032653630,course-v1:GTx+ISYE6501x+1T2020,everyone name currently work truist bank business analyst thing spare time hike hit museum hang friend hope everyone great semester
\x356531346366333737666562653530393634303032376535,course-v1:GTx+ISYE6501x+1T2020,everyone data consultant houston tx give shout meet upwork together
\x356531333932316637666562653530393235303032393561,course-v1:GTx+ISYE6501x+1T2020,happy waiting training let learn
\x356531343966343263373632373730393237303032356361,course-v1:GTx+ISYE6501x+1T2020,name business analyst insurance company kansa city
\x356531343837326639356230363230393164303033306662,course-v1:GTx+ISYE6501x+1T2020,business analyst looking build technical skillset eventually pursue m analyticsdata science currently auditing course may switch edx micromaster eventually apply master degree
\x356531343131633039356230363230393539303032656536,course-v1:GTx+ISYE6501x+1T2020,seattle wa oracle eb application consultant working supply chain domain looking forward progressing career analytics join oms analytics
\x356531343038383037666562653530393166303032626530,course-v1:GTx+ISYE6501x+1T2020,name work bbt truist data analyst private wealth management family german shepherd silent scifi fantasy trekie skywalker middle earth nerd think head class
\x356531336664643339356230363230393035303032636130,course-v1:GTx+ISYE6501x+1T2020,name work system engineer saic taking course expand professional opportunity
\x356531336563303839356230363230393164303033306132,course-v1:GTx+ISYE6501x+1T2020,youre completed th cross country orange county relocation past year back california currently located san francisco analytics lead global sale operation team commercial cloud enterprise space interestingrare impressive fact living nyc performed stand comedy comedy cellar part new comic showcase
\x356531336462613739356230363230393164303033303938,course-v1:GTx+ISYE6501x+1T2020,youre atlanta ga digital transformation leader large private manufacturing company interestingrare impressive fact hate running love run spartan race tough mudder
\x356531336436383839356230363230393563303032636232,course-v1:GTx+ISYE6501x+1T2020,graduated southern polytechnic state degree electrical engineering currently design engineering team lead electric generator product range kva kva sharpen data modeling analysis skill micro master program maybe progress master program
\x356531336365333863373632373730393534303032613832,course-v1:GTx+ISYE6501x+1T2020,guy student seattle wa glad learn everyone
\x356531336338623163373632373730393462303032333464,course-v1:GTx+ISYE6501x+1T2020,everyone moved ca month ago new career background chemistry really learn data science field really excited part class learn anyone thing enjoy include reading writing traveling many thing local feel free reach ever meet study session looking forward working
\x356531336239373839356230363230393236303032363831,course-v1:GTx+ISYE6501x+1T2020,everyone name atlanta native sit finance function large bank town providing spendsavings analytics come project management background hoping expand knowledge data drive business decision
\x356531336230633339356230363230393164303033303763,course-v1:GTx+ISYE6501x+1T2020,name located colorado work contract manufacturer site associated medical device field year look forward moving analytics field class first step master program
\x356531333963336337666562653530393331303033616331,course-v1:GTx+ISYE6501x+1T2020,currently living bay area pursuing career realm analytics better understanding analytical tool methodology
\x356531333937613837666562653530393436303032383866,course-v1:GTx+ISYE6501x+1T2020,everyone happy monday name new jersey graduated b biology currently working quality control chemist currently auditing course hoping verify earn micromasters path towards omsa master huge nerd love scientific fact video game random warcraft halo lore
\x356531333766323539356230363230393563303032633663,course-v1:GTx+ISYE6501x+1T2020,everyone name mauricio located mexico city currently work polyurethane fild sale engineer mechatronic engineer implement data analysis knowlaged order information potetial customer potetial location mexico central america improve company sale hope enjoy course together lear much implement skill business area
\x356531333739646663373632373730393564303032656232,course-v1:GTx+ISYE6501x+1T2020,name based nyc much looking forward getting started class currently run company pursuing oms degree gt
\x356531333737363739356230363230393461303032366361,course-v1:GTx+ISYE6501x+1T2020,name live austin tx area moved last spring boston area work independent consultant mainly area real estate product strategy looking forward working semester reach local id love connect
\x356531333735356237666562653530393364303032373132,course-v1:GTx+ISYE6501x+1T2020,aditya hyderbad exploring subject
\x356531333531646237666562653530393361303032383166,course-v1:GTx+ISYE6501x+1T2020,new student interested pursuing master georgia tech taking micromasters program head start class
\x356531333461373563373632373730393264303032363336,course-v1:GTx+ISYE6501x+1T2020,name heeren jhaveri recently moved washington dc work business transformation consultant growing management consulting firm taking course interested learning big data eventually plan apply omsa program free time enjoy reading staying active running playing basketball tennis traveling favorite country ive visited far include japan italy india good luck everyone
\x356531333365663863373632373730393261303032353365,course-v1:GTx+ISYE6501x+1T2020,name live dallasfortworth metroplex work technology tinkering technology interesting fact something common given key city la vega
\x356333666139643435386164636230393566303030666439,course-v1:GTx+ISYE6501x+1T2019,name currently director supply chain optimization graphic packaging make starbucks cup lot paper packaging used flyfishing guide colorado
\x356333653936323064623730613930396264303030643232,course-v1:GTx+ISYE6501x+1T2019,everyone homework gatech turn coderesults
\x356333653431646164623730613930396261303030633865,course-v1:GTx+ISYE6501x+1T2019,everyonei excited course pursuing oms gatech catching still process registered catching first week anything urgent let everyone yoan
\x356333643031613364623730613930396237303030643639,course-v1:GTx+ISYE6501x+1T2019,greeting everyone name live smyrna ga currently work analyst floor decor looking forward sharpening skill course
\x356333633836613735386164636230393965303030636534,course-v1:GTx+ISYE6501x+1T2019,anybody help find piazza access gt student
\x356333623735396535386164636230396161303030623937,course-v1:GTx+ISYE6501x+1T2019,name sean currently captain u army cyber warfare branch born alabama work traveling lot cant really claim living one place looking forward semester
\x356333623636316664623730613930396336303030623436,course-v1:GTx+ISYE6501x+1T2019,maine working product manager hrtech startup excited learning semester meet study group anyone area
\x356333613465343764623730613930393830303030626362,course-v1:GTx+ISYE6501x+1T2019,name work ga tech landscape service background ag science naturally bit nervous career switching also excited new path
\x356333393835333133656239653630393964303030626337,course-v1:GTx+ISYE6501x+1T2019,video section say remember linear algebra distance two parallel line plus plus greater equal plus plus less equal first part plus plus greater equal
\x356333373931663233656239653630396334303030613439,course-v1:GTx+ISYE6501x+1T2019,everyone name live sydney australia work analytics looking forward course learning new thing cheer
\x356333373831323335386164636230393866303030396664,course-v1:GTx+ISYE6501x+1T2019,pergat dc metro working planning director big pharma company first course spring omsa semester best u
\x356333366366303464623730613930393933303030616135,course-v1:GTx+ISYE6501x+1T2019,everyone name ive digital management throughout career pursuing data analytics master design implement data analytics product develop optimize future anyone la near lax ping love meet study together
\x356333353761643535386164636230393539303030393737,course-v1:GTx+ISYE6501x+1T2019,name dosimetrist fort smith ar looking make career change dont lot data experience yet hoping learn quite lot quickly
\x356333353531623564623730613930393830303030386166,course-v1:GTx+ISYE6501x+1T2019,work midtown data scientist honeywell went nc state undergrad industrial engineering first semester analytics program excited started
\x356333353531316564623730613930393830303030386164,course-v1:GTx+ISYE6501x+1T2019,everyone alejandro méxico currently working heineken analytics translator
\x356333353466353335386164636230393566303030393233,course-v1:GTx+ISYE6501x+1T2019,everyone name plant engineering manager chemical manufacturing site tennessee
\x356333353366613064623730613930393933303030393634,course-v1:GTx+ISYE6501x+1T2019,name currently working advertising found interest analytics excited start class
\x356333353139376264623730613930393939303030383663,course-v1:GTx+ISYE6501x+1T2019,name live roswell ga undergrad tech industrial engineering work analytics consultant
\x356333353063376533656239653630393862303030386538,course-v1:GTx+ISYE6501x+1T2019,software architect m computer information science university south alabama ive working atlanta software industry since year primarily web io android development last year looking change thing bit learning skill longer shelflife
\x356333353034373533656239653630396334303030383663,course-v1:GTx+ISYE6501x+1T2019,everyone south african living working netherlands internal audit manager location technology content service provider look forward learning together
\x356333346661306164623730613930396165303030393233,course-v1:GTx+ISYE6501x+1T2019,folk name located atlanta ga bachelor aerospace engineering georgia tech worked student georgia tech research institute graduating gtri moved tucson az year work usaf jet recently moved back atlanta work campus tech focus analyzing flight test data
\x356333346538636264623730613930396132303030383932,course-v1:GTx+ISYE6501x+1T2019,everyone atlanta first semester omsa program left job year cpa big accounting firm tax data analytics group complete program fulltime transition data itll challenging journey look forward lie ahead everything learn look forward hearing
\x356333346531376235386164636230393863303030383363,course-v1:GTx+ISYE6501x+1T2019,founded compensation analytics firm year biglaw big accounting typical client smaller publicly traded biotech typically advise board director management compensation also quite bit expert testimony work guess say enthusiast love modeling technique likely fluent system software
\x356333346338393933656239653630393964303030386166,course-v1:GTx+ISYE6501x+1T2019,everyone stamford ct first semester worked year insurance reinsurance actuary looking forward great semester
\x356333346135373033656239653630393931303030383366,course-v1:GTx+ISYE6501x+1T2019,everyone louisville ky area actually southern indiana fist semester omsa program super excited senior software engineer humana health insurance fun fact competitive ballroom dance husband
\x356333343362343433656239653630393964303030383433,course-v1:GTx+ISYE6501x+1T2019,everyone name work data applied scientist microsoft greater seattle area youre also seattleite let study time
\x356333343230303833656239653630396262303030376439,course-v1:GTx+ISYE6501x+1T2019,name indiana live wisconsin work small clinical software company first cousin
\x356333343037656535386164636230393637303030373736,course-v1:GTx+ISYE6501x+1T2019,everyone first semester oms data analytics working category manager robinson fresh importing produce country marketing united state looking great semester
\x356333343030383235386164636230393639303030373938,course-v1:GTx+ISYE6501x+1T2019,everyone name nate chemical engineer mba working shale gas production company pittsburgh
\x356333336631313733656239653630396133303030376435,course-v1:GTx+ISYE6501x+1T2019,everyone name currently living baltimore md working business analyst paypal global business intelligence team anyone dmv area want meet study group reach looking forward learning
\x356333336330643464623730613930396231303030376563,course-v1:GTx+ISYE6501x+1T2019,everyone excited part class working telecom industry bigdata space hadoop administrator architect looking forward great semester
\x356333333939636133656239653630393862303030376330,course-v1:GTx+ISYE6501x+1T2019,everyone name currently live san antonio tx work sr decision science analyst usaa excited start program ga tech amazing school analytics program increase working theoretical statistical analytical skill married one kid yo girl love much also dog cat love cooking hanging friend love playing roller ice hockey
\x356333333732656233656239653630393934303030366662,course-v1:GTx+ISYE6501x+1T2019,everyone name live fort lauderdale florida area work miami area looking forward getting
\x356333333762633064623730613930396264303030366161,course-v1:GTx+ISYE6501x+1T2019,data analyst law firm dallas work remotely parttime anyone denver metro area reach enjoy someone study
\x356333333461386633656239653630393835303030373534,course-v1:GTx+ISYE6501x+1T2019,name currently live boston originally arizona currently work wayfair strategy analyst hope become data scientist coming year looking forward meeting everyone best
\x356166623537626438343435326130383366303035633665,course-v1:GTx+ISYE6501x+2T2018,atlanta looking forward learn lot class
\x356135663635363162646138333630393663303030306633,course-v1:GTx+ISYE6501x+1T2018,live northern va dc suburb work dc work federal government engineering mba background interested people area may interested form study group
\x356135613264323934346131353030386262303031326336,course-v1:GTx+ISYE6501x+1T2018,sree short pune india lead data insight practice healthcare manufacturing company called syntel strange idle musing often intersection mathematics philosophy
\x356135383162313534346131353030386232303030666531,course-v1:GTx+ISYE6501x+1T2018,data scientist la work federally funded research facility typically customer come extract insight clean unstructured data mostly self learned academic background physic formalize education bit hopefully fun course
\x356135366462393937616366326430383239303030656336,course-v1:GTx+ISYE6501x+1T2018,asheville nc currently work local hospital system analytics thrilled taking course job mother year old girl year old boy love live music travel often
\x356135366238376237616366326430383166303031316532,course-v1:GTx+ISYE6501x+1T2018,everyone name virginia work system engineer northrop grumman also trying open business wearable tech field
\x356135366233306434346131353030386436303030656530,course-v1:GTx+ISYE6501x+1T2018,everyone name live atlanta working enterprise architect
\x356135353630643237616366326430383137303031323538,course-v1:GTx+ISYE6501x+1T2018,name live atlanta undergrad washu st louis major finance took programming class well work finance grady hospital omsa program first omsa class interested entering healthcare field feel free reach looking forward class
\x356135343262626264356362373730613864303030653738,course-v1:GTx+ISYE6501x+1T2018,name work georgia department human service atlanta ga mba logistics ba industrial engineering interested learning analytics enhance decision making skill
\x356135343237363034346131353030383865303030653865,course-v1:GTx+ISYE6501x+1T2018,name live seattle currently work business intelligence analyst alaska airline looking forward starting omsa getting
\x356135343135343564356362373730616330303030656338,course-v1:GTx+ISYE6501x+1T2018,guy nashville home goo goo cluster clinical data analyst hospital corporation america hca enjoy ole fashioned boot skootin
\x356135336565363134346131353030383963303030666434,course-v1:GTx+ISYE6501x+1T2018,everyone local atlanta work georgia tech athletics interesting fact coach london olympics excited course everyone
\x356135336665383064356362373730613930303030653634,course-v1:GTx+ISYE6501x+1T2018,name many also local atlanta currently national director small tech firm roswell ga little known fact make mobile game spare time keep programming skill sharp looking forward term
\x356135336338316234346131353030386238303030656363,course-v1:GTx+ISYE6501x+1T2018,name system engineer defense company colorado spring colorado first class master analytics program excited learning new information addition engineer father also pretty good cook
\x356135336139303037616366326430383032303030653664,course-v1:GTx+ISYE6501x+1T2018,name work small consulting firm washington dc providing analytics support government defense department client interesting fact fortunate enough support project notable dc metro location including white house department state fbi headquarters task always fun memorable location look forward learning regard
\x356135333936663164356362373730616132303030653635,course-v1:GTx+ISYE6501x+1T2018,name deepak plano tx database adminanalyst working finance company hope exciting learning
\x356237663863343861353232303330393661303031623761,course-v1:GTx+ISYE6501x+3T2018,name working data analyst software company geek machine learning data science stats also love hike bike snowboard rockies
\x356237653430623563333035616430613331303031643234,course-v1:GTx+ISYE6501x+3T2018,name currently working data analyst telecom company el segundo ca excited start analytics program learn analytic tool help career goal look forward interacting guy
\x356237653265656461353232303330393761303031623331,course-v1:GTx+ISYE6501x+3T2018,name vivek live dallas tx excited
\x356237636237636563333035616430613030303031396539,course-v1:GTx+ISYE6501x+3T2018,everyone name atl working software dev looking forward semester
\x356237633761353133623061626330396232303031616462,course-v1:GTx+ISYE6501x+3T2018,everyone working data analyst healthcare company atlanta looking forward working
\x356237633231653533623061626330396133303031393533,course-v1:GTx+ISYE6501x+3T2018,viren irving tx looking forward working group
\x356237633063653361353232303330393566303031623966,course-v1:GTx+ISYE6501x+3T2018,work business intelligence developer washington dc first course analytics master degree looking forward
\x356237633039653733623061626330393862303031613837,course-v1:GTx+ISYE6501x+3T2018,lifelong texan born raised houston went undergrad austin living north dallas plano tx spent career stint consulting positively running crm business system team google elastic
\x356237633037386633623061626330396133303031393339,course-v1:GTx+ISYE6501x+3T2018,everyone name live north atlanta work midtown atlanta economic analyst bachelor master degree physic entering oms analytics program semester look forward discussing course semester
\x356237623961316161353232303330393664303031613564,course-v1:GTx+ISYE6501x+3T2018,everyone vivek dallas texas new analytics excited explore learn new domain
\x356237623831616133623061626330396361303031373939,course-v1:GTx+ISYE6501x+3T2018,classmate name work motorola senior program manager school year completing master engineering university louisville education life learning journey end based simply age thought oldest class reading everyones post make feel comfortable welcome everyone post
\x356237623735313561353232303330393766303031383163,course-v1:GTx+ISYE6501x+3T2018,team grew georgia find commercial credit analyst regional bank bozeman mt mba develop quantitative decisioning skill look forward learning julie
\x356237623537613933623061626330396238303031386664,course-v1:GTx+ISYE6501x+3T2018,everyone name kansa city missouri bi analyst report generator company business unit different area industry started position receiving december fun fact saw bussie butter cow missouri state fair weekend sixhundred pound cow sculpt butter probably confirms everyones perception missouri anyway looking forward starting omsa program course
\x356237623534393263333035616430613262303031396463,course-v1:GTx+ISYE6501x+3T2018,everyone name pravin ny moved kansa city missouri month ago graduated stony brook university past may degree applied math economics currently work data analyst kansa city royal baseball team look forward meeting everyone
\x356237623363633761353232303330393536303031376638,course-v1:GTx+ISYE6501x+3T2018,everyone name candace live work metro atlanta rd medical device company graduate gt b biomedical engineering excited learn analytics think exciting boost career
\x356237623036326163333035616430613136303031383336,course-v1:GTx+ISYE6501x+3T2018,working rtp area north carolina glad program look forward progressing
\x356237623035383333623061626330396331303031393536,course-v1:GTx+ISYE6501x+3T2018,everyone name reside chicago suburb currently work marketing consultant career worked ford intel mcdonalds owensillinois software startup founded government agency il looking forward learning course
\x356237616461656233623061626330396430303031386334,course-v1:GTx+ISYE6501x+3T2018,hong kong really nice meet
\x356237616266393263333035616430613238303031393830,course-v1:GTx+ISYE6501x+3T2018,work sale data analyst siemens munich germany look forward starting master analytics learing great deal help forum
\x356237376262643163333035616430613336303031363462,course-v1:GTx+ISYE6501x+3T2018,first course georgia tech enrolled analytics master anybody meet point let
\x356237613631346263333035616430613231303031386366,course-v1:GTx+ISYE6501x+3T2018,everyone name currently living hometown lebanon oregon phd program astrophysics decided job prospect data science much better end thing switched school wife moving around bit excited ability continue program matter country hope better excited start course
\x356237396536633863333035616430613139303031376132,course-v1:GTx+ISYE6501x+3T2018,everybody name pravin graduated degree applied math economics stony brook university long island ny moved kansa city missouri two month ago start job data analyst kansa city royal baseball team look forward working everyone learning new skill help bring another ring kc
\x356237396464623533623061626330396262303031386230,course-v1:GTx+ISYE6501x+3T2018,banking regulatory consultant twin city excited join cohort hope learn everyone
\x356237366538646363333035616430613030303031363766,course-v1:GTx+ISYE6501x+3T2018,currently working industrial engineer walt disney world orlando fl extremely excited begin program learn id love ahead connected many possible ive included link profile really looking forward opportunity future hold cheer
\x356237363130326133623061626330396436303031356234,course-v1:GTx+ISYE6501x+3T2018,name originally michigan move around lot work math undergrad looking actually apply ive learned
\x356237343335633163333035616430613366303031353464,course-v1:GTx+ISYE6501x+3T2018,live philadelphia area familiar starting omsa program taking course well mgt ive worked data analyst developer healthcare company since graduating undergrad degree information system engineering oversee several team charge data analysis system integration working implementation clinical claim editing software look forward interacting team channel
\x356237323061363133623061626330396162303031343264,course-v1:GTx+ISYE6501x+3T2018,everyone based houston tx currently work full time data analytics senior manager internal audit financial service company responsible building implementing data platform look forward expanding analytical skill help build robust platform user outside work family husband boy keep quite busy addition recently hoping start teaching class soon excited virtually meet
\x353961303435343963636432363730396536303030366138,course-v1:GTx+ISYE6501x+3T2017,typed model ksvmmydata mydata type csvc kernel vanilladot scaledtrue error fix error unexpected input model ksvmmydata mydata type
\x353961316131363139646562386230396462303030373466,course-v1:GTx+ISYE6501x+3T2017,downloaded kernlab library online called kernlab zip install file use
\x353939663738623763636432363730396639303030363763,course-v1:GTx+ISYE6501x+3T2017,typed model ksvmmydata mydata type csvc kernel vanilladot scaledtrue error fix error unexpected input model ksvmmydata mydata type
\x353939646339386261343432303730613166303030353466,course-v1:GTx+ISYE6501x+3T2017,import credit card data program
\x353939646232306361343432303730613036303030353730,course-v1:GTx+ISYE6501x+3T2017,name kevin furlong excited part inaugural omsa class reside greater atlanta area otp local work city current line work data analytics interested take learn classroom immediately apply business environment
\x353939383438333163636432363730396239303030323666,course-v1:GTx+ISYE6501x+3T2017,originally coming silicon valley specifically santa clara went school northern arizona university degree chemistry psychology active duty united state air force think interesting six month research neuroanatomical structure memory formation human implication
\x353939376132666161343432303730613135303030323636,course-v1:GTx+ISYE6501x+3T2017,lived connecticut last year long stretch nyc graduate georgia tech undergrad harvard law school managing partner greenwich ct based alternative investment firm partner cofounded focused investment esoteric asset class client primarily institutional investor insurance company endowment family office look forward meeting fascinating course
\x356436393534323338313439666430393337303031373137,course-v1:GTx+ISYE6501x+2T2019b,access homework sent several request email posted forum help
\x356436383833373338343435326130376338303031353566,course-v1:GTx+ISYE6501x+2T2019b,click homework show empty week week help
\x356436376463333163303664323630393535303031363838,course-v1:GTx+ISYE6501x+2T2019b,sorry late introduction moved ny state working data engineering data operation data management related project year started learning big data analytics side let touch
\x356436366361393738313439666430393465303031353664,course-v1:GTx+ISYE6501x+2T2019b,name live bay area
\x356436356638386338343435326130376139303031346165,course-v1:GTx+ISYE6501x+2T2019b,work healthcare interested using analytics healthcare optimization
\x356436326562353163303664323630393337303031326432,course-v1:GTx+ISYE6501x+2T2019b,hope everyone cooler temperature getting lately data quality analyst cant wait learn thing make better data scientist dont anything particularly rare interesting share haha
\x356436323065663138343435326130376131303031316636,course-v1:GTx+ISYE6501x+2T2019b,everyone san francisco omsa program rd semester enjoying program far work marketing analytics consulting
\x356436313666333138313439666430393662303031316330,course-v1:GTx+ISYE6501x+2T2019b,name janette based minneapolis area head team mall america started analytics team excited dig deeper
\x356435653061653638313439666430393463303031303236,course-v1:GTx+ISYE6501x+2T2019b,atlanta name look forward working everyone
\x356435646430316438343435326130373866303031306334,course-v1:GTx+ISYE6501x+2T2019b,work business analyst capital one studied journalism econ uncchapel hill heel
\x356435643461663738343435326130373830303030663235,course-v1:GTx+ISYE6501x+2T2019b,everyone aka jc beautiful miami sunshine state work ncr part role run restaurant analysis customer prospect really excited starting journey looking forward meeting guy bye
\x356435643239643538343435326130373965303030663533,course-v1:GTx+ISYE6501x+2T2019b,lagos nigeria currently working oil gas looking forward completing course guy
\x356435643234626538343435326130376333303030663435,course-v1:GTx+ISYE6501x+2T2019b,everyone name atlanta look forward discussing
\x356435636134353063303664323630393337303030663638,course-v1:GTx+ISYE6501x+2T2019b,anyone suggested material review day stay track
\x356435636133663238313439666430393238303030663262,course-v1:GTx+ISYE6501x+2T2019b,atlanta glad journey
\x356435633931626263303664323630393637303030653036,course-v1:GTx+ISYE6501x+2T2019b,yall name grew opp alabama electrical engineering degree uab currently working design engineer southern company atlanta georgia
\x356435633761643538343435326130373835303030663463,course-v1:GTx+ISYE6501x+2T2019b,live south brazil electrical engineer ive working last year currently manager company excited program also little nervous
\x356435633439336638343435326130376432303030653435,course-v1:GTx+ISYE6501x+2T2019b,everyone name currently working atlanta looking forward learn well connecting good luck u
\x356435623932353238343435326130373962303030656133,course-v1:GTx+ISYE6501x+2T2019b,seattle area hope learn group
\x356435623863393438343435326130373866303030663030,course-v1:GTx+ISYE6501x+2T2019b,previously mechanical engineer spend time pacific time zone student group let learn together help
\x356435623664633763303664323630393265303030656561,course-v1:GTx+ISYE6501x+2T2019b,name jefte abivadab jair ochaeta belize excited take part program sure student central america caribbean taking program one regard jefte
\x356435623564653638313439666430393361303030653131,course-v1:GTx+ISYE6501x+2T2019b,oms someone pacificwest coast time zone flexible collaborate west coast work daylight hour let id study group work boeing solution architect number year designing optimizing database data structure large small happy studying year without formal college class
\x356435623563663638343435326130376333303030653031,course-v1:GTx+ISYE6501x+2T2019b,working data analyst austin texas
\x356435623539373263303664323630393666303030646263,course-v1:GTx+ISYE6501x+2T2019b,marat denver work business analytics hope learn lot predictive modeling course
\x356435623534613038313439666430393537303030646265,course-v1:GTx+ISYE6501x+2T2019b,live charlotte nc lived atlanta moved charlotte atlanta lived new york long time born raised russia work financial service industry technical business analyst
\x356435623435313438343435326130376136303030646630,course-v1:GTx+ISYE6501x+2T2019b,name bi developer usaa analytics fascinating valuable field completed several course datacampcom yoyoist least blogged analytics exercise using yoyotricks dataset
\x356435623432393338343435326130373835303030653634,course-v1:GTx+ISYE6501x+2T2019b,work energy industry pittsburgh pennsylvania received b university pittsburgh m university akron originally philly love thing philly sport eats
\x356435623336333138313439666430393361303030646630,course-v1:GTx+ISYE6501x+2T2019b,everyone currently data analyst starting omsa program looking forward working learning
\x356435623330353138343435326130376163303030656235,course-v1:GTx+ISYE6501x+2T2019b,name data analyst marketing company sandy spring went georgia tech undergrad degree first semester back gt good back
\x356435623266666238343435326130373932303030653530,course-v1:GTx+ISYE6501x+2T2019b,everyone name baltimore maryland ingest associate siriusxm dc excited program undergraduate degree clemson dont acknowledge gt student august th tiger
\x356435623166623438343435326130373835303030653437,course-v1:GTx+ISYE6501x+2T2019b,work data science team cybersecurity department financial service company charlotte mainly python user also done bit travel also open idea local study group best
\x356435623163323263303664323630393532303030666330,course-v1:GTx+ISYE6501x+2T2019b,everyone alfonso taking oms texas worked big data long called mostly space anyone vicinity interested creating study group chance interact face face others every anyone interested
\x356435623031616138313439666430393530303030653836,course-v1:GTx+ISYE6501x+2T2019b,name nyc ive medical school hoping eventually biotech excited learn lot
\x356435616437393338313439666430393662303030646333,course-v1:GTx+ISYE6501x+2T2019b,alpharetta ga usa looking increase analytical power team support global freight forwarding ive continent globally enjoy global volunteer trip middle east september cousin mit attends amazonawscom jpg
\x356435616338393138343435326130373962303030646632,course-v1:GTx+ISYE6501x+2T2019b,research engineer aerospace company utc directly working data analytics excited join team data analytics learner practitioner
\x356435616334336338313439666430393465303030653132,course-v1:GTx+ISYE6501x+2T2019b,everyone work industrial engineer collins aerospace also run swing dancing organization excited everyone start program
\x356435616263313763303664323630393637303030633962,course-v1:GTx+ISYE6501x+2T2019b,everbody name ai vanguard philadelphia area undergrad ise spent two year software developer interested autonomous vehicle thing thereunto looking forward connecting many
\x356435616235393738313439666430393264303030646430,course-v1:GTx+ISYE6501x+2T2019b,excited program meet cohort student happy learning
\x356435616138666438313439666430393337303030653739,course-v1:GTx+ISYE6501x+2T2019b,name live erie colorado excited enrolled course look forward working
\x356365356663323364386561623130393631303031656336,course-v1:GTx+ISYE6501x+2T2019a,live raleigh north carolina work home american express industrial data analytics fun fact name mean good news youre area reply meet sometime
\x356364643563666330646166633630393664303031366665,course-v1:GTx+ISYE6501x+2T2019a,use python instead hw assignment
\x356364643563633630646166633630393664303031366664,course-v1:GTx+ISYE6501x+2T2019a,curious book class hope suggest follow read course progress
\x356364643562613964386561623130393436303031363530,course-v1:GTx+ISYE6501x+2T2019a,ny work microsoft dealing azure fsi industry year hold two mater phd computer science engineering looking forward class
\x356364636233613730646166633630396132303031363237,course-v1:GTx+ISYE6501x+2T2019a,excited start class
\x356364636165313030646166633630393934303031363637,course-v1:GTx+ISYE6501x+2T2019a,sean fort worth looking forward continuing dig data analytics
\x356364613333303864386561623130393364303031353135,course-v1:GTx+ISYE6501x+2T2019a,data analyst capital one looking forward course learn methodically selecting model answer analytics question
\x356364396638376464386561623130393631303031376131,course-v1:GTx+ISYE6501x+2T2019a,working medtronic channel manager based shanghai china
\x356364396261343535303761376130396339303031343239,course-v1:GTx+ISYE6501x+2T2019a,name head data codefresh docker based cicd solution hailing bay area california love data fitness particulate order
\x356364393861373364386561623130393835303031343633,course-v1:GTx+ISYE6501x+2T2019a,name connecticut work voya financial analytics intern interesting fact played varsity basketball year tech
\x356364393837613530646166633630396262303031353665,course-v1:GTx+ISYE6501x+2T2019a,everyone name houston texas currently pursuing omsa full time spent year working various role oil gas sector including engineering project management software support best luck everyone semester
\x356364393836646230646166633630396234303031346464,course-v1:GTx+ISYE6501x+2T2019a,everyone venkata boston working wayfair senior software engineer mostly full stack software development last year look forward dive analytics world anyone massachusetts probably part study group
\x356531626634363463373632373730393164303032643162,course-v1:GTx+ISYE6501x+1T2020,find code piazza
\x356531626466353137666562653530393661303032666230,course-v1:GTx+ISYE6501x+1T2020,name manage analytics reporting team nation largest independent broker dealer lpl financial graduated undergrad hoping continue full m gtx micromasters program look forward connecting everyone
\x356531623766633063373632373730393534303032646566,course-v1:GTx+ISYE6501x+1T2020,allmy name work analyst carmax auto finance outside atlanta graduated vanderbilt second course micromasters program edx
\x356531613165643463373632373730393534303032643733,course-v1:GTx+ISYE6501x+1T2020,currently software engineer live kansa city missouri currently software engineer big data team international olathe k love buffalo wing jazz type game throw recently graduated university oklahoma bachelor computer science loving since entered workforce play jazz play trumpet
\x356531613165613637666562653530393433303032613938,course-v1:GTx+ISYE6501x+1T2020,name currently working biotech company north carolina rd engineer previous experience statistic data analytics graduate study omsa program
\x356531613138326139356230363230393365303033383262,course-v1:GTx+ISYE6501x+1T2020,brag srinivasan live new jersey work global consulting company year experience consulting technology interesting fact attended twentyfifth year reunion class alma mater national institute technology rourkela india last dec fantastic time nearly batch mate family released book first reunion semifictional account reunion college life twentyfive year ago
\x356531613033633837666562653530393166303032653966,course-v1:GTx+ISYE6501x+1T2020,everyone name risk control analyst fiserv excited course eager expand skill
\x356531396563663239356230363230393365303033383138,course-v1:GTx+ISYE6501x+1T2020,anyone else la midcareer research analyst midsize hedge fund id add another dimension ability conduct security research ive enrolled considering application omsa program
\x356531386433303537666562653530393238303032666463,course-v1:GTx+ISYE6501x+1T2020,colorblind red green data point hard sometimes impossible distinguish video imagine known miniassessments using red green forum share feedback
\x356531376635636663373632373730393435303032613938,course-v1:GTx+ISYE6501x+1T2020,recently began bi engineer amazon seattle prior several role support test engineer data engineer pharmacy automation company interesting fact play several instrument guitar bass piano drum wind instrument
\x356531376536353363373632373730393330303032623632,course-v1:GTx+ISYE6501x+1T2020,everyone name industrial engineer fort lauderdale fl pursuing micromasters looking forward learning lot three course
\x356531376133633737666562653530393565303032623335,course-v1:GTx+ISYE6501x+1T2020,currently live little west atlanta work near airport consulting work porsche enjoy sunny day long walk park pumpkin spice flavor
\x356531363938386637666562653530393331303033636662,course-v1:GTx+ISYE6501x+1T2020,clay happy join omsa program finally delay annoying work u irs fairly typical specialist stuff supporting project fulfilling agency requirement assisting project manager delving automated testing excited learn deeper analytics apply government sector possibly somehow grown keen benefit albeit bit late
\x356531363630306437666562653530393562303032613030,course-v1:GTx+ISYE6501x+1T2020,glad meet class looking forward learn enjoy enjoy glass painting
\x356531363534373863373632373730393465303032363834,course-v1:GTx+ISYE6501x+1T2020,name live fort leonard wood missouri moving vancouver washington two month currently army engineer officer transitioning military soon graduated united state military academy west point b physic may fun fact despite popular opinion actually idaho looking forward getting everyone throughout program
\x356531363130346337666562653530393535303033643636,course-v1:GTx+ISYE6501x+1T2020,greeting atlanta name work data analyst truist professional background software development data design analysis one thing commercial aviation love taking photo airplane taking photo airplane window
\x356531356463643263373632373730393561303033646166,course-v1:GTx+ISYE6501x+1T2020,everyone name currently working business intelligence analyst looking forward learning
\x356531353438613239356230363230393230303032386336,course-v1:GTx+ISYE6501x+1T2020,using course sharpen statistic skill
\x356531353265346639356230363230393536303033323036,course-v1:GTx+ISYE6501x+1T2020,senior engineering project team leader large fortune company fun fact already graduated georgia tech m mechanical engineering apparently glutton punishment
\x356531353261653837666562653530393637303032393831,course-v1:GTx+ISYE6501x+1T2020,name faye electrical engineer currently staying home second child meanwhile trying change career interesting fact somebody told last year april quit joband year old career made extremely depressedthat pursuing data science believe excited learn prepare new journey
\x356531353062646563373632373730393536303033613536,course-v1:GTx+ISYE6501x+1T2020,name isabel currently data analyst delta air line originally studied finance georgia tech looking forward expanding data analytics skill help current role best luck course
\x356531346335663939356230363230393038303032396436,course-v1:GTx+ISYE6501x+1T2020,name currently reside atlanta ga first semester omsa master program always enjoyed learning thing work excited learning latest analytical method look forward getting started working next week
\x356531343736633039356230363230393332303033383333,course-v1:GTx+ISYE6501x+1T2020,everyone name nigeria
\x356531343538623137666562653530393331303033623439,course-v1:GTx+ISYE6501x+1T2020,name currently living peru head center expertise advanced analytics major peruvian bank background applied math brush hand skill analytics learn lot
\x356531343334646239356230363230393365303033346236,course-v1:GTx+ISYE6501x+1T2020,everyone name la area work startup actual work change lot manage data set data pipeline looking improve analytical skill
\x356531336566623763373632373730393138303033333965,course-v1:GTx+ISYE6501x+1T2020,everyone robotic process automation developer bachelor degree electronics communication engineering explore data analytics field apart learning work schedule love travel two country past two year let learn grow together
\x356531336535386137666562653530393166303032626338,course-v1:GTx+ISYE6501x+1T2020,gt isye currently project manager supply chain software company hoping sharpen skill micromasters test water pursuing full m analytics look forward learning
\x356531336164363237666562653530393463303033316461,course-v1:GTx+ISYE6501x+1T2020,everyone name data analyst consulting firm looking forward work
\x356531333964623637666562653530393535303033623936,course-v1:GTx+ISYE6501x+1T2020,yuichi auditing course try edx first time understand data analytics
\x356531333936613137666562653530393463303033316337,course-v1:GTx+ISYE6501x+1T2020,everyone currently senior undergraduate student one indian institute technology iit pursuing course curiosity learn analytical tool especially data science detail
\x356531333933636163373632373730393531303032383633,course-v1:GTx+ISYE6501x+1T2020,hamburg germany background vocational education working project manager governmental position however really excited course always interest data much professional relation leaving statistic course bachelor discussion forum best regard
\x356531333839636563373632373730393234303032353366,course-v1:GTx+ISYE6501x+1T2020,name operational excellence leader charlotte nc area
\x356531333766326137666562653530393232303032376437,course-v1:GTx+ISYE6501x+1T2020,everyone liping live seattle wa background language education find field analytics fascinating hope micromasters program right place started data analytics look forward learning together year
\x356531333733326139356230363230393536303033306564,course-v1:GTx+ISYE6501x+1T2020,anyone taken onboarding quiz verification thru proctortrack sure verified actual quiz course havent thru coursework yet dont click
\x356531333639346663373632373730393366303033623931,course-v1:GTx+ISYE6501x+1T2020,livework suburb hour outside boston technology manager product owner vistaprint manage team data software engineer looking forward course
\x356531333638303663373632373730393561303033626362,course-v1:GTx+ISYE6501x+1T2020,greeting peer atlanta name sansh currently work finance large retailer atlanta ga completed double master program december looking sharpen data science skill set looking forward course learning interacting feel free connect via well best sansh
\x356531333539643737666562653530393631303032383766,course-v1:GTx+ISYE6501x+1T2020,name eager learn thru coursework background electrical engineering ive academic world hoping swing thing sooner rather later ive workforce year various engineering quality operation defense healthcare fin tech industry craving technical prowess let
\x356531333536666237666562653530393334303033396266,course-v1:GTx+ISYE6501x+1T2020,good morning durham north carolina ive already seen couple user state glad wellrepresented name justin system analyst insurance industry already responsible basic data analysis team looking take thing notch understanding data science something unusual member division ncaa team unusual sport fencing
\x356531333531646263373632373730393066303032636338,course-v1:GTx+ISYE6501x+1T2020,yixuan north carolina working civil engineer master degree civil environmental engineering duke university course first step moving data analytics world wait study journey fact female working drilling operation interstate bridge
\x356531333466393363373632373730393438303032353137,course-v1:GTx+ISYE6501x+1T2020,working analytical software year requirement analysis product mgmt project mgmt capacity realized id rather work development side studying data science plus health informatics bioinformatics pursue career applying advanced analytics health tech field
\x356531333334626463373632373730393366303033623631,course-v1:GTx+ISYE6501x+1T2020,originally bridgeport ct currently livingworking greater boston area work product manager midtier cable broadband provider one interesting fact ran first half marathon last year thinking running another one year guess half crazy amazonawscom jpg
\x353935333238343432326138666230373538303031663435,course-v1:GTx+ISYE6501x+2T2017,think excellent resource optimization book introduction operation research may detailed purpose course recommend googling online rather rather book another option take georgia tech online course applied optimization learn detail
\x353935333235376331333035663130383464303031666361,course-v1:GTx+ISYE6501x+2T2017,regarding question python answered office hour thursday friday
\x353935333235323431333035663130383334303031653436,course-v1:GTx+ISYE6501x+2T2017,answer prof sokol regarding content quiz midterm quiz material week though itll assume little knowledge week also background example refer regression ill expect talking sample question time style first exam use first set sample question make sure theyre ready technologically
\x356335323739356535386164636230393665303031613663,course-v1:GTx+ISYE6501x+1T2019,everyone dallas awhile since school happy back swing thing seems almost challenging time learn new subject also every university handle thing little different excited start digging figuring thing
\x356333393636626264623730613930393837303030633264,course-v1:GTx+ISYE6501x+1T2019,name st louis working data science analytics consultant accenture fun fact hmm outside analytics really enjoy coffee experimenting different brew method etc brazilian jiu jitsu cheer here good semester
\x356333383037636435386164636230393934303030623563,course-v1:GTx+ISYE6501x+1T2019,everyone berkeley daas product owner also scientist data center berkeley
\x356333376633383335386164636230393566303030623134,course-v1:GTx+ISYE6501x+1T2019,everybody live knoxville tennessee economic geographer work oak ridge national laboratory first semester gt program
\x356333376237386664623730613930396330303030396263,course-v1:GTx+ISYE6501x+1T2019,name nice meet work full time development devicesscanners nd term completed cse fall looking forwarding another great semester
\x356333363964336435386164636230393731303030396533,course-v1:GTx+ISYE6501x+1T2019,name located minneapolis mn work target corporation inventory analyst fun fact completed first rollerblade marathon
\x356333363937613533656239653630396136303030396435,course-v1:GTx+ISYE6501x+1T2019,guy name physicist consulting atlanta area moved find something else living currently working greenville nc adding skill resume enjoying home bit looking forward challenge semester bring
\x356333353838613135386164636230393632303030386333,course-v1:GTx+ISYE6501x+1T2019,everyone twin city mn data engineer tech company town recent graduate university minnesota looking forward getting back academic head space learning analysis techniquestools course
\x356333353739373864623730613930396432303030393635,course-v1:GTx+ISYE6501x+1T2019,yall currently working data scientist worldpay technology company provide payment solution
\x356333353664326233656239653630396238303030386165,course-v1:GTx+ISYE6501x+1T2019,dallas texas system engineer since graduated two year ago university arkansas honest think might actually first time ive ever said
\x356333353432636235386164636230393734303030393032,course-v1:GTx+ISYE6501x+1T2019,everyone name currently living georgia pursuing master analytics looking forward learning class everyone
\x356333346638343464623730613930396261303030373739,course-v1:GTx+ISYE6501x+1T2019,randis washington dc currently working economist looking forward first year osma student
\x356333343838306464623730613930396135303030373666,course-v1:GTx+ISYE6501x+1T2019,name director analytics levatas levatas agency specializes helping client advance ai machine learning currently running group focus foundational aspect data help client improve data business intelligence preparation advanced analytics goal move involvement data science organization
\x356333343161656664623730613930393762303030376533,course-v1:GTx+ISYE6501x+1T2019,able code working assignment supposed change value try obtain good classification tried change value notice change result truly supposed run code show equation classifier based code sure wanted make sure
\x356333343132323735386164636230393863303030376261,course-v1:GTx+ISYE6501x+1T2019,name venki live john creek ga area dbahadoop administrator looking transition data analytics first semester looking forward interact happy learning
\x356333343065346464623730613930396132303030376633,course-v1:GTx+ISYE6501x+1T2019,everyone first semester hoping isye great learning experience worked year javascript development two hoping apply knowledge learning support team current company guess interesting fact abcc gene
\x356333343039643033656239653630396337303030373365,course-v1:GTx+ISYE6501x+1T2019,sheida bay area ca second semester omsa
\x356333343034303064623730613930396261303030366339,course-v1:GTx+ISYE6501x+1T2019,everyone renata first semester gatech work full time starting one class back study mode nice meet
\x356333336661313033656239653630396430303030376363,course-v1:GTx+ISYE6501x+1T2019,name live little north atlanta current omsa student first semester wear many hat job hard pinpoint title work website workflow efficiency benefit client relation mass communication list go
\x356333336533303164623730613930396138303030376438,course-v1:GTx+ISYE6501x+1T2019,name discrete event simulation engineer auto industry job requires understand build complex system interest broaden toolset brought start anyone interested
\x356333336430323235386164636230393866303030373465,course-v1:GTx+ISYE6501x+1T2019,name live nashville tn work quantitative analyst asurion
\x356333336265643535386164636230393539303030376538,course-v1:GTx+ISYE6501x+1T2019,background educator entrepreneur fact last year friend walked mile across spain day
\x356333336232616464623730613930396339303030373038,course-v1:GTx+ISYE6501x+1T2019,everyone name randis work economist washington dc
\x356333333730393133656239653630396439303030366639,course-v1:GTx+ISYE6501x+1T2019,everyone name live baltimore md area icu physician first semester omsa program looking forward course
\x356333333663653633656239653630393832303030373231,course-v1:GTx+ISYE6501x+1T2019,everyone charleston sc usa first semester excited currently work consultantdata analyst software company look forward working throughout semester
\x356333333566333835386164636230396134303030373133,course-v1:GTx+ISYE6501x+1T2019,name currently live melbourne fl area financial analyst defense contractor area looking move big data analytics help optimize tool help protect warfighter background accounting finance cpa certification held population united state also probably boring rare thing possibly said
\x356333333563666464623730613930396432303030373966,course-v1:GTx+ISYE6501x+1T2019,live beautiful provo utah currently work business analyst vivint smart home wife manages apartment complex student byu uvu one son month another
\x356333333536623264623730613930393864303030376661,course-v1:GTx+ISYE6501x+1T2019,everyone name live charlotte nc usa first omsa class also taking last online mba class ncsu semester spent career internal audit variety role including audit analytics currently work data management large bank debating opening brewpub sometime distant future looking forward getting everyone program best regard
\x356230303239646139333739343030396637303035663438,course-v1:GTx+ISYE6501x+2T2018,arizona originally live virginia senior program manager technology company nontraditional student back school year challenge keep mind skill sharp dont feel particularly unique interesting generally happy life
\x356135656336343634356436333530396364303030303862,course-v1:GTx+ISYE6501x+1T2018,new mexico hoping learn new material
\x356135633436633437616366326430383235303031306635,course-v1:GTx+ISYE6501x+1T2018,name librarian data coach bakersfield college california originally norway grew north artic circle look forward working everyone semester
\x356135613637373164356362373730613732303031323062,course-v1:GTx+ISYE6501x+1T2018,name nathan rugge actuary working pc insurer nj manage team handle among thing various predictive model used pricing new renewal commercial line business
\x356135386332623034346131353030386232303031303233,course-v1:GTx+ISYE6501x+1T2018,homework week post showing blank
\x356135376339363037616366326430383266303030656362,course-v1:GTx+ISYE6501x+1T2018,everyone look forward learning technology consultant living near atlanta one interesting fact lobsterman couple summer younger
\x356135373730613937616366326430383062303030663730,course-v1:GTx+ISYE6501x+1T2018,manage business analytics team within large healthcare organization thought didnt enough plate add
\x356135363964353037616366326430383032303031303633,course-v1:GTx+ISYE6501x+1T2018,worked delta air line year everything driving forklift fixing airplane managing revenue data analysis fortunate enough travel free time country still counting
\x356135353935616664356362373730613966303030663763,course-v1:GTx+ISYE6501x+1T2018,name engineering design teacher dallas tx many zero knowledge ready great many u thing together looking forward working learning alongside everyone semester
\x356135346161383537616366326430383539303030656639,course-v1:GTx+ISYE6501x+1T2018,name sal ingraffia chicago work att current role director business pricing look forward learning
\x356135343732623534346131353030386135303030646562,course-v1:GTx+ISYE6501x+1T2018,shaun singapore currently vp engineering dynamic drone ai solution startup based sunny singapore graduated rit bachelor information system worked couple startup excited work rest
\x356135343361646234346131353030386166303030646134,course-v1:GTx+ISYE6501x+1T2018,everyone name manager financial system consumer good manufacturer suburban san diego north county excited course material equally return academia long since learned something liked avid offroader hiker context enjoy getting precarious place little business
\x356135343164333764356362373730616231303030663230,course-v1:GTx+ISYE6501x+1T2018,live close gatech midtown atl received ba management information science uga currently practice data analytics digital marketing firm buckhead looking understand past surface level analysis perform deeper predictive modeling help take client data next level looking forward learning
\x356135343030353364356362373730613930303030653637,course-v1:GTx+ISYE6501x+1T2018,everyone name work marketing director software company austin texas first class oms analytics program look forward developing technical background analytics interesting fact allamerican soccer player
\x356135336663643634346131353030386436303030643331,course-v1:GTx+ISYE6501x+1T2018,everyone name claudia scott originally brazil lived atlanta past year lead qlik center excellence team childrens healthcare atlanta also cohost atlanta qlik dev group love local attend future meetups interesting fact grew small city people middle amazon jungle used pet monkey capuchin swum pink river dolphin botos fun time
\x356135336631323834346131353030386265303030656663,course-v1:GTx+ISYE6501x+1T2018,live atlanta anyone want organize study group shoot message
\x356135336234613434346131353030386265303030656233,course-v1:GTx+ISYE6501x+1T2018,los angeles work finance att first class oms analytics master program excited getting started interesting fact identical twin
\x356135336165663834346131353030386133303030653135,course-v1:GTx+ISYE6501x+1T2018,new york work manufacturing company currently lead dwbianalytics team organization ive even event still familiar looking forward learning analytics course
\x356135333964666464356362373730613930303030653166,course-v1:GTx+ISYE6501x+1T2018,name worked bank greenville sc treasury analytics glad work
\x356239303764343861353232303330393637303032366231,course-v1:GTx+ISYE6501x+3T2018,jeri nashville currently work foundation recovery network drug addiction research team looking forward learning different analytics tool help research
\x356238353263373861353232303330393635303032303333,course-v1:GTx+ISYE6501x+3T2018,everyone name currently work top consulting firm studied mathematics undergrad love guy work together succeed course
\x356238316235363963333035616430613238303031653231,course-v1:GTx+ISYE6501x+3T2018,madan atlanta work capacity data engineering analytics architect digital bpm company
\x356237663364613563333035616430613363303031613665,course-v1:GTx+ISYE6501x+3T2018,everyone name work aig technology analyst charlotte north carolina fun fact ive eaten donut minute fun run
\x356237633234346261353232303330393434303031396664,course-v1:GTx+ISYE6501x+3T2018,name malika atlanta ga excited start learning analytics
\x356237646635636333623061626330396364303031613866,course-v1:GTx+ISYE6501x+3T2018,live arlington va technically washington dc close enough went virginia tech undergrad work look forward learning along side decent python pretty new python able help sure feel free message email wileczek gmailcom check often gt email cheer
\x356237646261316433623061626330396138303031623464,course-v1:GTx+ISYE6501x+3T2018,everyone philly oms fulltime good luck everyone feel free reach youre philly
\x356237633439326433623061626330396337303031393162,course-v1:GTx+ISYE6501x+3T2018,yogesh work operation analytics manager bay area great part cohort look forward wonderful shared learning experience
\x356237633030383461353232303330393464303031386335,course-v1:GTx+ISYE6501x+3T2018,mariefel chemical engineer looking forward learn data analytics
\x356237623932646261353232303330393566303031623463,course-v1:GTx+ISYE6501x+3T2018,everyone associate pwc grew indonesia lived oregon ten year moved dc year half ago excited program learn also learning dc feel free reach
\x356237623766323563333035616430613238303031613263,course-v1:GTx+ISYE6501x+3T2018,suburb kansa city mo currently pricing analyst spent career marketing analyst sure rare interesting everyone traveled europe octoberfest munich germany
\x356237623738643761353232303330393863303031386563,course-v1:GTx+ISYE6501x+3T2018,everyone name live atlanta excited join group analytics journey
\x356237623637643661353232303330393461303031396363,course-v1:GTx+ISYE6501x+3T2018,name spain math teacher online school new mexico interested data analysis analysing data school challenge m physic electronics another one nanotechnology although never used
\x356237623435303233623061626330396430303031393234,course-v1:GTx+ISYE6501x+3T2018,everyone name work financial analyst lake mary fl outside orlando free time hike take picture play video game workout make thing around house hope everyone great semester
\x356237623338306463333035616430613234303031383137,course-v1:GTx+ISYE6501x+3T2018,name work banking cpa certified public accountant
\x356237616339636633623061626330396262303031393361,course-v1:GTx+ISYE6501x+3T2018,greeting name live round rock tx north austin fall cohort come georgia tech program taught math year high school worked year private sector excited new adventure
\x356237616264303963333035616430613339303031386265,course-v1:GTx+ISYE6501x+3T2018,name live atlanta work marketing analyst excited begin class learn analytics
\x356237616238613061353232303330393664303031396135,course-v1:GTx+ISYE6501x+3T2018,name lived georgia whole life currently work supply chain analyst excited able apply learn semester
\x356237616231363063333035616430613265303031386531,course-v1:GTx+ISYE6501x+3T2018,name human resource professional global company looking forward course
\x356237613964656361353232303330393632303031383166,course-v1:GTx+ISYE6501x+3T2018,name work durham nc happy learning
\x356237613963396633623061626330396162303031396439,course-v1:GTx+ISYE6501x+3T2018,name pilot living korea right look forward working learning
\x356237613431653561353232303330393766303031373530,course-v1:GTx+ISYE6501x+3T2018,fellow ga tech schoolmate nervous excited learn material hope help
\x356237613338366163333035616430396632303031383063,course-v1:GTx+ISYE6501x+3T2018,name originally chicago new york living abroad number year work space strong interest fintech excited begin journey omsa rest anxious learn much possible
\x356237383939663861353232303330393766303031363762,course-v1:GTx+ISYE6501x+3T2018,live chattanooga tn background digital marketing emphasis web analytics undergraduate degree mathematics currently growing digital marketing agency goal adding business intelligence service tool excited georgia tech program helping organize service optimal
\x356237343139323761353232303330393464303031336639,course-v1:GTx+ISYE6501x+3T2018,everyone name live near montreal first course omsa program cant wait started undergraduate degree business data analyst past five year hoping become data scientist degree live montreal area let looking study buddy good luck
\x356237333432663963333035616430613238303031353139,course-v1:GTx+ISYE6501x+3T2018,nice meet currently working bay area california networking domain pursuing m analytics online course looking forward learn depth data analytics apply learning existing project studying college long hiatus excited
\x353961346535306461343432303730613132303030383932,course-v1:GTx+ISYE6501x+3T2017,yaodong grew nanjing china came georgia tech undergraduate study graduated georgia tech b industrial engineering concentrating quality stats economical financial system currently working software engineer atlanta ga feel free connect linkedin interesting factbr track collecting u national park
\x353961313934646663636432363730396663303030373061,course-v1:GTx+ISYE6501x+3T2017,everyone name currently live work new york city product manager computer vision team ebay yepebay isnt fancy craigslist fun fact dad swim coach growing looking forward awesome semester yall jacket amazonawscom png
\x353939663365333163636432363730396362303030356665,course-v1:GTx+ISYE6501x+3T2017,trying work first homework able far error running ksvm lambda unused argument length lambda reference syntax entering prior error model ksvmdata data scaledtrue thought cause found much help simple google search
\x353939636536616263636432363730396230303030353361,course-v1:GTx+ISYE6501x+3T2017,folk gt alum m applied mathematics since ive teaching math primarily georgia highland college northwest atlanta also help manage mathematics division college including scheduling staffing assessing curriculum math computer science course live near fox midtown atl excited getting started analytics coursework
\x353939623537623639646562386230396138303030336433,course-v1:GTx+ISYE6501x+3T2017,everyone starting fun fact live nashville back mile eclipse totality center line went undergrad vanderbilt university received degree biomedical engineering work vanderbilt university medical center wait biomedical engineer
\x353939623464326339646562386230396339303030336338,course-v1:GTx+ISYE6501x+3T2017,everyone st petersburg florida business development director ride motorcycle fun probably much
\x353939623334623139646562386230396339303030336238,course-v1:GTx+ISYE6501x+3T2017,everyone name reside atlanta area work director product marketing strategy local company specializes filtration product looking forward starting program learn much possible also gaining great insight everyone fun fact third master degree program completed
\x353939373239623261343432303730613039303030323036,course-v1:GTx+ISYE6501x+3T2017,sr role responsible adding ability interact rd party platofrms platform live minneapolis mn child champion swine showman
\x356436343434656538343435326130373965303031333039,course-v1:GTx+ISYE6501x+2T2019b,anyone homework click homework link empty dont verified certificate student
\x356435653136623138343435326130376366303030663531,course-v1:GTx+ISYE6501x+2T2019b,everyone name management consultant cognizant travel quite bit work almost always home weekend looking forward class
\x356435646634333863303664323630393830303030656166,course-v1:GTx+ISYE6501x+2T2019b,name derek toronto canada looking forward working
\x356435643964393638343435326130376136303030666434,course-v1:GTx+ISYE6501x+2T2019b,greg phoenix work private healthcare university lot data interested furthering knowledge use background business finance
\x356435643662353138313439666430393337303031303565,course-v1:GTx+ISYE6501x+2T2019b,everyone name work pricing georgia power investor owned electric utility atlanta georgia studied mechanical engineering undergrad earned mba ive developed interest analytics mean tackle business problem using data science somewhat intersection prior two field study something interesting wife back surf trip morocco looking forward semester
\x356435636230633638343435326130373862303031306134,course-v1:GTx+ISYE6501x+2T2019b,first semester excited learn
\x356435633765313638343435326130376139303030656461,course-v1:GTx+ISYE6501x+2T2019b,technology consultant atlanta look forward learning lot
\x356435633763656238313439666430393436303030656433,course-v1:GTx+ISYE6501x+2T2019b,alejandro living atlanta originally argentina really happy join course looking forward working
\x356435633734633338313439666430393262303030663130,course-v1:GTx+ISYE6501x+2T2019b,really excited start first course little nervous hopefully great experience discussion forum best
\x356435633639636238343435326130376139303030656364,course-v1:GTx+ISYE6501x+2T2019b,everyone currently living austin texas worked research analyst education company china glad class
\x356435626537316438313439666430393638303030646666,course-v1:GTx+ISYE6501x+2T2019b,name live rhode island
\x356435623662663338313439666430393436303030646666,course-v1:GTx+ISYE6501x+2T2019b,folk subbureally excited start course anyone around az area
\x356435623461653538313439666430393537303030646163,course-v1:GTx+ISYE6501x+2T2019b,name strategic sourcing specialist tsv attended university south carolina studentathlete earned bachelor degree business science global supply chain operation management
\x356435623437396538313439666430393635303030653634,course-v1:GTx+ISYE6501x+2T2019b,everyone stevie sale engineer ibm parttime film music producer born raised greensboro nc went nc state undergrad boston celtic fan wish everyone success class
\x356435623365626363303664323630393561303031303464,course-v1:GTx+ISYE6501x+2T2019b,name undergraduate degree finance auburn stayed another year mba master finance work associate wholesale bank primarily bridge gap technology department front line relates software process implementation swim team high school held breath minute still havent decided lost brain cell worth bragging right
\x356435623364633463303664323630393535303030656361,course-v1:GTx+ISYE6501x+2T2019b,everyone name houston tx work oil gas industry also spent year working data cancer research excited learn everyone
\x356435623334316538343435326130373932303030653532,course-v1:GTx+ISYE6501x+2T2019b,everyone rania oklahoma city currently working healthcare insurance industry sr data analyst excited part program cant wait good luck semester
\x356435623330663338343435326130376363303030663437,course-v1:GTx+ISYE6501x+2T2019b,excited join program name senior supply chain analyst interesting used fully certified neurosurgeon russia although year ago
\x356435623236313938313439666430393562303030646533,course-v1:GTx+ISYE6501x+2T2019b,ready learn bunch albertans whatsapp group contact someone else alberta well set u
\x356435623233353738313439666430393366303030656539,course-v1:GTx+ISYE6501x+2T2019b,name java developer hoping learn analytics turn fascination data career interesting fact mother maiden name always wished taken name never let
\x356435623165353663303664323630393763303031333638,course-v1:GTx+ISYE6501x+2T2019b,name mikkel live la vega excited started
\x356435623064376638313439666430393535303030653530,course-v1:GTx+ISYE6501x+2T2019b,everyone name yaomi software developer feel excited learn course
\x356435616464383238343435326130376432303030643336,course-v1:GTx+ISYE6501x+2T2019b,ive working business intelligence twenty year decided participating program great help deepen skill predictive analytics looking forward learning husband mobile throughout term well different time zone mostly east coast u canada
\x356435616461346438313439666430393262303030646534,course-v1:GTx+ISYE6501x+2T2019b,well almost live chicago everyone
\x356435616431363738313439666430393439303030643562,course-v1:GTx+ISYE6501x+2T2019b,live atlanta super excited program learning much beautiful smart mo daughter addition pursuing degree also pursuing acting career extra need autograph yet
\x356435616335626363303664323630393736303030653839,course-v1:GTx+ISYE6501x+2T2019b,live suburb atlanta ga excited looking forward learn gain deeper knowledge analytics
\x356435616334346463303664323630393535303030653631,course-v1:GTx+ISYE6501x+2T2019b,folk former elementary school teacher current stayathome mom living outside atlanta ga ive studying programming data science edx coursera class past year excited started oms analytics program also write poetry spare time looking forward working together
\x356435616330356163303664323630393463303030653133,course-v1:GTx+ISYE6501x+2T2019b,fellow student name senior professional based east lansing mi excited start program apply skill explore new opportunity best luck
\x356435616263393638343435326130376231303030646566,course-v1:GTx+ISYE6501x+2T2019b,name tampa fl anyone else class tampa area
\x356435616261343638313439666430393436303030643733,course-v1:GTx+ISYE6501x+2T2019b,everyone currently work strategic business planning group united state postal service washington dc education includes b management graduate certificate applied statistic economics m finance love programming anlaytics seems right fit look forward program linkedin
\x356435616236326438343435326130373962303030646435,course-v1:GTx+ISYE6501x+2T2019b,live bay area california working field supply chain operational intelligence excited taking course
\x356435616165653938343435326130373938303030643738,course-v1:GTx+ISYE6501x+2T2019b,molecular biologist living near raleigh nc
\x356435616165363538343435326130373932303030646538,course-v1:GTx+ISYE6501x+2T2019b,everyone name atlanta alpharetta undergraduate degree chemistry ive working real estate super excited take course everyone
\x356435616161613638313439666430393537303030643239,course-v1:GTx+ISYE6501x+2T2019b,everybody name currently live israel many year scottsdale az excited enjoy course
\x356435616138623738343435326130376163303030653438,course-v1:GTx+ISYE6501x+2T2019b,living atlanta ga begin working full time deloitte consulting strategy operation analyst excited taking class one interesting thing run marathon
\x356435616137613038343435326130373761303030653033,course-v1:GTx+ISYE6501x+2T2019b,name working healthcare consulting firm syracuse ny leading team tasked improving analytics offering client excited content course love travel also huge buffalo bill fan looking forward working everyone
\x356435616137306538343435326130376363303030656262,course-v1:GTx+ISYE6501x+2T2019b,excited start master analytics ga tech background history music library science also computer coding natural come math stats expecting class challenging interesting look forward getting everybody forum
\x356364623465663835303761376130396636303031346231,course-v1:GTx+ISYE6501x+2T2019a,everyone japan live work tokyoarea industry hope keep course work
\x356364393964393235303761376130396438303031343161,course-v1:GTx+ISYE6501x+2T2019a,name joining southern california currently working analytics space vendor suboptimal skill well semester go looking forward working term
\x356531616565393039356230363230393536303033353064,course-v1:GTx+ISYE6501x+1T2020,anyone encounter error trying build kknn model error evalpredvars data env numeric envir arg length one
\x356531616433316237666562653530393733303033333163,course-v1:GTx+ISYE6501x+1T2020,friend name danial amin currently living pakistan aerospace engineer profession special interest domain aviation safety air crash investigation pursuing use technique big data analysis machine learning better understanding aviation safety cheer
\x356531616262643663373632373730393366303034303638,course-v1:GTx+ISYE6501x+1T2020,name year old work database administrator currently live virginia two kid read space
\x356531613965663137666562653530393733303033333033,course-v1:GTx+ISYE6501x+1T2020,jordyn currently based new mexico contractor field utilize analytics greater capacity
\x356531613439666537666562653530393535303033666461,course-v1:GTx+ISYE6501x+1T2020,name engineer department defense taking class prepare apply omsa program excited taking class
\x356531386666353637666562653530393736303033303666,course-v1:GTx+ISYE6501x+1T2020,name currently based columbia missouri global logistics analyst interesting fact passionate liverpool football club kansa city chief fan red
\x356531386132363937666562653530393733303033323266,course-v1:GTx+ISYE6501x+1T2020,everyone name pharma louisville ky two life science diving data science career transition taking course skill prepare graduate program
\x356531383534343439356230363230393530303032383663,course-v1:GTx+ISYE6501x+1T2020,saudi arabia research software engineer sustainability analysis intern attending course hone skill analysis
\x356531373932333163373632373730393333303032653665,course-v1:GTx+ISYE6501x+1T2020,name leading team people driving analytics internal audit function
\x356531373263356363373632373730393633303033383961,course-v1:GTx+ISYE6501x+1T2020,everyone name auditing course try edx first time positively impact analytics knowledge
\x356531363865316339356230363230393362303033376632,course-v1:GTx+ISYE6501x+1T2020,name new jersey associate medium planner agency ny looking eventually data analytics
\x356531363662613737666562653530393262303033386435,course-v1:GTx+ISYE6501x+1T2020,name abhay look forward helping getting help
\x356531363639373637666562653530393634303032386331,course-v1:GTx+ISYE6501x+1T2020,required regarding statistic probability course
\x356531363563326239356230363230393539303033303334,course-v1:GTx+ISYE6501x+1T2020,seif canada build credit risk model government
\x356531363138306537666562653530393637303032396563,course-v1:GTx+ISYE6501x+1T2020,originally mexico working houston data analytics saas startup visited city
\x356531356632613437666562653530393238303032653564,course-v1:GTx+ISYE6501x+1T2020,glad meet hopefully u meet person currently tech fellowship vc invests rd world country hence bangladesh ill nyc sf end jan end feb hmu hang
\x356531356462356537666562653530393532303033313234,course-v1:GTx+ISYE6501x+1T2020,everyone name nigeria
\x356531353533666637666562653530393733303033303533,course-v1:GTx+ISYE6501x+1T2020,data analyst iowa look forward learning hopefully contributing community
\x356531353738656637666562653530393433303032383933,course-v1:GTx+ISYE6501x+1T2020,everyoneits first time excited new knowledge
\x356531353661386539356230363230393335303033616363,course-v1:GTx+ISYE6501x+1T2020,super excited class still quite believe program semiconductor industry trying expand horizon new skill set taiwan came u year back since state lot national park
\x356531353466303237666562653530393634303032383333,course-v1:GTx+ISYE6501x+1T2020,question regarding design course even possible one finish course due datelike one month heshe put effort much greater rate
\x356531353166356263373632373730393132303032646531,course-v1:GTx+ISYE6501x+1T2020,name fraud analyst truist bank recently look forward learning new technique honing skill
\x356531353138333163373632373730393336303033353566,course-v1:GTx+ISYE6501x+1T2020,name arlette miami fl currently work business analyst concessionaire company food beverage industry looking forward taking class enhance skill set
\x356531346662333239356230363230393365303033353462,course-v1:GTx+ISYE6501x+1T2020,everyone research specialist pediatric cancer emory university learn analytics method hope transition wet bench data analysis position healthcare make move data analystdata scientist business contact goal definitely communicate gain insight data science field
\x356531346430366339356230363230393065303033613735,course-v1:GTx+ISYE6501x+1T2020,leader management sale team operation degree mechanical engineering many year experience everything automotive manufacturing marketing design plan upgrade micromasters hope oms comfortable process long time since school
\x356531346364376163373632373730393630303033656336,course-v1:GTx+ISYE6501x+1T2020,everyone first wish everybody good new year bad soden taunus small town near frankfurt main germany working project manager company dealing construction plant petrochemistry great pleasure take part program looking forward course great time good luck everybody zprihxva
\x356531343961623739356230363230393065303033613366,course-v1:GTx+ISYE6501x+1T2020,name currently consider baby data scientist work large supply chain software company process analyst lot analytical work excel interested pursuing nuanced analytics goal eventually phd artificial intelligence bring humanity background field feel need little humanity nice meet everyone
\x356531343665303863373632373730393138303033336465,course-v1:GTx+ISYE6501x+1T2020,name abdulsp nigeria
\x356531343461373139356230363230393266303032386561,course-v1:GTx+ISYE6501x+1T2020,everyone name live los angeles currently obtaining degree change field interested data science machine learning principle look forward working alongside likeminded individual cuttingedge field program happy new year good luck jake
\x356531343239323037666562653530393235303032396163,course-v1:GTx+ISYE6501x+1T2020,name working telecom engineering work involves lot data crunching looking forward polish skill
\x356531343131383939356230363230393161303033316364,course-v1:GTx+ISYE6501x+1T2020,utah beautiful degree right wishing atlanta sound nice ive analyst year fulfillment logistics small parcel shipping distribution health wellness company looking forward opportunity learn new skill expand repertoire analyst
\x356531336539613837666562653530393538303032636566,course-v1:GTx+ISYE6501x+1T2020,currently ai company analyzing advertising data better understand ai use interested introducing data science
\x356531336466356663373632373730393561303033633331,course-v1:GTx+ISYE6501x+1T2020,everyone currently associate statistic modeler lexisnexis minneapolis area originally china ive living minnesota past year finished undergraduate study focusing statistic actuarial science back interesting fact love book great much learned swing dance themed birthday party three year rowprofile amazonawscom jpg
\x356531336431303737666562653530393538303032636535,course-v1:GTx+ISYE6501x+1T2020,currently electronics technician formerly high school mathematics teacher looking pursuing analytics career
\x356531336366626239356230363230393461303032366635,course-v1:GTx+ISYE6501x+1T2020,san diego went gt undergrad year ago isye work digital adsmarketing analytics working towards m analytics
\x356531336264336663373632373730393531303032383737,course-v1:GTx+ISYE6501x+1T2020,breamons washington dc run data analytics project understand data scientist
\x356531336263323239356230363230393338303032646632,course-v1:GTx+ISYE6501x+1T2020,purnima atl ga second semester omsanalytics industry last year looking expand skill worked digital strategy business development recent experience digital operation
\x356531336261666263373632373730393465303032353535,course-v1:GTx+ISYE6501x+1T2020,basic proficiency python data analysis eager learn best wish
\x356531336163393363373632373730393135303032646232,course-v1:GTx+ISYE6501x+1T2020,name live atlanta worked program management sustainable transportation year often alongside employee became interested data side thing sharpen skill look pick
\x356531333862353737666562653530393265303033626264,course-v1:GTx+ISYE6501x+1T2020,everyone name currently industrial engineer rdu area looking transitioning data analytics field
\x356531333836383163373632373730393630303033646432,course-v1:GTx+ISYE6501x+1T2020,class name atlanta ga looking forward course
\x356531333832316663373632373730393264303032363564,course-v1:GTx+ISYE6501x+1T2020,everyone atlanta omscs program undergraduate degree tech ie work software engineer looking forward semester
\x356531333637393037666562653530393661303032626139,course-v1:GTx+ISYE6501x+1T2020,everyone name toffer starting omsa master program spring first course work sa software became incredibly interested topic data analytics position electrical computer engineering b baylor university excited become proficient programming well throughout journey best
\x356531333636323537666562653530393634303032373263,course-v1:GTx+ISYE6501x+1T2020,utah year sql looking round skill analytics ill starting micro course move full master degree
\x356531333566333263373632373730393234303032353231,course-v1:GTx+ISYE6501x+1T2020,dear name morocco working sdm qm telco industry opening data management field wish wonderful learning experience
\x356531333563646137666562653530393334303033396336,course-v1:GTx+ISYE6501x+1T2020,northern va work truist
\x356531333465363937666562653530393331303033613639,course-v1:GTx+ISYE6501x+1T2020,everyone jerbie manila philippine interested learning data science analytics really fully enroll course audit route go really pursue full omsa however since dont technical background trying build foundation first hope connect guy even outside platform free add ne
\x353932326566343032326138666230373565303030356134,course-v1:GTx+ISYE6501x+2T2017,everyone created glossary containing important vocabulary definition used reference throughout course two format glossary uploaded found following location getting started course information glossary patience georgia tech edx team
\x353932326566323131333035663130383434303030356563,course-v1:GTx+ISYE6501x+2T2017,everyone created glossary containing important vocabulary definition used reference throughout course two format glossary uploaded found following location getting started course information glossary patience georgia tech edx team
\x353931663139386331333035663130383265303030343934,course-v1:GTx+ISYE6501x+2T2017,video say audiotext say aware mistake currently fixing jamjar correction
\x353931663138646561383437386330373534303030346263,course-v1:GTx+ISYE6501x+2T2017,video say audiotext say aware mistake currently fixing jamjar correction
\x356333666337303535386164636230393839303030656534,course-v1:GTx+ISYE6501x+1T2019,singapore excited learn analytics modelling anyone singapore
\x356333653234386564623730613930393864303030663565,course-v1:GTx+ISYE6501x+1T2019,ohio head manufacturing engineering dana excited part crew
\x356333646364613035386164636230396134303030643961,course-v1:GTx+ISYE6501x+1T2019,everyone wonderful overcome technical difficulty finally begin participate actively course name run healthcare company help health system payer serve patient better reason joining oms analytics program ga tech professional id gain formal structure around confidence addressing highly qualified people customer firm look forward learning growing together connect linkedin
\x356333626239613035386164636230396131303030633636,course-v1:GTx+ISYE6501x+1T2019,everybody imiliano nick miami florida originally venezuela currently working fraud analytics supervisor local bank miami usually really passionate competitive come thing really enjoy running playing tennis even tough good really enjoy great conversation friend debating polemic topic life definitely love art persuasion
\x356333623865626433656239653630393835303030636236,course-v1:GTx+ISYE6501x+1T2019,everyone name jp work ge healthcare year digital technology leadership program different rotation first semester oms program excited deepen knowledge data science looking forward working togetherand happy chat course
\x356333613863363364623730613930393864303030643461,course-v1:GTx+ISYE6501x+1T2019,moved hong kong new york last year currently working technology jp morgan ahmad
\x356333613833373735386164636230393739303030633034,course-v1:GTx+ISYE6501x+1T2019,name used live atlanta area graduated georgia tech b material science engineering may moved phoenix area last january currently working process engineer spring first semester feel free say let area
\x356333613564313333656239653630396139303030633230,course-v1:GTx+ISYE6501x+1T2019,everyone julia look forward learn together
\x356333386161653935386164636230393863303030616532,course-v1:GTx+ISYE6501x+1T2019,everyone dallas tx currently consultant pariveda solution year goal start charity focusing helping people low income mental health service counseling experience charitable work hit
\x356333363463326335386164636230393731303030396138,course-v1:GTx+ISYE6501x+1T2019,everyone assistant professor ci savannah state phd old dominion taught year jamaica currently rd savannah state coming united state worked year kingston jamaica master management information system really happy cohort look forward learning lot stuff shoulder shoulder regard
\x356333356630633133656239653630393832303030386639,course-v1:GTx+ISYE6501x+1T2019,name data scientist nbcuniversal universal studio orlando orlando graduated two year ago b statistic university central florida first semester georgia tech omsa program strong background machine learning data manipulation programming excited learn course
\x356333353736666535386164636230393639303030386563,course-v1:GTx+ISYE6501x+1T2019,everyone wish best
\x356333353230623633656239653630396166303030383731,course-v1:GTx+ISYE6501x+1T2019,everyone name alesia razumova live currently work rhode island software engineer scientific game completed m computer science excited started omsa feel free reach especially youre area
\x356333343837643864623730613930393830303030376632,course-v1:GTx+ISYE6501x+1T2019,everyone name live melbourne australia currently work solution consultant excited start oms analytics program
\x356333343335326235386164636230393961303030376438,course-v1:GTx+ISYE6501x+1T2019,mn working software engineer first semester omsa excited well nervous
\x356333343163353735386164636230393739303030376366,course-v1:GTx+ISYE6501x+1T2019,everyone jc based miami fl mba b comp science agile product owner pretty excited class overall oms analytics looking forward share collaborate learn smart interesting diverse group people
\x356333343137386435386164636230393731303030376638,course-v1:GTx+ISYE6501x+1T2019,ga work college advancement service coordinator receipting reporting nonprofit dollar college receives first semester program interesting fact mei stand foot perfect degree line heel touching fall downstumblehave move
\x356333343061356464623730613930396366303030383337,course-v1:GTx+ISYE6501x+1T2019,everyone name leah digital consultant within analytics practice first semester program also taking cse originally rhode island currently living boston moving new york month covering northeast one city time best luck course
\x356333343033373633656239653630396139303030376634,course-v1:GTx+ISYE6501x+1T2019,humid tampa currently work publix supermarket based lakeland fl analyst learning management system three year ago left job college music professor venture private sector back towards love math technology business looking forward everything degree offer nice people mind answering question ill
\x356333336334366335386164636230393863303030373764,course-v1:GTx+ISYE6501x+1T2019,everyone name sean pacific northwest work intel technician graduated oregon tech electronics engineering career change continuing education excited program downtime spend time wife kid workout one fun fact love following along painting happy little tress
\x356333336138396335386164636230393863303030373661,course-v1:GTx+ISYE6501x+1T2019,need make sure check sign assignment edx video proctor etc assignment completed check sign next matter advance
\x356333336131316533656239653630396139303030373965,course-v1:GTx+ISYE6501x+1T2019,portlandmaine business analytics education background looking forward course handson data modeling course second course ga tech realizing study group team great help work course happy learning
\x356333333962646164623730613930393939303030373366,course-v1:GTx+ISYE6501x+1T2019,first course taking gt oms program ive worked investment analyst year taking leap st century
\x356333333939373033656239653630396364303030373463,course-v1:GTx+ISYE6501x+1T2019,name aviad israel hold bachelor degree c mathematics working data scientist company developed software platform insurance company financial institute utilize data build better model good luck
\x356333333863633935386164636230393539303030376162,course-v1:GTx+ISYE6501x+1T2019,name caleb first term oms analytics program currently head dataanalytics large wholesale distributor canada interesting tidbit second time accepted georgia tech accepted many year ago undergrad ended virginia tech instead
\x356333333833666564623730613930396132303030373665,course-v1:GTx+ISYE6501x+1T2019,name business analyst ad tech company austin first semester gt also taking computing data analysis
\x356333333830376233656239653630393862303030373966,course-v1:GTx+ISYE6501x+1T2019,name live sunnyvale california completed cse mgt last semester semester taking isye mgt looking forward great semester together
\x356166613236393832343435316130396136303035623664,course-v1:GTx+ISYE6501x+2T2018,work product development atlanta area product use large amount data built attribute score insurer bank healthcare organization look forward taking class
\x356238613037666261353232303330393461303032316530,course-v1:GTx+ISYE6501x+3T2018,everyone greeting singapore anyone interested forming study group singapore let
\x356135666632313137626332303630613361303030313532,course-v1:GTx+ISYE6501x+1T2018,anyone else issue wherein hw show blank longer download file least visible
\x356135643166346634346131353030386262303031343538,course-v1:GTx+ISYE6501x+1T2018,name peoria illinois looking forward learning everyones experience sharing mine well
\x356135633136366537616366326430383161303031366336,course-v1:GTx+ISYE6501x+1T2018,name senior analytics developer aptos inc software company providing solution retail also play french horn participate local community orchestra course big fan classical music looking forward learning lot course left brother late last year nice meet left brother amazonawscom jpg
\x356135626662306664356362373730613834303031323936,course-v1:GTx+ISYE6501x+1T2018,everyone name live atlanta bachelor economics french beloit college senior manager consulting firm sandy spring focusing data analytics lot modeling already looking expand ability capability client expand excited dig material meet everyone throughout semester happy meet study anyone atlanta
\x356135616261353534346131353030383937303031336339,course-v1:GTx+ISYE6501x+1T2018,manu north winter originally trained electronics engineering currently work operation director telecom provider toronto
\x356135386532613034346131353030386463303031333136,course-v1:GTx+ISYE6501x+1T2018,dallas txworking data analysis glad meet everyone
\x356135366561336664356362373730613762303031303538,course-v1:GTx+ISYE6501x+1T2018,live dallas tx work fun loving airline company maintenance organization
\x356135363530346664356362373730616330303031303461,course-v1:GTx+ISYE6501x+1T2018,data analyst nonprofit dc hail small town new york fun fact graduated high school one half one set twin yes there probably something water
\x356135353762663634346131353030383934303031303436,course-v1:GTx+ISYE6501x+1T2018,name middle school math teacher small private school used coach basketball track decided focus attention learning mathematics night taking class local college also volunteer camp kid type diabetes summer lot great thing kid need learn manage disease addition world volunteer stuff powerlift pretty fun look forward great semester
\x356135353663393164356362373730613762303030663636,course-v1:GTx+ISYE6501x+1T2018,name live atlanta hold bachelor degree electrical engineering master currently working technical consultant company within wireless industry looking forward learning lot willing meet within area study session
\x356135353332646164356362373730616264303030666633,course-v1:GTx+ISYE6501x+1T2018,everyone introduction name land oz australia really looking forward meeting working background mining resource australia largest industry focus investment management valueinnovation strategy term technical craft cover investment operation research recently data science soon
\x356135343630663337616366326430383431303031306236,course-v1:GTx+ISYE6501x+1T2018,shankar atlanta work nice system ba fraud analytics excited
\x356135343432356164356362373730613963303030653534,course-v1:GTx+ISYE6501x+1T2018,houston tx work oil gas insurer use analytics find way less pollution safer work environment actuary work team data engineer
\x356135343337623337616366326430383266303030636333,course-v1:GTx+ISYE6501x+1T2018,everyone name service category manager happy spending semester learning data analytics fun fact love work project around house really enjoy gardening older realized longer run court playing basketball golf club collecting dust since wife first child complaint kid hope one day dust club back playing
\x356135343265313937616366326430383263303030636662,course-v1:GTx+ISYE6501x+1T2018,everyone currently working postdoctoral research fellow university alabama birmingham uab glad part one big analytics community cheer
\x356135343265313134346131353030386337303030656264,course-v1:GTx+ISYE6501x+1T2018,everyone name work marketing analytics arbys always interested getting customer feedback dont hold back
\x356135343239386437616366326430383161303031313965,course-v1:GTx+ISYE6501x+1T2018,work manufacturing technology development pratt whitney based east hartford ct office excited bring analytical tool sensor data analysis fun fact born finger total love crochetno two related finger looking forward learning
\x356135343162623064356362373730616162303030656137,course-v1:GTx+ISYE6501x+1T2018,everyone name another atlanta resident excited starting program currently work sale analytics ihg one interesting fact originally denver colorado started skiing
\x356135343136303134346131353030383865303030653831,course-v1:GTx+ISYE6501x+1T2018,name currently live flowery branch ga north atlanta wondering work medical device manufacturing ethicon inc process quality leader operation organization undergrad polymer fiber engineering gt passion six sigma problem solving led program looking forward tackling challenge course
\x356135336564633164356362373730616132303030656161,course-v1:GTx+ISYE6501x+1T2018,currently working dc risk analyst government department looking forward learning everyone next several month side note hope everyone east coast u likewise surviving historic cold temperature past week
\x356135336532366364356362373730616162303030653762,course-v1:GTx+ISYE6501x+1T2018,everyone name nadeen florida living working bay area sale operation analyst google decided continue education analytics compliment background computer science eventually conduct statistic based analysis enjoy attending local meetups hosted company open door teach public product methodology looking forward working connecting
\x356135336436623934346131353030383937303030663964,course-v1:GTx+ISYE6501x+1T2018,glad meet everyone local atlanta working bi architect software company midtown atlanta looking forward learning experience hone skill
\x356135336435393737616366326430383431303031303465,course-v1:GTx+ISYE6501x+1T2018,glad meet everyone local atlanta working bi architect software company midtown atlanta looking forward learning experience hone skill
\x356135336366383134346131353030383963303030666236,course-v1:GTx+ISYE6501x+1T2018,name claudia live atlanta ga close program headquarters current role manager digital communication year experience data analyst hope integrate learning omsa develop smarter targeted communication customer base far interesting fact dabble aerial acrobatics front computer screen
\x356238353537343933623061626330396133303031656664,course-v1:GTx+ISYE6501x+3T2018,work general electric renewable energy business engineering rotational program currently living greenville sc saturday interesting fact sort twitter famous silly twitter run babygoatpics looking forward great semester
\x356238333437333663333035616430613036303031643562,course-v1:GTx+ISYE6501x+3T2018,everyone margeaux nyc grew michigan went georgia tech undergrad live lower manhattan nyc currently consultant part focus strategy operation work retailconsumer company rare fact georgia tech cheerleader freshman year jacket
\x356238316231383463333035616430613030303031636534,course-v1:GTx+ISYE6501x+3T2018,weather absolutely gorgeous last day making excited stuck classroom pleased start school meaningful look forward learning everyone cheer vanessa
\x356238316163653733623061626330396235303031623565,course-v1:GTx+ISYE6501x+3T2018,everyone army officer looking transition data analytics field moving san antonio tx soon make next career move
\x356237656433616563333035616430613265303031626637,course-v1:GTx+ISYE6501x+3T2018,cw singapore undergrad singapore master degree state currently banking finance year mostly revenue reporting analytics runner game console
\x356237643262343533623061626330396466303031613836,course-v1:GTx+ISYE6501x+3T2018,prasad atlanta minnesota year recently work enterprise architect large health insurer midtown live north atlanta working healthcare strategy delivery year look forward collaboration journey
\x356237636530333361353232303330393737303031613963,course-v1:GTx+ISYE6501x+3T2018,name excited class looking forward working
\x356237636331336563333035616430396634303031393632,course-v1:GTx+ISYE6501x+3T2018,name live atlanta areaand quite bit analytical experience excited understand data science analytical modeling business
\x356237626232656361353232303330393536303031383465,course-v1:GTx+ISYE6501x+3T2018,australia looking forward course
\x356237623932666433623061626330396162303031616331,course-v1:GTx+ISYE6501x+3T2018,everyone name analytics senior consultant avanade looking forward first class program
\x356237623737316363333035616430613262303031396637,course-v1:GTx+ISYE6501x+3T2018,name suburb chicago part small consulting firm data analytics space background data side looking broaden knowledge perhaps foolishly adopted puppy dont need free time right look forward getting program
\x356237623730646161353232303330393566303031623261,course-v1:GTx+ISYE6501x+3T2018,neville chemist want figure apply data analytics solve agricultural health crisis hotspot around world soccer fan watch epl la liga ligue bundesliga serie afcon hope learn cool stuff class
\x356237623562616263333035616430613333303031393962,course-v1:GTx+ISYE6501x+3T2018,currently work senior cyber security consultant mcafee tend work complex technical issue big data cyber situational awareness hoping course provides additional background also looking forward connecting learn
\x356237623561616133623061626330396235303031376231,course-v1:GTx+ISYE6501x+3T2018,new gt student graduated ee work medical device industry first course really excited start hope great semestre
\x356237623438306233623061626330393936303031383435,course-v1:GTx+ISYE6501x+3T2018,everyone name live work metro atlanta retail analytics lead carter inc graduate gt b industrial engineering looking forward working everyone
\x356237616535393861353232303330393935303031393962,course-v1:GTx+ISYE6501x+3T2018,everyone name currently located atlanta ga working software engineer automotive industry year excited started looking forwarding learning
\x356237616130623233623061626330396331303031393033,course-v1:GTx+ISYE6501x+3T2018,name analyst predictive modelling group insurance company year ago started grad school tech master time good back looking forward learning
\x356237613865376161353232303330393836303031376462,course-v1:GTx+ISYE6501x+3T2018,name excited start learning
\x356237396434313661353232303330393932303031373530,course-v1:GTx+ISYE6501x+3T2018,everyone chicago work cv health northbrook chicago suburb excited started program
\x356237396138323761353232303330393566303031396438,course-v1:GTx+ISYE6501x+3T2018,supriya new jersey looking forward course coming background done bachelor computer science year experience sql bi analytics tool
\x356237326637323763333035616430613265303031343237,course-v1:GTx+ISYE6501x+3T2018,everyone name graduated georgia tech spring bachelor finance certificate business analytics studying certificate interest analytics grew returned expand knowledge thing data related currently work southern company profitability economic analyst also held role financial analyst company enterprise risk management group looking forward meeting many excited started
\x356237316437613033623061626330393934303031336631,course-v1:GTx+ISYE6501x+3T2018,name assistant professor mathematics dalton state college fun fact love rock climbing hiking
\x353961333761366561343432303730613262303030376635,course-v1:GTx+ISYE6501x+3T2017,name software engineer based pittsburgh pa currently work emerging technology forward engineering sa institute spare time running small birdfriendly coffee roasting company play banjo corgi named listen mountain goat love thing
\x353961333162633163636432363730396233303030373833,course-v1:GTx+ISYE6501x+3T2017,regarding first note kknn explains using exclude index applied beyond splitting data set training set testing set example using first row training second testing need something beyond
\x353961326663383439646562386230396336303030376163,course-v1:GTx+ISYE6501x+3T2017,new difficulty understanding parameter kknn function help argument kknnformula formulatrain train test naaction naomit distance kernel optimal ykernel null scaletrue contrast cunordered contrdummy ordered contrordinal formula different train test data frame also parameter required optional
\x353939663530326239646562386230396333303030363235,course-v1:GTx+ISYE6501x+3T2017,little confused warning note kknn give whole data set find closest point use data set one nearest neighbor note seems warning subsetting data feeding kknn function however kknn function already take account formula input tell variable true classification factor wondering note really knn function instead specify true classification vector
\x353939623935313239646562386230393938303030343331,course-v1:GTx+ISYE6501x+3T2017,aloha everyone really looking forward class former georgia resident living hawaii currently work institutional research hawaii pacific university ive building predictive analytics process enrollment management student retention also background supply chain management excited dig analytics area well hope everyone great semester
\x353939623938383139646562386230396231303030343166,course-v1:GTx+ISYE6501x+3T2017,everyone name john creek ga georgia tech alumnus recently graduated degree chemistry previously worked medical device company research development chemist making adhesive internal external wound closure currently work ups energy procurement specialist lot reporting analytics volume expenditure energy commodity fun fact powerlifter deadlift equivalent female panda
\x353939623562616261343432303730613039303030336532,course-v1:GTx+ISYE6501x+3T2017,everyone big shout london uk still secretly hoping someone currently city study buddy currently working economics consultant happy meet everyone good luck
\x353939623365626239646562386230396330303030336234,course-v1:GTx+ISYE6501x+3T2017,currently work michelin greenville sc recently joined data science team came role director bi passenger light truck tire division north america graduated ga tech bsie happy back married two child age good luck u
\x353939623339663363636432363730396162303030343032,course-v1:GTx+ISYE6501x+3T2017,work quality ci manager potato company southern california spend free time taking dog hike trip beach dog park
\x353939623237663361343432303730613331303030336430,course-v1:GTx+ISYE6501x+3T2017,name atlanta moved outside detroit couple month ago work data architect ford motor company graduated georgia tech bsba may
\x353939396466623963636432363730396230303030333435,course-v1:GTx+ISYE6501x+3T2017,everyone name work business analyst information technology division institute nuclear power operation always describe translator business help business figure problem theyre trying solve turn requirement user story developer use fact ive stood middle cooling tower nuclear station thing enormous
\x353939386162373061343432303730613036303030326262,course-v1:GTx+ISYE6501x+3T2017,everyone name originally michigan work san francisco engineer google degree information technology prior getting degree served army little year excited analytics project work working google developed passion love better applying towards project future looking forward working semester
\x356437353035303363303664323630393763303032613762,course-v1:GTx+ISYE6501x+2T2019b,northern virginia work advanced stream processing analytics need understand algorithm little better
\x356436373338366438343435326130373866303031363236,course-v1:GTx+ISYE6501x+2T2019b,folk senior software engineer excited love work data best folk celtic pat sox order
\x356436353463333538313439666430393432303031343365,course-v1:GTx+ISYE6501x+2T2019b,sebastian live argentina looking someone online study group
\x356436316533343963303664323630393331303031323833,course-v1:GTx+ISYE6501x+2T2019b,everyone charlotte nc looking forward learning
\x356436316364343138343435326130373838303031323037,course-v1:GTx+ISYE6501x+2T2019b,grew outside salt lake city utah greatest snow earth sorry colorado live allen tx work att private cloud interesting fact avid hiker canyoneer trail half dome narows bryce canyon fairy loop mt timpanogous goal grand canyon soon
\x356436313531363763303664323630393666303031313333,course-v1:GTx+ISYE6501x+2T2019b,everyone name segilola live kuala lumpur love anyone within time zone discussion
\x356436303465653938313439666430393532303031313739,course-v1:GTx+ISYE6501x+2T2019b,name radio access network engineer att make sure phone always connected working properly ask anything latest app chance clueless looking forward program applying skillsets learn also looking forward working everyone
\x356435663666383138343435326130376264303031313531,course-v1:GTx+ISYE6501x+2T2019b,everyone excited start course
\x356435663563306663303664323630393736303031316130,course-v1:GTx+ISYE6501x+2T2019b,everyone srinath boston working pharma company
\x356435663039313063303664323630393739303031356461,course-v1:GTx+ISYE6501x+2T2019b,everyone teodoro teo live charlotte nc work data engineer mutual fund company hope learn ton course
\x356435646333653963303664323630393238303031303731,course-v1:GTx+ISYE6501x+2T2019b,perceval stellenbosch south africa technical officer stellenbosch university
\x356435643230393963303664323630393538303030666336,course-v1:GTx+ISYE6501x+2T2019b,guy name started work shanghai anyone team study
\x356435636136643938343435326130376261303030663563,course-v1:GTx+ISYE6501x+2T2019b,everyone austin originally kyrgyzstan first semester excited learn grow
\x356435633938616138343435326130373838303030663131,course-v1:GTx+ISYE6501x+2T2019b,everybody name medical service corp officer u army undergrad operation research west point also contracted mathematics consulting firm work computational engineering mathematics research excited work everybody
\x356435633865616438343435326130376363303031303564,course-v1:GTx+ISYE6501x+2T2019b,toronto canada good
\x356435633461353038343435326130376336303030663538,course-v1:GTx+ISYE6501x+2T2019b,name call senior financial investment banking professional engineer post graduation management administration focus finance harvard university looking forward learn data science master science analytics georgia tech university
\x356435626537326638343435326130373935303030653464,course-v1:GTx+ISYE6501x+2T2019b,name shane looking forward working
\x356435626536366263303664323630393333303030656161,course-v1:GTx+ISYE6501x+2T2019b,singapore currently working group accountant interest data analytics data warehouse bi tool hope anyone similar interest
\x356435623865306163303664323630393663303030643937,course-v1:GTx+ISYE6501x+2T2019b,everyone work statistical programmer local biotech company excited part program looking forward learn lot fun fact avid hiker
\x356435623739336363303664323630393337303030653765,course-v1:GTx+ISYE6501x+2T2019b,name abiola atlanta pricing analyst airline industry decided take course first step expanding knowledge programming coding world love photography look forward learning
\x356435623633393438343435326130373938303030653265,course-v1:GTx+ISYE6501x+2T2019b,asif system analyst general motor austin tx
\x356435623564373863303664323630393366303030633462,course-v1:GTx+ISYE6501x+2T2019b,yall name currently working data scientist headquarters northwest arkansas love sport running mountain biking cycling fishing recently gardening fun fact currently training half iron man excited learn yall
\x356435623564313863303664323630393238303030656433,course-v1:GTx+ISYE6501x+2T2019b,atlanta qc analytical chemist ethicon jj interest deep learning model spectroscopic data synthetic surgical suture successful return project
\x356435623561313338313439666430393238303030653361,course-v1:GTx+ISYE6501x+2T2019b,really excited start master program analytics gt learning
\x356435623538356363303664323630393634303030633539,course-v1:GTx+ISYE6501x+2T2019b,classmate techlead lockheed aeronautics performance modeling analysis dallasfort worth texas taken new position senior data scientist starting sept th lockheed mfc super excited interface yall
\x356435623436666263303664323630393435303030643061,course-v1:GTx+ISYE6501x+2T2019b,everyone name data scientist within company looking forward taking first analytics class
\x356435623331326463303664323630393666303030646135,course-v1:GTx+ISYE6501x+2T2019b,justin ga engineer industrial analytics company looking forward program everyone
\x356435623266616238313439666430393631303030656235,course-v1:GTx+ISYE6501x+2T2019b,currently analytic methodologist charlottesville va however may need rethink profession sure thought starting master program first child time good idea
\x356435623261313938313439666430393432303030653435,course-v1:GTx+ISYE6501x+2T2019b,name currently work data analytics honda columbus ohio look forward learning everyone
\x356435623236313238343435326130376264303030653965,course-v1:GTx+ISYE6501x+2T2019b,everyone name excited first graduate level course manage team analyst consultancy primarily focus digital ecosystem website advertising etc looking forward getting better understanding modeling
\x356435623235653138313439666430393537303030643834,course-v1:GTx+ISYE6501x+2T2019b,atlanta ga middle name may officially fascinated data analytics machine learning taken numerous course coursera prior omsa excited formalizing learning structured rigorous academic environment bachelor finance accounting moved year stint company bi group sale analytics manager looking forward learning working
\x356435623232356338343435326130376131303030646662,course-v1:GTx+ISYE6501x+2T2019b,friend atlanta ga currently working technical manager leading data analytics team financial firm looking forward learning data analytics along
\x356435623131333738343435326130376336303030653439,course-v1:GTx+ISYE6501x+2T2019b,everyone originally north carolina moved new jersey three day ago currently work government analyst mostly interested crime analytics law enforcement purpose
\x356435616631613563303664323630393733303030653465,course-v1:GTx+ISYE6501x+2T2019b,name boston service manager love problem solving analyzing also adrenaline junky took introductory course python gtx really enjoy master degree good luck everyone
\x356435616261383238343435326130373935303030643834,course-v1:GTx+ISYE6501x+2T2019b,name excited start class program
\x356435616135333638313439666430393262303030646163,course-v1:GTx+ISYE6501x+2T2019b,name live nyc excited joining course
\x356364663437323030646166633630396166303031366538,course-v1:GTx+ISYE6501x+2T2019a,willis atlanta working full time data engineer oms program also playing bunch tennis
\x356364646539653730646166633630393964303031373138,course-v1:GTx+ISYE6501x+2T2019a,pricing director water thrilled participating course hope apply course learning real life
\x356364613038653335303761376130396531303031353165,course-v1:GTx+ISYE6501x+2T2019a,cleveland oh work pnc bank business analytics consultant
\x356531613534323163373632373730393333303032663838,course-v1:GTx+ISYE6501x+1T2020,guy greeting nyc name software developer looking forward course teaching new thing
\x356531613364333737666562653530393436303032623931,course-v1:GTx+ISYE6501x+1T2020,name currently residing port harcourt nigeria second term third course georgia tech omscs program currently work full time planning engineer energy company nigeria hoping switch data science role completing master georgia tech
\x356531613232396363373632373730393135303033306565,course-v1:GTx+ISYE6501x+1T2020,name currently reside minnesota working software developer insurance company love number data hope analytics learning auditing course
\x356531396538636439356230363230393233303032396535,course-v1:GTx+ISYE6501x+1T2020,korea research assistant samsung electronics developing tizen operating system samsung research love job hope enhance skill set class nice meet
\x356531383832303963373632373730393161303033373537,course-v1:GTx+ISYE6501x+1T2020,omcs ml interested course another perspective data analysis
\x356531376563663163373632373730393164303032623736,course-v1:GTx+ISYE6501x+1T2020,everyone name working pwc china audit associate omsa program full time every excited new semester nice meet online even person anyone near san jose california area
\x356531376366643239356230363230393362303033386131,course-v1:GTx+ISYE6501x+1T2020,write code company downtown cincinnati school since
\x356531376264393963373632373730393230303032663034,course-v1:GTx+ISYE6501x+1T2020,everyone name originally toronto recently moved boston attended university waterloo completed undergrad business management soon finishing school worked strategic planning introduced multiple business intelligence tool intrigued learning analytics really excited start program learn everyone
\x356531373733633639356230363230393431303033383336,course-v1:GTx+ISYE6501x+1T2020,everyone name rhode island working sr advisor analytics
\x356531373334303737666562653530393535303033653166,course-v1:GTx+ISYE6501x+1T2020,guy learner germany
\x356531363235653463373632373730393366303033646164,course-v1:GTx+ISYE6501x+1T2020,name maine currently work wex fintech payment solution company looking advance career auditing course
\x356531363139386339356230363230393161303033333162,course-v1:GTx+ISYE6501x+1T2020,everyone fpa data analyst resmed medical device company headquartered san diego hoping admitted fall term oms analytics degree main reason taking course interesting fact recently lb dachshund mix puppy named roommate also cat named banana
\x356531353639653363373632373730393534303032623462,course-v1:GTx+ISYE6501x+1T2020,everyone new field excited gather new knowledge
\x356531353439393137666562653530393535303033636539,course-v1:GTx+ISYE6501x+1T2020,everyone name texas data analyst aviation love data
\x356531346637333537666562653530393661303032633963,course-v1:GTx+ISYE6501x+1T2020,currently analyst large insurance company hoping transition modeling data science role next year two interesting fact musician nyc year returned college degree mathematics also taught math dc public school five year
\x356531346136663663373632373730393161303033353164,course-v1:GTx+ISYE6501x+1T2020,name petroleum engineer auditing course time hope learn new skillset apply work
\x356531343034326639356230363230393362303033363266,course-v1:GTx+ISYE6501x+1T2020,everyone name first class oms analytics program excited started small town northwest ohio currently manufacturing system engineer one interesting fact certified asq six sigma black belt early
\x356531343032646537666562653530393736303032646530,course-v1:GTx+ISYE6501x+1T2020,everyone name currently working software developer data science team healthcare software company excited started course fun fact high school performed marching band macys thanksgiving day parade
\x356531343030396437666562653530393631303032386563,course-v1:GTx+ISYE6501x+1T2020,anyone submit homework audit access
\x356531336665343363373632373730393336303033343864,course-v1:GTx+ISYE6501x+1T2020,name team lead manager company operation research team looking learn modeling analytics one hobby competitive yacht racing
\x356531336634303839356230363230393338303032653162,course-v1:GTx+ISYE6501x+1T2020,name live santa monica ca originally tampa fl went school uga undergrad optimization manager adtech company great deal data analysis daytoday goto interesting fact ive done martial art karate muaythai since second degree black belt also enjoy yoga happy new year
\x356531336465656639356230363230393332303033376430,course-v1:GTx+ISYE6501x+1T2020,live baltimore work reporting data analyst
\x356531336463393039356230363230393263303032373031,course-v1:GTx+ISYE6501x+1T2020,located san diego starting micromasters applied admission omsa program fall
\x356531336437323639356230363230393464303032383538,course-v1:GTx+ISYE6501x+1T2020,finance director large company atlanta looking forward learn analytics
\x356531336434343637666562653530393535303033626331,course-v1:GTx+ISYE6501x+1T2020,youre phoenix az living austin tx platform lead rpa trinet interestingrare impressive fact randomly selected phoenix sun game ingame contest shoot free throw pt half court shot made
\x356531336338376437666562653530393265303033626634,course-v1:GTx+ISYE6501x+1T2020,youre los angeles california business analyst
\x356531336238366463373632373730393561303033633165,course-v1:GTx+ISYE6501x+1T2020,name washington dc area currently market research analyst looking explore world big data
\x356531333935356637666562653530393262303033366633,course-v1:GTx+ISYE6501x+1T2020,happy new year name trish richmond va work maxx potential apprenticeship company helping people tech career real work experience
\x356531333833313739356230363230393134303033343035,course-v1:GTx+ISYE6501x+1T2020,undergrad degree industrial engineering ga tech graduated since classroom grade although lot selflearning along worked programmer currently reporting analyst
\x356531333765653463373632373730393234303032353335,course-v1:GTx+ISYE6501x+1T2020,auditing right feel core class analytics master
\x356531333762323637666562653530393238303032636631,course-v1:GTx+ISYE6501x+1T2020,name currently work field representative clariant providing deepwater chemical solution offshore oil gas operator gulf mexico writing production platform mi offshore southern louisiana looking forward learning everyone
\x356531333738383163373632373730393438303032353363,course-v1:GTx+ISYE6501x+1T2020,name houston texas currently work senior pricing analyst sysco corp hoping skill knowledge gain course applied current work past life professional chef worked multiple winning restaurant background tax hold ut austin accounting excited start program meet
\x356531333539333239356230363230393431303033353330,course-v1:GTx+ISYE6501x+1T2020,name analytics consultant firm new york city looking forward taking class beginning micromasters program eventually applying completing full oms analytics georgia tech look forward learning world data science meeting along
\x356464303763656537666562653530393439303030663533,course-v1:GTx+ISYE6501x+1T2020,looking take course january looking make sure available january
\x356464303763313637666562653530393334303031356138,course-v1:GTx+ISYE6501x+1T2020,working farther looking expand knowledge data science looking forward class need pace work life schedule completed power bi course edx enjoyed looking knowledge data analytics modeling
\x353935383561336232326138666230373562303032333036,course-v1:GTx+ISYE6501x+2T2017,learner office hour video conducted th june posted arf format find clue suggestion hw aaron
\x353934656361323261383437386330373933303031643461,course-v1:GTx+ISYE6501x+2T2017,tutorial prepared arjun posted site help homework aaron
\x353934363866663231333035663130383331303031386432,course-v1:GTx+ISYE6501x+2T2017,learner planning conducting another office hour either monday tuesday either est est benefit learner time zone make attending currently planned live office hour difficult reply preference use check time suit best schedule accordingly aaron
\x353932646237316131333035663130383434303030613761,course-v1:GTx+ISYE6501x+2T2017,learner invite sent verified learner missed someone let aaron
\x353932336164353231333035663130383334303030363434,course-v1:GTx+ISYE6501x+2T2017,hw solution posted deadline passed
\x353932333439306561383437386330373939303030363635,course-v1:GTx+ISYE6501x+2T2017,shall correct question wording shortly instead read describe situation problem job everyday life current event etc change detection model appropriate applying cusum technique choose critical value threshold
\x353932333438646232326138666230373732303030363638,course-v1:GTx+ISYE6501x+2T2017,red typo one uploaded shall correct shortly shall correct question wording shortly instead read describe situation problem job everyday life current event etc change detection model appropriate applying cusum technique choose critical value threshold
\x353931386232336632326138666230373735303030313762,course-v1:GTx+ISYE6501x+2T2017,add question comment content week post section
\x353931386232326531333035663130383233303030313564,course-v1:GTx+ISYE6501x+2T2017,add question comment content week post section
\x353931386232316631333035663130383233303030313563,course-v1:GTx+ISYE6501x+2T2017,add question comment content week post section
\x353931386232303731333035663130383338303030313537,course-v1:GTx+ISYE6501x+2T2017,add question comment content week post section
\x353931386231386632326138666230373637303030313663,course-v1:GTx+ISYE6501x+2T2017,everyone course designed balance breadth learning industry relevance catering wide learner base interested starting progressing analytics career first run course might occasional typo error content may also instance site may work expected either case face issue use discussion topic post query bring notice georgia tech edx team
\x353931386231306232326138666230373631303030313832,course-v1:GTx+ISYE6501x+2T2017,add query regarding content error bug post section
\x353931373661613231333035663130383334303030313032,course-v1:GTx+ISYE6501x+2T2017,everyone course designed balance breadth learning industry relevance catering wide learner base interested starting progressing analytics career first run course might occasional typo error content may also instance site may work expected either case face issue use discussion topic post query bring notice georgia tech edx team
\x356333343139333664623730613930393762303030376531,course-v1:GTx+ISYE6501x+1T2019,name mo canada one access assignment yet posted
\x356333653064386133656239653630393865303030646337,course-v1:GTx+ISYE6501x+1T2019,name live calgary canada work oil gas industry engineer limited programming experience excited
\x356333643665643533656239653630393862303030653363,course-v1:GTx+ISYE6501x+1T2019,greeting everyone name work microsoft yet directly data analytics space thats closely related work look forward learn extract value data efficient making proper decision
\x356333633737346233656239653630396133303030643437,course-v1:GTx+ISYE6501x+1T2019,everyone looking forward learning together
\x356333386631386333656239653630393931303030623437,course-v1:GTx+ISYE6501x+1T2019,everyone name elise recent transplant birmingham san francisco moving job consultant new role analyst southern power also run photography business free time looking forward getting everyone better coming week
\x356333373932386635386164636230396161303030396234,course-v1:GTx+ISYE6501x+1T2019,name trying switch career used support operation og industry study time people around houston area let living around houston
\x356333366264303833656239653630396130303030396361,course-v1:GTx+ISYE6501x+1T2019,sf bay area name currently work medical device industry excited meet everyone work together throughout course
\x356333366166613364623730613930396363303030616434,course-v1:GTx+ISYE6501x+1T2019,name tian data analyst working education technology startup called goguardian career goal become data scientist excited start journey gatech
\x356333363866663335386164636230396230303030396437,course-v1:GTx+ISYE6501x+1T2019,currently stayathome mom residing melbourne fl kid school looking forward pursuing degree fast growing area us background mathematics
\x356333363730383033656239653630393832303030393735,course-v1:GTx+ISYE6501x+1T2019,howdy currently residing dallas tx graduated year ago b applied mathstats texas working business analyst att looking forward learning yall fun fact talk music day matter genre
\x356333353739353535386164636230393632303030386232,course-v1:GTx+ISYE6501x+1T2019,julian live austin texas originally spain currently working business intelligence analyst tech company looking forward course
\x356333353539313035386164636230393863303030386163,course-v1:GTx+ISYE6501x+1T2019,study collaborate student interested near far
\x356333353432333464623730613930393963303030386263,course-v1:GTx+ISYE6501x+1T2019,name work supply chain analytics home depot atlanta looking forward course
\x356333353266323364623730613930396231303030393539,course-v1:GTx+ISYE6501x+1T2019,name originally fromtennessee currently living bay area san fran ive private tutor time familiar versed pretty much everything program encompassesso absolutely jitter proceed something lived every time zone within contiguous united state besides brief stint overseas point lifetime body clock remains oriented around eastern standard time
\x356333346436303635386164636230393665303030383536,course-v1:GTx+ISYE6501x+1T2019,anew student enrolled similar program american university run political consulting business quite bit work political data science arena graduated b business administration fisher college business ohio state
\x356333346138303064623730613930393762303030383439,course-v1:GTx+ISYE6501x+1T2019,solution engineer teradata tech run largest data warehouse world always looking level skill help customer make sense excited atlanta folk meet may order
\x356333343961613964623730613930393933303030386138,course-v1:GTx+ISYE6501x+1T2019,nj cpa currently work valuation manager assistant treasurer family mutual fund new york city think data analytics become integrated vertical organization including realm taking omsa develop tool necessary analytics become integrated decision rather feel act silo present day
\x356333343632306335386164636230396161303030376266,course-v1:GTx+ISYE6501x+1T2019,everyone name live greater seattle area work expedia data analyst started first course last fall cse tough rewarding really looking forward learn course feel free stay connected via linkedin
\x356333343331363564623730613930396363303030383961,course-v1:GTx+ISYE6501x+1T2019,nafiz currently living plano texas working dallas downtown headquarters att currently working software engineer looking forward starting master analytics semester interesting fact recorded mediocre rap song friend high school
\x356333343235626164623730613930396332303030373337,course-v1:GTx+ISYE6501x+1T2019,name silviya live work nyc background math econ career focused user experience interesting fact triplet bulgaria multitime national champion badminton best luck
\x356333343132343664623730613930396162303030386437,course-v1:GTx+ISYE6501x+1T2019,everyone first semester program greater philadelphia area manufacturing engineer chemical engineering pharmaceutical company looking forward learningworking
\x356333343032393733656239653630393838303030376431,course-v1:GTx+ISYE6501x+1T2019,gt alum phd chem swore never ever return beating yet gluten punishment everybody oh yeah currently work oak ridge institute science education working issue workforce diversity among federal scientific community
\x356333336666313633656239653630396436303030376430,course-v1:GTx+ISYE6501x+1T2019,everyone name currently live washington dc working digital analyst washington post one interesting thing identical twin also georgia tech analytics master
\x356333336632646535386164636230396164303030373236,course-v1:GTx+ISYE6501x+1T2019,name currently working mst scientist lilly supporting biotechnology product looking forward working feel free connect
\x356333336630326635386164636230393632303030373931,course-v1:GTx+ISYE6501x+1T2019,everyone vinay singapore work sap great part course awesome people world
\x356333336539616364623730613930393834303030376563,course-v1:GTx+ISYE6501x+1T2019,name originally atlanta ga live los angeles ca producer world poker television show look forward learning working everyone
\x356333336534353433656239653630396361303030376265,course-v1:GTx+ISYE6501x+1T2019,everyone name live atlanta work propulsion engineer delta air line pursuing degree interest understanding reliability complex system engine data fun fact even though back another degree gt mechanical engineering
\x356333336531613633656239653630393835303030376562,course-v1:GTx+ISYE6501x+1T2019,instructor microsoft software system academy ft benning georgia profile
\x356333336438386333656239653630396163303030373366,course-v1:GTx+ISYE6501x+1T2019,savannah ga associate professor logistics supply chain savannah state university college business looking forward learn data analytics apply research supply chainlogistics
\x356333336265353333656239653630396235303030373666,course-v1:GTx+ISYE6501x+1T2019,everyone name excited start oms analytics program live houston texas cloud solution architect year practice family back visiting london two day looking add new skill analytics andor data engineering also connectnetwork
\x356333336265323033656239653630396238303030373733,course-v1:GTx+ISYE6501x+1T2019,everyone name excited start oms analytics program live houston texas cloud solution architect year practice family back visiting london two day looking add new skill analytics andor data engineering also connectnetwork
\x356333336230656635386164636230393866303030373338,course-v1:GTx+ISYE6501x+1T2019,name first semester located georgia work senior capacity analyst bought house min ne atlanta
\x356333333731633635386164636230393765303030373463,course-v1:GTx+ISYE6501x+1T2019,howdy everyone name connecticut worked actuary year receiving undergraduate degree decided wanted venture data analytics data science currently working parttime ill attempting enrolled fulltime omsa semester one interesting fact probably one student accepted omsa without programming experience ill starting isye programming course interesting hopefully rocky ride looking forward collaborating
\x356333333664666335386164636230393737303030373835,course-v1:GTx+ISYE6501x+1T2019,currently living pittsburgh feel free reach also pittsburgh area first semester
\x356333333464356564623730613930393864303030376633,course-v1:GTx+ISYE6501x+1T2019,everyone trinidad tobago currently work business intelligence consultant excited learning analytics
\x356333333463666664623730613930396332303030363939,course-v1:GTx+ISYE6501x+1T2019,everyone name live ann arbor michigan work higher education arena starting oms program semester spring goal learn contribute field learning business analytics pertains higher education looking forward wonderful semester
\x356166393862343039333739343030396432303035616632,course-v1:GTx+ISYE6501x+2T2018,gm one rare native atlantans still living atlanta work higher ed using historical offline current online data determine maximize retention graduation rate population student excited join class
\x356135626334633337616366326430383130303031323661,course-v1:GTx+ISYE6501x+1T2018,everyone atlanta currently work mercedesbenz usa lead supply chain software application looking forward learning lot guy anyone want talk data science exchange idea supply chain world let
\x356135623963646334346131353030386235303031323838,course-v1:GTx+ISYE6501x+1T2018,everyone work insurance company underwriting department first introduced analytics really excited learn everyone
\x356135616233636234346131353030383865303031323634,course-v1:GTx+ISYE6501x+1T2018,everyone chicago il production manager rich product nile facility manufacture topping cream may think milkshake carvel ice cream cake ive worked manufacturing year starting building product moving food service year ago civil engineering degree gt mba usc looking forward working throughout program
\x356135356632306237616366326430383062303030656163,course-v1:GTx+ISYE6501x+1T2018,everyone name actuary looking broaden deepen analytic skill looking forward course semester hopefully meeting
\x356135353136663164356362373730616132303030663736,course-v1:GTx+ISYE6501x+1T2018,name father oldest youngest month old online student georgia tech analytics work security tech company managed service engineer look forward many course guy forum
\x356135346339396634346131353030383937303031303362,course-v1:GTx+ISYE6501x+1T2018,south korea currently working indonesia unicef applied social research officer happy join programme
\x356135343464623537616366326430383263303030643037,course-v1:GTx+ISYE6501x+1T2018,started omsa fall bus fundamental currently work dallas att strategic infrastructure planning organization looking forward class ready challenge familiar either pythonyet
\x356135343163393364356362373730613738303030656663,course-v1:GTx+ISYE6501x+1T2018,live charlotte nc work small financial software company second semester omsa program professional golfer several lifetime ago best luck everyone semester
\x356135343162393737616366326430383437303030636466,course-v1:GTx+ISYE6501x+1T2018,everyone name business intelligence developer pultegroup atlanta lived entire year atlanta area excited attending program
\x356135343037646464356362373730613738303030656563,course-v1:GTx+ISYE6501x+1T2018,name chirag huntsville al engineer working northrop grumman
\x356135336434313734346131353030386139303030636632,course-v1:GTx+ISYE6501x+1T2018,everyone name bulgaria working bi designer one bulgarian telecom company really excited part big team wish everyone good luck course take
\x356135336166303064356362373730616135303030656430,course-v1:GTx+ISYE6501x+1T2018,name local atlanta work role looking forward new journey much success
\x356135333866363364356362373730613939303030653431,course-v1:GTx+ISYE6501x+1T2018,name live work orlando florida senior data scientist looking hone skill omsa random fact traveled continent still need make stop australia antarctica look forward getting many possible
\x356135333865396634346131353030386166303030643264,course-v1:GTx+ISYE6501x+1T2018,name local atlanta work manager finance veritiv mba tech excited diving back learning hopefully becoming double jacket getting everyone course
\x356238316362646263333035616430613331303031663535,course-v1:GTx+ISYE6501x+3T2018,come academic background physicist electronic engineer mba mec regarding professional experience senior program manager working experience continent
\x356237663433343663333035616430613336303031616566,course-v1:GTx+ISYE6501x+3T2018,name currently team lead data engineering science telecom company atlanta ga ive worked ml use case advance knowledge skill via oms analytics program great one
\x356237653362623161353232303330393538303031623061,course-v1:GTx+ISYE6501x+3T2018,name undergrad computer science georgia tech almost decade ago back currently work analytics manager tech startup vancouver looking learn expand skill set work school id rather hiking mountain
\x356237653261376561353232303330393637303031626630,course-v1:GTx+ISYE6501x+3T2018,new classmate yes uppercase letter middle supposed born raised california undergrad degree hawaii sticking tradition receiving higher education place far home looking forward getting everyone
\x356237646333376663333035616430613333303031623565,course-v1:GTx+ISYE6501x+3T2018,name originally ghana u year undergrad finance howard university worked several fpa role jpmorgan nyc metro currently work sale role payment processor atl looking analytics focused role done program new stuff look challenging ready hope network atl based folk best fellow colleague
\x356237643636333833623061626330396136303031633331,course-v1:GTx+ISYE6501x+3T2018,name kazakhstan interested data science hope obtain ton useful knowledge
\x356237643139663163333035616430613039303031396434,course-v1:GTx+ISYE6501x+3T2018,lead data analytics team tier bank kenya person africa
\x356237633532636163333035616430396566303031393864,course-v1:GTx+ISYE6501x+3T2018,originally china working biostatistician nyc hope great semester
\x356237623866366133623061626330396439303031393032,course-v1:GTx+ISYE6501x+3T2018,everyone b mechanical engineering gt currently employed philip healthcare looking forward learning use analytics healthcare data improve medical device design patient outcome
\x356237623564336561353232303330393764303031383535,course-v1:GTx+ISYE6501x+3T2018,everyone atlanta ga technically currently responsible mdm strategy large local software company interesting fact rd first semester gt undergrad mba
\x356237623562383033623061626330396466303031393261,course-v1:GTx+ISYE6501x+3T2018,everybody logistics officer air force first course gt
\x356237623435663233623061626330393931303031383434,course-v1:GTx+ISYE6501x+3T2018,everyone name statistical analyst insurance company excited apply learn course work fun fact love travel especially finland every summer visit loved one enjoy family offthegrid cabin
\x356237623134613363333035616430613133303031393034,course-v1:GTx+ISYE6501x+3T2018,work data scientist
\x356237616534396261353232303330393365303031376332,course-v1:GTx+ISYE6501x+3T2018,name looking forward class wish everyone best luck semester
\x356237616437306163333035616430613339303031386439,course-v1:GTx+ISYE6501x+3T2018,name marcus currently machine learning software engineer ge excited learning
\x356237616435393763333035616430613331303031613762,course-v1:GTx+ISYE6501x+3T2018,everyone name work insurance underwriter atlanta georgia toy poodle love spend time also enjoy hiking lifting weight
\x356237616434386161353232303330393365303031376230,course-v1:GTx+ISYE6501x+3T2018,good morning everyone name software engineer living birmingham beginning journey towards career transition data science look forward getting work coming month
\x356237616333363133623061626330393964303031393730,course-v1:GTx+ISYE6501x+3T2018,everyone name carlos currently malinorth west africa back state couple month look forward learning
\x356237616330353433623061626330396265303031393438,course-v1:GTx+ISYE6501x+3T2018,georgia tech student boy andrey makhanov report nc
\x356237396361386263333035616430613238303031386665,course-v1:GTx+ISYE6501x+3T2018,everybody name data scientist twin city cant wait work learn
\x356237386562316663333035616430613039303031373165,course-v1:GTx+ISYE6501x+3T2018,name currently live pittsburgh pa everyone
\x356435623438333338343435326130376133303030653063,course-v1:GTx+ISYE6501x+2T2019b,work business intelligence analyst atlanta ga
\x356237346530353461353232303330393833303031343562,course-v1:GTx+ISYE6501x+3T2018,nice meet message youre pittsburgh make study group
\x356435626632333663303664323630393634303030636263,course-v1:GTx+ISYE6501x+2T2019b,everyone name stay sydney hope enjoy semester
\x356237316238653733623061626330396232303031336132,course-v1:GTx+ISYE6501x+3T2018,everyone taiwan current working fca apac product manager used study uw seattle industrial engineering several year ago hope learn lot adopt technique learn market analytics project anyone shanghai taiwan anyone else feel free add wechat stevenju looking forward start class
\x353961373033356339646562386230396333303030396137,course-v1:GTx+ISYE6501x+3T2017,wanted make sure aware instructor monitor edx discussion board monitoring piazza board cohort course sign piazza boardsite question answered instructor
\x353961343165346339646562386230396339303030383162,course-v1:GTx+ISYE6501x+3T2017,issue using kknn ended using trainkknn anyone else diverge kknn accommodate change ended creating two dataframes column column using trainkknn able find optimal anyone else getting different
\x353961333864613461343432303730613262303030376662,course-v1:GTx+ISYE6501x+3T2017,name worked past year currently work global supply chain att atlanta georgia extremely excited program working analytics look forward using learn course help current project
\x353939646164666563636432363730396564303030353465,course-v1:GTx+ISYE6501x+3T2017,everyone pleased finally getting started master program must say find account setup figuring tad confusing single dad two daughter one uga gsu family georgia covered currently web developer originally trained biologist pretty good stat background web development mean upgrade computer skill attempting back analytics program final stretch long journey
\x353939623761303061343432303730396566303030343530,course-v1:GTx+ISYE6501x+3T2017,interesting experience obsessed analytics hopefully found right place austin tx still live minute grew mba utaustin currently work ubs wealth management group morgan stanley role year prior moving wife northeast fortunate spend lot time texas hot year old boygirl twin keep u toe whenever find spare moment
\x353939613461616463636432363730396533303030333238,course-v1:GTx+ISYE6501x+3T2017,look end introductory course material fake test intended help set proctortrack went set installed proctor track pic pic id etc reached end actually take test said forbidden supposed test proctortrack set correctly
\x353939613431633339646562386230393962303030333766,course-v1:GTx+ISYE6501x+3T2017,boston area software engineer day software engineer night fun fact nearly bowled perfect game year ago strike except pesky spare eighth frame looking forward course particular active participant learning cohort
\x353939613132613063636432363730396434303030336134,course-v1:GTx+ISYE6501x+3T2017,live tacoma wa fiancee dog air force officer healthcare administration graduated air force academy b operation research use data every day job excited find different way analyze process data also yoga instructor enjoy exploring pnw
\x353939396631323839646562386230396162303030333135,course-v1:GTx+ISYE6501x+3T2017,currently living houston tx working electrical engineer hp commercial notebook group exploring field analytics apply data science analytics technique improve product development quality possibly field information security originally came family u hong kong year ago look forward beginning journey part first cohort omsa
\x353939396465333263636432363730396530303030326537,course-v1:GTx+ISYE6501x+3T2017,idaho data engineer several year experience labor market dataanalytics undergrad math c happy georgia tech m program main hobby kid couple acre chicken rabbit jersey cow traveling right eclipse
\x353939383732373039646562386230396165303030323734,course-v1:GTx+ISYE6501x+3T2017,work sa manager software development team graduate tech college design interesting fact pizza oven backyard
\x353939383532636139646562386230396165303030323630,course-v1:GTx+ISYE6501x+3T2017,name currently live seattle washington wife professor uw two young kid currently full time stay home dad part time sap business warehouse consultant enjoy spending time rock climbing particularly kid
\x353939383330623961343432303730613033303030323830,course-v1:GTx+ISYE6501x+3T2017,name currently live fort myers fl fiance two dog collie st day work gtp content specialist night working m analytics fiance originally colorado love type outdoor activity starting last year pa school beginning m journey eventually complete phd georgia tech industrial engineering excited prestigious program work brightest mind country
\x353939373331333239646562386230393962303030323235,course-v1:GTx+ISYE6501x+3T2017,cambridge aug originally small farm town central data scientist mitre nonprofit federal contractor work different analytics project topic ranging child welfare veteran benefit interesting fact spent significant portion undergraduate career wearing orange plaid blazer boater hat member somewhat infamous band picture kristin amazonawscom jpg
\x356436366562663538313439666430393537303031343834,course-v1:GTx+ISYE6501x+2T2019b,name live bay area mountain view ca originally delaware went usc undergrad currently decision scientist big evil tech company
\x356436366239663938343435326130373962303031353537,course-v1:GTx+ISYE6501x+2T2019b,dubai look forward interacting program
\x356436366134313963303664323630393535303031356433,course-v1:GTx+ISYE6501x+2T2019b,mallorca spain looking forward learn much possible kind regard
\x356436343935613138343435326130373962303031336435,course-v1:GTx+ISYE6501x+2T2019b,originally dallas tx based atlanta ga currently working consultant road weekday travelling client site process improvement project hoping connect atlanta area
\x356436316339663938343435326130373932303031323364,course-v1:GTx+ISYE6501x+2T2019b,atlanta excited take class good luck everyone
\x356435656536316538313439666430393734303031306234,course-v1:GTx+ISYE6501x+2T2019b,everyone name graduated georgia tech december industrial engineering work atlanta att
\x356435643637623463303664323630393337303030666463,course-v1:GTx+ISYE6501x+2T2019b,name live southern california working data analytics space year looking formalize existing skill learn tip trick looking forward class cheer
\x356435636239363538343435326130373935303030656632,course-v1:GTx+ISYE6501x+2T2019b,name austin texas first analytics class excited learn yall fun fact yall plural yall
\x356435636135393238313439666430393635303030663737,course-v1:GTx+ISYE6501x+2T2019b,atlanta looking online study group
\x356435626634363038313439666430393262303030653935,course-v1:GTx+ISYE6501x+2T2019b,everyone name dario cpa tired looking excel spreadsheet past year looking forward work live atlanta anyone interested connecting feel free contact
\x356435626430616338313439666430393337303030663362,course-v1:GTx+ISYE6501x+2T2019b,everyone name family originally atlanta ga spent four year chicago moved bay area last fall currently work selfdriving car startup technical operation one fact undergraduate selected alternate state department internship work secretary state
\x356435623936646238313439666430393635303030653961,course-v1:GTx+ISYE6501x+2T2019b,everyone excited course looking forward connecting journey anyone else socal
\x356435623830613638343435326130373962303030653963,course-v1:GTx+ISYE6501x+2T2019b,name excited start master background chemistry chemical engineering currently working manufacturing plant operation part year rotation program consumer packing good company passionate data driven work hoping become data scientist near future good luck everyone best
\x356435623733653438343435326130373830303030646565,course-v1:GTx+ISYE6501x+2T2019b,name allison recently left job boeing seattle wa move closer family nj program full time transition employment previous life aerodynamics engineer interested getting hearing various field explore analytics begin pivot career cheer
\x356435623661396263303664323630393565303030636663,course-v1:GTx+ISYE6501x+2T2019b,everyone name work financial analyst unicorn tech company utah favorite reading reading analysis forecast everything nba outcome though disagree projection digress political outcome happy started course
\x356435623636356138343435326130373962303030653862,course-v1:GTx+ISYE6501x+2T2019b,sf bay area currently process development engineer
\x356435623563623963303664323630393561303031303638,course-v1:GTx+ISYE6501x+2T2019b,live new jersey work financial service organization excited part cohort hope help learn others
\x356435623537636638343435326130373838303030653131,course-v1:GTx+ISYE6501x+2T2019b,atlanta trying online learning format first time official degree program gap year looking forward learn hopefully able complete program successfully
\x356435623433336163303664323630393535303030656365,course-v1:GTx+ISYE6501x+2T2019b,name data engineer travelport bachelor degree computer science id learn data modeling course think relates one cool thing design really nice website actually company skilli didnt anything data engineering beginning
\x356435623335356638313439666430393232303030653066,course-v1:GTx+ISYE6501x+2T2019b,everyone pronouncing chi atlanta living sandy spring currently working parttime gi graphic specialist cultural management firm trying switch career data analysis really looking forward study guy
\x356435623335356163303664323630393666303030646162,course-v1:GTx+ISYE6501x+2T2019b,name excited start master background chemistry chemical engineering currently working manufacturing plant operation part year rotation program consumer packing good company passionate data driven work hoping become data scientist near future good luck everyone best
\x356435623166373838343435326130373938303030646632,course-v1:GTx+ISYE6501x+2T2019b,new jersey currently live nyc trading delta one product ubs graduated cornell degree operation research excited continue education oms degree gt
\x356435623132323263303664323630393736303030656339,course-v1:GTx+ISYE6501x+2T2019b,everyone name dc currently work data booz allen hamilton excited begin semester
\x356435616531633838313439666430393532303030646236,course-v1:GTx+ISYE6501x+2T2019b,work alpharetta ga work att chief data office currently senior big data software engineer looking forward learning data analytics
\x356435616262613238313439666430393465303030653061,course-v1:GTx+ISYE6501x+2T2019b,everyone name maxwell currently business intelligence tech consultant midtown atlanta super excited program getting everyone
\x356435616232663038343435326130376136303030643731,course-v1:GTx+ISYE6501x+2T2019b,everyone name souvik live wisconsin avid tennis english premier league follower good forum
\x356435616230363538343435326130376366303030636534,course-v1:GTx+ISYE6501x+2T2019b,name extremely excited part program look forward getting classmate private math tutor living austin texas area earned certificate data analytics university texas last year first official course since college reveal long thats good luck
\x356435616136356238343435326130373764303030643531,course-v1:GTx+ISYE6501x+2T2019b,name lucas live toronto excited started
\x356435616132633538313439666430393366303030653535,course-v1:GTx+ISYE6501x+2T2019b,everyone chapel hill nc molecular microbiologist public health professional
\x356365303437643930646166633630396132303031376430,course-v1:GTx+ISYE6501x+2T2019a,chicago work engineering firm conducting research development transportation industry taking course learn basic analytical model fulfill omsa requirement
\x356364613162643630646166633630393766303031353236,course-v1:GTx+ISYE6501x+2T2019a,software development data engineering professional pursuing m data science gt looking forward digging analytical method
\x356531626232663263373632373730393066303033313239,course-v1:GTx+ISYE6501x+1T2020,current master degree student georgia tech live atlanta night job decided take course online garner degree computer science hope great semester learning analytics
\x356531623664323463373632373730393435303032626638,course-v1:GTx+ISYE6501x+1T2020,everyone happy new student analytics provided georgiatech live california daily job operation research center data analytics new area glad
\x356531623437333039356230363230393332303033633138,course-v1:GTx+ISYE6501x+1T2020,trying better understand principle classification clustering seem similar categorizing data understand theyre different explain classification categorizes based threshold clustering categorizes based similarity
\x356531613533666563373632373730393234303032383138,course-v1:GTx+ISYE6501x+1T2020,name barcelona spain wotk data analyst local public administration great share course keep touch
\x356531393534663539356230363230393461303032396134,course-v1:GTx+ISYE6501x+1T2020,everyone hail india living richmond va data warehousing business intelligence career therefore wanted upgrade analytics looking forward learn along
\x356531386662383437666562653530393265303033666137,course-v1:GTx+ISYE6501x+1T2020,use studio instead using
\x356531383562633837666562653530393634303032393866,course-v1:GTx+ISYE6501x+1T2020,many year since learned sa based initial data discovery plotting different variable dont differentiate making different colour different marker
\x356531383438373237666562653530393265303033663137,course-v1:GTx+ISYE6501x+1T2020,using st time reading introduction page tell u open datafiles datasetxls data xl click save select csv comma delimited save type box find datafiles using screen show completely different slide anyone tell download datasetxls
\x356531383063633737666562653530393364303032393266,course-v1:GTx+ISYE6501x+1T2020,worked two year data analyst id love gain knowledge understand data analytics love singing drawing nice meet hope great time together
\x356531376664636239356230363230393536303033336262,course-v1:GTx+ISYE6501x+1T2020,recently retired ba need continue learning new thing regard
\x356531376633396563373632373730393333303032653864,course-v1:GTx+ISYE6501x+1T2020,everyone peron live chicago currently enrolled omc program intending learn much ml ai possible hoping intro course analytics help understand topic better outdoor person whenever possible always biking camping hiking buzz u anyone chicago love collaborate
\x356531376433613437666562653530393466303033313037,course-v1:GTx+ISYE6501x+1T2020,name work data scientist georgia pacific looking forward work
\x356531376333396563373632373730393264303032383735,course-v1:GTx+ISYE6501x+1T2020,everyone name alli live cincinnati ohio graduated northern kentucky university duel degree applied mathematics data science may currently work ge aviation digital technology leadership program first semester graduate student fun fact love bake
\x356531376136326663373632373730393561303033663131,course-v1:GTx+ISYE6501x+1T2020,name currently working los angeles based company business development manager fun thing previous background doesnt technical try best learn much
\x356531373766626263373632373730393462303032346562,course-v1:GTx+ISYE6501x+1T2020,name work suntrust truist analytics enablement within enterprise data organization looking forward expanding understanding analytics course
\x356531373532646537666562653530393637303032613635,course-v1:GTx+ISYE6501x+1T2020,everyone name libya happy withyou guy course learn analytics last month read book business alex cant understand get think practical need practice much hard sew discourse discovered course help understand business analytics hope learn atlanta gator guy
\x356531366634663839356230363230393236303032376534,course-v1:GTx+ISYE6501x+1T2020,everyone name work data analyst moreland city council melbourne australia passionate data visualization smart city healthcare analytics micromasters apply omsa program later
\x356531363864373337666562653530393538303032653637,course-v1:GTx+ISYE6501x+1T2020,everyone name software engineer nyc financial firm looking forward learn new stuff enhance analytic skill
\x356531363063643463373632373730393363303033323135,course-v1:GTx+ISYE6501x+1T2020,greeting upstate ny usa name take class auditing class sharpen skill
\x356531356435376439356230363230393035303032646134,course-v1:GTx+ISYE6501x+1T2020,great learning everyone name located wichita k currently work university teaching mathematics education instructional design engineering education interesting facti used play amateur paintball college stay busy five kid
\x356531353663613137666562653530393232303032386333,course-v1:GTx+ISYE6501x+1T2020,name sean live san francisco working strategy manager one tech company bay area outside work enjoy playing basketball hiking spending time wife
\x356531353661386439356230363230393335303033616361,course-v1:GTx+ISYE6501x+1T2020,software engineer seattle wa working sale engagement company rd course gatech interesting fact learned scuba dive year
\x356531353631316437666562653530393361303032393437,course-v1:GTx+ISYE6501x+1T2020,great class everybody name data engineer wanting experience business analytics effective
\x356531353134623263373632373730393135303032653735,course-v1:GTx+ISYE6501x+1T2020,everyone work small fin tech company downtown cincinnati ohio risk analyst glad part class
\x356531346563326563373632373730393366303033636266,course-v1:GTx+ISYE6501x+1T2020,good afternoon name ive utilizing data analytics last year government contractor fda dept treasury currently reside washington dc super excited course rolling work
\x356531346533366637666562653530393733303033303132,course-v1:GTx+ISYE6501x+1T2020,senanu accra ghana software engineer love cartoon good story behind kind anime western cell shaded etc
\x356531346430356139356230363230393035303032643133,course-v1:GTx+ISYE6501x+1T2020,name live atlanta ga work banking passionate diversity inclusion
\x356531346262303437666562653530393637303032393431,course-v1:GTx+ISYE6501x+1T2020,central california currently taking ga omscs program quite busy semester plan audit course hope developing introductory knowledge follow future micromaster analytics
\x356531343566643339356230363230393338303032653434,course-v1:GTx+ISYE6501x+1T2020,brisbane australia currently residing working adelaide graduated electrical engineering degree uq couple year ago currently working software engineer defence company looking forward semester
\x356531343532646237666562653530393637303032386566,course-v1:GTx+ISYE6501x+1T2020,everyone liverpool england worked data year studied master long time ago never completed dissertation looking moment maybe completing master level feel hand still career senior data architect really spend time designing finger crossed ive lost much
\x356531343435383139356230363230393431303033356564,course-v1:GTx+ISYE6501x+1T2020,san francisco ca working nonprofit org handling data related issue hope enhance analytical skill
\x356531343239353937666562653530393265303033633331,course-v1:GTx+ISYE6501x+1T2020,georgia work data lot looking expand skill
\x356531343062633463373632373730393630303033653362,course-v1:GTx+ISYE6501x+1T2020,everyone dallas tx big data lead financial institution dallas
\x356531336664613363373632373730393561303033633438,course-v1:GTx+ISYE6501x+1T2020,youre originally twin city mn recently moved atl october currently accountant software company atl interestingrare impressive fact motorcycle
\x356531336663383737666562653530393664303032633061,course-v1:GTx+ISYE6501x+1T2020,engineer vermont looking learn statistic analytics looking forward challenging course expand capability
\x356531336662373539356230363230393062303032616435,course-v1:GTx+ISYE6501x+1T2020,everyone name currently live hawaii originally virginia attended virginia tech undergrad active duty naval officer designation cryptologic warfare officer deal signal intelligence signed master program extend education b mathematics open eye potential job opportunity military service end interesting fact completed tough mudder middle desert dubai
\x356531336636633437666562653530393265303033633135,course-v1:GTx+ISYE6501x+1T2020,name currently data analystbusiness analyst role insurance company looking leverage skill knowledge gained micromasters break field data engineering
\x356531336635613263373632373730393531303032383937,course-v1:GTx+ISYE6501x+1T2020,everyone work people analytics adtech firm chicago il looking increase skillset data analyst pursue data science career
\x356531333937393663373632373730393138303033333564,course-v1:GTx+ISYE6501x+1T2020,everyone first course ga tech excited possibility earning master degree data analyst working financial service
\x356531333936623939356230363230393362303033356633,course-v1:GTx+ISYE6501x+1T2020,greeting everyone name currently work process engineer continental upgrading micromasters stepping stone applying oms analytics program next spring looking forward course
\x356531333837653537666562653530393334303033396634,course-v1:GTx+ISYE6501x+1T2020,everyone working professional number year experience working automation financial reporting fraud detection data analytics tech consulting looking audit class feel coursework since considering applying gts master analytics program looking forward getting better
\x356531333830326237666562653530393364303032373165,course-v1:GTx+ISYE6501x+1T2020,analyst market researcher background statistic hope refresh skill move data science role
\x356531333736346263373632373730393336303033343332,course-v1:GTx+ISYE6501x+1T2020,everyone name oklahoma city currently data analyst production operation devon energy ive recently taken short crash course analytics python okc pursuing micromasters next step career progression
\x353936336134373431333035663130383365303032386639,course-v1:GTx+ISYE6501x+2T2017,everyone ive posted everyone missed due ampm confusion due date utc thursday july translates eastern time thursday july ie late wednesday night pm pacific time wednesday july dont miss joel
\x353935363236393161383437386330373537303032316632,course-v1:GTx+ISYE6501x+2T2017,everyone terribly sorry cancel today python review session woke morning sick voice able conduct recitation sorry inconvenience may caused
\x353935336163336261383437386330373738303031663762,course-v1:GTx+ISYE6501x+2T2017,everyone holding python recitation friday est homework specific python question learner hoping caters different time zone lack recitation comment feedback whether good time
\x353935303133643261383437386330373537303031653531,course-v1:GTx+ISYE6501x+2T2017,note update homework question change arrival rate per minute rather sorry confusion may caused
\x353935303133616331333035663130383638303031663066,course-v1:GTx+ISYE6501x+2T2017,note update homework question change arrival rate per minute rather sorry confusion may caused
\x353934633262643132326138666230376133303031616131,course-v1:GTx+ISYE6501x+2T2017,everyone made short minute tutorial go basic portion package scipy useful hw choose also useful link may help building foundation find course programming recitation office hour right uploaded arf file working converting mp let question
\x353934393837376632326138666230373637303031396239,course-v1:GTx+ISYE6501x+2T2017,reposted question related quiz posted post quiz make deleted learner taking makeup quiz content feel free ask quiz question section
\x353934393836383231333035663130383233303031396235,course-v1:GTx+ISYE6501x+2T2017,checked mark midterm question regarding question partial credit awarded question whenever need select answer however question selected correct answer point able look
\x353934393732313232326138666230373739303031616137,course-v1:GTx+ISYE6501x+2T2017,dont replace temperature variable temperature arent introducing redundancy model keeping temperature value adding temperature
\x356333653739343533656239653630393835303030656233,course-v1:GTx+ISYE6501x+1T2019,name nice meet everyone travelling overseas weekend job interview australia wish luck
\x356333353436336633656239653630396136303030386234,course-v1:GTx+ISYE6501x+1T2019,currently working business operation analyst midsize financial institution located outside washington dc excited
\x356333386665613433656239653630393865303030623131,course-v1:GTx+ISYE6501x+1T2019,everyone name system engineer sa interesting rare fact born raised belarus recently named city europe visit interesting mln world find one meet
\x356333383636343135386164636230393737303030623766,course-v1:GTx+ISYE6501x+1T2019,name work att regional planning organization first semester gt good
\x356333366234336564623730613930396363303030616438,course-v1:GTx+ISYE6501x+1T2019,working enrolled spring program
\x356333363039356135386164636230393632303030393138,course-v1:GTx+ISYE6501x+1T2019,name currently work quant hedge fund outside new york city completed ba economics international study northwestern applied economics georgetown looking forward working
\x356333353639646664623730613930393939303030386239,course-v1:GTx+ISYE6501x+1T2019,working full time dc omsa side love form dc study group hit youre town originally new mexico worked energy market analytics work tech company data integration analytics random fact play fiddle
\x356333353265643335386164636230393734303030386564,course-v1:GTx+ISYE6501x+1T2019,guy live ithaca ny background transportation consulting specifically modeling transportation system travel demand forecast transit ridership looking forward learning lot course
\x356333353162383635386164636230393961303030386130,course-v1:GTx+ISYE6501x+1T2019,fellow new jersey student recently graduated njit worked year music industry
\x356333353130303764623730613930393830303030383735,course-v1:GTx+ISYE6501x+1T2019,cleveland ohio b actuarial science work farmer insurance looking forward learning material offered course
\x356333346137613564623730613930396264303030373566,course-v1:GTx+ISYE6501x+1T2019,everyone daniel santa barbara ca currently lead manufacturing engineer microdynnadir u looking develop analytics skill aid decision making future project first semester oms analytics program looking forward working everyone fun fact multiple knee surgery one adding donated cadaver tendon little bit dead inside
\x356333343264303535386164636230393634303030376232,course-v1:GTx+ISYE6501x+1T2019,everyone name currently work senior analyst healthcare industry chicago first semester omsa excited nervous let youre fellow chicagoan
\x356333343231336233656239653630396364303030376261,course-v1:GTx+ISYE6501x+1T2019,name currently work engine telematics data undergrad mechanical engineering smu first semester omsa looking forward
\x356333343030643535386164636230396230303030376337,course-v1:GTx+ISYE6501x+1T2019,everyone name work cognizant technology solution part digital consulting practice helping client banking financial service navigate thru digital disruption embracing next gen technology transform business enabling meet outcome looking forward deeper understanding subject area learning excited part course
\x356333336630313864623730613930396339303030373339,course-v1:GTx+ISYE6501x+1T2019,name process engineer working winstonsalem nc first semester omsa program look forward working
\x356333336566303235386164636230393634303030373837,course-v1:GTx+ISYE6501x+1T2019,name currently work software developer att interesting fact played song piano local television havent played piano year though unfortunately looking forward working semester
\x356333336534366564623730613930396132303030376365,course-v1:GTx+ISYE6501x+1T2019,ping atlanta close gatech data warehouse architect software company rd semester oms program looking forward good learning experience class
\x356333336434376133656239653630396334303030373939,course-v1:GTx+ISYE6501x+1T2019,name perform data analytics within internal audit department chicago area however travel semifrequently new york new jersey area
\x356333336432353633656239653630396331303030373836,course-v1:GTx+ISYE6501x+1T2019,living working orlando crm architect
\x356333336238373764623730613930393834303030376239,course-v1:GTx+ISYE6501x+1T2019,name north texas work hobby enjoy cooking sport anything scifi let cowboy
\x356333336233643764623730613930393966303030373961,course-v1:GTx+ISYE6501x+1T2019,solution architect working cisco system
\x356333336137323333656239653630393832303030373534,course-v1:GTx+ISYE6501x+1T2019,looking forward collaborate modeling journey
\x356333333733313135386164636230396164303030366339,course-v1:GTx+ISYE6501x+1T2019,name atlanta really excited join program
\x356166616565646239333739343030396634303035653666,course-v1:GTx+ISYE6501x+2T2018,name live sunny florida currently work data scientist fortune company love playing drum poker current guilty pleasure
\x356166396138373839333739343030396366303035396461,course-v1:GTx+ISYE6501x+2T2018,glad part course rencently finished survived two foundational course business python glad aboard
\x356135653238363264356362373730613663303031343733,course-v1:GTx+ISYE6501x+1T2018,working telecom company background networking data analytics reporting side business past year current role specific bi reporting pleased excited learn new skill knowledge
\x356135643133623134346131353030383865303031336130,course-v1:GTx+ISYE6501x+1T2018,jeri atlanta work counselor researcher mental health field looking forward semester welcome study group atl well
\x356263373766383134323635613430393032303031303764,course-v1:GTx+ISYE6501x+3T2018,edx timing midterm anyone experienced need reach fix login canvas edx
\x356135623538646637616366326430383364303031356135,course-v1:GTx+ISYE6501x+1T2018,sherly singapore find hope better
\x356135373862363464356362373730616234303031306137,course-v1:GTx+ISYE6501x+1T2018,atlanta recently working business analytics cox communication decided take break work last year spend time family decide next career move third master previously ive gotten master computer science mba love learning reading hanging friend
\x356135356633303237616366326430383133303031303331,course-v1:GTx+ISYE6501x+1T2018,name work procurement finance home office dean food located dallas wife enjoy living garland tx suburb dallas expecting first child early august fact undergraduate georgia tech studied chemical engineering managed study abroad chile oman
\x356135353737643237616366326430383239303030646634,course-v1:GTx+ISYE6501x+1T2018,jamaica currently live atlanta ga analyst hrbenefits department insurance company believe nothing great come easy god thing possible look forward working best everyone
\x356135353730316434346131353030386366303030653334,course-v1:GTx+ISYE6501x+1T2018,everyone currently hold undergraduate degree mathematics virginia tech work full time mclean virginia consultant look forward learning alongside
\x356135346530336364356362373730616237303030663538,course-v1:GTx+ISYE6501x+1T2018,currently working oil gas industry good python knowledge previous grad school however new course still big challenging
\x356135346363653234346131353030386262303030663637,course-v1:GTx+ISYE6501x+1T2018,name dallas fall omsa cohort currently sr marketing manager att look forward learn share knowledge team
\x356135343332323634346131353030386337303030656332,course-v1:GTx+ISYE6501x+1T2018,everyone name born raised west michigan graduated university michigan blue degree naval architecture marine engineering reside westerly rhode island currently work general dynamic electric boat naval architect designing submarine navy fun fact pick two tennis ball simultaneously one foot
\x356135343264363534346131353030383931303030653537,course-v1:GTx+ISYE6501x+1T2018,everyone name currently live seattle work propulsion engineer boeing company look forward learning alongside term
\x356135343234343964356362373730616261303030656636,course-v1:GTx+ISYE6501x+1T2018,analytics consultant global data analytics consulting firm based new york city originally west coast studied mechanical engineering undergraduate study arizona state university first semester omsa student look forward interacting cheer
\x356135343034336534346131353030386439303030653933,course-v1:GTx+ISYE6501x+1T2018,everyone name currently lead analyst sph analytics live duluth ga area look forward working learning
\x356135336633616637616366326430383161303031313731,course-v1:GTx+ISYE6501x+1T2018,folk live work atlanta business process consultant teach class lean six sigma methodology us analytical technique project management methodology achieve business result data really passion mine cant wait started
\x356135336262366237616366326430383038303030643762,course-v1:GTx+ISYE6501x+1T2018,everyone pravish los angeles ca working att el segundo office senior system engineer excited part program georgia tech come data analysis excel
\x356135336233353837616366326430383133303030653938,course-v1:GTx+ISYE6501x+1T2018,everyone name live work birmingham al work southern nuclear southern company nuclear fuel engineer bwr boiling water reactor group gt alum looking forward back online fun fact speak spanish english fluently french proficiently lived mexico france switzerland u
\x356238313839333763333035616430396566303031636631,course-v1:GTx+ISYE6501x+3T2018,computer science grad unc charlotte working bank america hadoop platform architect charlotte nc specialize hadoop deployment one nextgen architect bank largest big data platform also system admin work bank datalakes support number production pyspark application let youre also charlotte area youll attending stratum data conference new york september colin
\x356238303463653463333035616430613136303031623866,course-v1:GTx+ISYE6501x+3T2018,currently linkedin sr product operation manager role taking program hopefully better understanding data analytics applies business looking forward connecting yall
\x356237656561666463333035616430613036303031623237,course-v1:GTx+ISYE6501x+3T2018,guy name born raised live houston area background mechanical engineering cool fact traveled every continent world except antarctica looking forward learning online portal time around interesting challenge
\x356237653333336361353232303330393632303031616132,course-v1:GTx+ISYE6501x+3T2018,classmate name currently work actuary pacific life insurance southern california ad whale leaping water college football game dont interestingrare impressive fact drive tiny yellow convertible barely fit since said feel free include image here trying bring balloon home work earlier year yes made looking forward class amazonawscom jpg
\x356237653237373533623061626330393865303031636332,course-v1:GTx+ISYE6501x+3T2018,everyone name senior business system analyst love data look forward diving course
\x356237636562653663333035616430613139303031396263,course-v1:GTx+ISYE6501x+3T2018,class name san diego california nice meet excited part omsa fall cohort
\x356237633338376133623061626330396136303031623633,course-v1:GTx+ISYE6501x+3T2018,active duty navy hope help shipyard institution around world improve process
\x356237633166386561353232303330393836303031386537,course-v1:GTx+ISYE6501x+3T2018,tg phoenix arizona work software engineer banking financials domain excited learn faculty classmate
\x356237623633303463333035616430396563303031383333,course-v1:GTx+ISYE6501x+3T2018,atlanta background solution consulting iot enterprise mobile management space att interesting factthis rd straight year master study completed mba look forward learning working
\x356237623465313163333035616430613139303031383934,course-v1:GTx+ISYE6501x+3T2018,new gt student second course first cse good brutal hour exam san diego born boston currently living oklahoma move colorado need online degree program work northrop grumman managing technology innovation program portfolio includes data analytics one strategic focus area interestingrare impressive fact plane crash
\x356237623439363763333035616430396563303031383234,course-v1:GTx+ISYE6501x+3T2018,live south atlanta golf cart capital probably one older student working computer since old dec system pdp u marine fun fact probably rely discipline course currently aws big data architect emr company seem spend time work explaining report analytics
\x356237623266326461353232303330393637303031396333,course-v1:GTx+ISYE6501x+3T2018,everyone live monterrey mexico currently work analytics robotics process automation rpa looking forward work learn semester
\x356237616366336661353232303330393737303031393137,course-v1:GTx+ISYE6501x+3T2018,name currently work data scientist area funrare fact ive country across continent excited start meet everyone
\x356237616363663661353232303330393533303031383063,course-v1:GTx+ISYE6501x+3T2018,everyone name mother two boy looking data scientist position excited learn course
\x356237616361383861353232303330393866303031376563,course-v1:GTx+ISYE6501x+3T2018,name graduated illinois state university past may bachelor statistic bachelor business looking forward continuing education field analytics look forward working
\x356237616335613933623061626330396238303031383736,course-v1:GTx+ISYE6501x+3T2018,name data scientist working dallas area looking forward learning
\x356237616335356233623061626330393838303031376235,course-v1:GTx+ISYE6501x+3T2018,everyone name work market research consulting excited learn analytics
\x356237613662656133623061626330396238303031383330,course-v1:GTx+ISYE6501x+3T2018,everyone name research scientist biotech lab
\x356237383666636463333035616430613136303031366265,course-v1:GTx+ISYE6501x+3T2018,everyone name brendan minnesota currently working statistical analyst mayo clinic really excited start coursework learning
\x356237333039613263333035616430396634303031333364,course-v1:GTx+ISYE6501x+3T2018,sateesh ganesh columbus ohio system data analyst passionate data analytics ai
\x353961303337653661343432303730613063303030363766,course-v1:GTx+ISYE6501x+3T2017,originally russia currently living atlanta area working software architect
\x353939663237306561343432303730396634303030356535,course-v1:GTx+ISYE6501x+3T2017,knn portion lecture two video recommended viewing distance validation find
\x353939663035643339646562386230396336303030363063,course-v1:GTx+ISYE6501x+3T2017,figure introduce weight provide ability penalize costly error weight mj indexed parameter vector dimension rather error associated data point ability unique weight also appears arbitrary parameter optimized problem covering method determining assign weight value error weight parameter amazonawscom jpg
\x353939653233613061343432303730613337303030356461,course-v1:GTx+ISYE6501x+3T2017,proctoring information second time tried learned computer meet requirement came back computer work cant setup
\x353939646266313363636432363730396639303030353934,course-v1:GTx+ISYE6501x+3T2017,name live arlington va outside dc analytic editor federal government thirdculture kid grew living overseas hague netherlands teenager
\x353939633835363763636432363730396330303030346330,course-v1:GTx+ISYE6501x+3T2017,use python homework instead
\x353939633830646139646562386230396233303030346265,course-v1:GTx+ISYE6501x+3T2017,live gainesville ga working market research year abstract painter although studied classical art undergrad degree play competitive tennis self amazonawscom jpg
\x353939633762303539646562386230393935303030346236,course-v1:GTx+ISYE6501x+3T2017,name grew southeastern idaho currently live new hampshire married child boy girl completed undergraduate study economics mathematics brigham young university since ive worked risk management consultant large financial insurance interesting lived jamaica year left right front son son daughter back lovely wife amazonawscom jpg
\x353939626264313639646562386230396366303030343336,course-v1:GTx+ISYE6501x+3T2017,everyone name engineer hpe storage performing engineering analytics install base focus drive hardware component mainly area reliability live work san jose ca area little known factoid graduate assistant undergraduate class earning mba learned two thing higher level respect teacher patience
\x353939623865346563636432363730396333303030336638,course-v1:GTx+ISYE6501x+3T2017,everyone name live south atlanta senior technical architect geospatial intelligence company love bring analytics data science practice business looking forward challenge course offer program take u something interesting year half ago hiked group amazing military widow military widow great meeting
\x353939623861643063636432363730396530303030336266,course-v1:GTx+ISYE6501x+3T2017,everyone name originally little rock ar currently live dallas tx currently work att principal system architect within internet thing group electrical engineering degree vanderbilt university also mba texas something interesting competed gymnastics younger lucky day still backflip
\x353939623764353761343432303730613364303030343530,course-v1:GTx+ISYE6501x+3T2017,howdy dallas tx analyst content marketing agency specializing inbut limited tothe automotive industry account include two big three american auto company national restaurant chain medical equipment manufacturer undergraduate tech bsba finance first master university texas dallas m marketing
\x353939623666306239646562386230396434303030343164,course-v1:GTx+ISYE6501x+3T2017,name live metro atlanta specifically ga daytoday revolve around data analytics compensation survey consulting firm alpharetta ga thrilled opportunity reacquaint foundation analytics well much needed formal training new exciting trend field
\x353939613438323563636432363730396530303030333165,course-v1:GTx+ISYE6501x+3T2017,everyone name work secureworks dunwoodysandy spring area excited start program look forward working everyone
\x353939396132303661343432303730613262303030333033,course-v1:GTx+ISYE6501x+3T2017,gtx isye gt introduction analytics modeling name call work greenville nc teach math college wife child live atlanta area well glad part diverse group learner personal tidbit listening type music eg hindustani classical music picture roughly look
\x353939393666643939646562386230393933303030326362,course-v1:GTx+ISYE6501x+3T2017,currently manage bi analytics team philip healthcare team creates dashboard analytical tool mostly customer service back office function live roswell ga previously served army officer year undergrad civil engineering also finished mba year ago looking forward collaborating everyone
\x353939383863616463636432363730396233303030326133,course-v1:GTx+ISYE6501x+3T2017,work business analyst home depot undergrad master mechanical engineering gt currently live downtown atlanta wife daughter air force brat grew including japan germany family amazonawscom jpg
\x353939383664386439646562386230396264303030323831,course-v1:GTx+ISYE6501x+3T2017,everyone live john creek georgia operation analyst aptean global software company excited embark journey field analytics look forward learning lot course well fellow classmate
\x353939373530623661343432303730613166303030323333,course-v1:GTx+ISYE6501x+3T2017,born miami fl ive resident atlanta area since year old currently reside northern suburb day principal system architect att night dad husband helping year old boy scout activity tinker addition maintaining heirloom daily driver working son build small lb combat robot compete robot fight dragoncon next month
\x356436633033346138343435326130373830303031373239,course-v1:GTx+ISYE6501x+2T2019b,everyone purnima alpharetta ga excited part program course currently working industry
\x356436356461386538343435326130376233303031343636,course-v1:GTx+ISYE6501x+2T2019b,everyone ricardo panama central america work consultant mainly strategic development sale business model looking study group learn best regard
\x356436323034346663303664323630393331303031323863,course-v1:GTx+ISYE6501x+2T2019b,name columbus ohio asian american english native language however also speak chinese japanese work energy sector building energy forecast model first semester georgiatech oms analytics program love part study group meetup
\x356436306266333038343435326130373838303031313932,course-v1:GTx+ISYE6501x+2T2019b,working government local level community planning development department
\x356436303665636138343435326130373835303031316338,course-v1:GTx+ISYE6501x+2T2019b,live nashville work risk analyst let youre also nashville love group together study
\x356436303632643438343435326130373838303031313731,course-v1:GTx+ISYE6501x+2T2019b,third semester omsa program challenging good need succeed
\x356435646535346463303664323630393532303031323332,course-v1:GTx+ISYE6501x+2T2019b,everyone name live atlanta originally southwest georgia leesburg work georgia power atlanta pricing rate group dont rare super interesting facthaha rode megabus atlanta nyc took close hour recommend flying
\x356435646531373938343435326130376139303030666535,course-v1:GTx+ISYE6501x+2T2019b,everyone excited little nervous first course oms analytics live atlanta ga work manager data system school system supporting school originally upstate ny went undergrad big red excited learn hope everyone enjoys course folk open weekend studywork group anyones interested life itp
\x356435636335376438313439666430393631303030666633,course-v1:GTx+ISYE6501x+2T2019b,name oyinda currently work finance dallas tx originally los angeles ca moved texas year ago really looking forward advancing data analytics skill learning along
\x356435636135393663303664323630393262303030663236,course-v1:GTx+ISYE6501x+2T2019b,everyone first semester hope enjoy online learning gt
\x356435633939376163303664323630393535303030666463,course-v1:GTx+ISYE6501x+2T2019b,first semester program looking forward completing course
\x356435633934383238343435326130373838303030663065,course-v1:GTx+ISYE6501x+2T2019b,ashburn va enterprise solution service architect year experience worked kind industry including startup telcom govt etc excited course looking forward learn
\x356435626538303838313439666430393532303030653664,course-v1:GTx+ISYE6501x+2T2019b,everyone name currently living qingdao china call houston home qingdao another month project management background mostly cost schedule
\x356435626535363463303664323630393466303030666331,course-v1:GTx+ISYE6501x+2T2019b,everyone working presales cloudera hortonworks excited join team explorer part role work various client taking big data use case implement data ingestion data analytics data science decided basic straightened hoping work
\x356435626336353163303664323630393337303030656161,course-v1:GTx+ISYE6501x+2T2019b,good morning everyone name recently graduated undergraduate degree south carolina starting fulltime software engineer new york city passion sport analytical background fall broad category looking forward getting student learning class anyone else nyc area feel free reach
\x356435626165333538313439666430393262303030653638,course-v1:GTx+ISYE6501x+2T2019b,working data analyst really excited join program looking forward working
\x356435623938323938313439666430393465303030656261,course-v1:GTx+ISYE6501x+2T2019b,amarjit bay area currently working field wireless communication looking forward oms analytics course unleash power black gold network generate
\x356435623734646363303664323630393666303030646364,course-v1:GTx+ISYE6501x+2T2019b,currently quantitative financial analyst atlanta one fun fact cycle glad part program
\x356435623635333138313439666430393436303030646662,course-v1:GTx+ISYE6501x+2T2019b,bachelor mathematics started career financial analyst completing certificate program machine learning python analytics decided master fun fact enjoy carpentry football season warm weather spending time outdoors
\x356435623463633463303664323630393763303031333866,course-v1:GTx+ISYE6501x+2T2019b,everyone anoop krishnamurthy technology manager big consulting looking towards computational data analytics track
\x356435623333366138313439666430393432303030653531,course-v1:GTx+ISYE6501x+2T2019b,name iowa software engineer aerospace company
\x356435623330613838313439666430393463303030653437,course-v1:GTx+ISYE6501x+2T2019b,name starting master course analytical modeling analyst project manager currently working large healthcare company intake data migration request onpremises database cloud excited start learning
\x356435623062343538313439666430393465303030653536,course-v1:GTx+ISYE6501x+2T2019b,name charlotte nc currently work application engineer sealed air graduated clemson university undergrad packaging science cant wait learn date analytics
\x356435616565383938313439666430393635303030653165,course-v1:GTx+ISYE6501x+2T2019b,ive software sale mainly analytics year used work sa cisco appdynamics live raleigh nc wife son looking technical acumen practical analytics skill transition career exciting tackle program
\x356435616436353038343435326130373833303030646666,course-v1:GTx+ISYE6501x+2T2019b,everyone technical program manager google mountain view ca super excited tackle program
\x356435616431303638343435326130376131303030646237,course-v1:GTx+ISYE6501x+2T2019b,transportation analyst cpg atlanta ga
\x356435616365333438313439666430393364303030633933,course-v1:GTx+ISYE6501x+2T2019b,greeting everyone currently live jacksonville florida week ago worked anheuser busch planning analysis manager left pursue degree available kiddos husband work still worked macro anheuser busch brewery united state cheer
\x356435616234353338313439666430393264303030646365,course-v1:GTx+ISYE6501x+2T2019b,everyone name currently live washington dc work consulting firm really excited start course program
\x356435616232343038343435326130376136303030643730,course-v1:GTx+ISYE6501x+2T2019b,everyone name tarik ouradi currently process moving oklahoma houston tx previous degree ing working year worked real time data analytics center enjoyed look forward getting learning much
\x356435616162383338343435326130373761303030653038,course-v1:GTx+ISYE6501x+2T2019b,folk name california specifically sacramento area data analyst hr company two awesome kid look forward working everyone
\x356435616137373038313439666430393439303030643339,course-v1:GTx+ISYE6501x+2T2019b,mia india currently located atlanta georgia looking forward lot learning making new connection
\x356435616132653063303664323630393663303030636537,course-v1:GTx+ISYE6501x+2T2019b,kevaghn originally portland maine around atlanta awhile hunting first data analyst job watching baseball mariner obsessively managing dynasty fantasy baseball team excited continue education gt hoping learn lot
\x356364626537653435303761376130396339303031353662,course-v1:GTx+ISYE6501x+2T2019a,finished week lesson well successfully verified gt learner dont homework week section empty right missing karen
\x356364613262326530646166633630393733303031343564,course-v1:GTx+ISYE6501x+2T2019a,everyone name currently work business intelligence within safety department ecolab title give away minnesota weather unpredictable winter intense nice meet
\x356364393732633835303761376130396630303031343361,course-v1:GTx+ISYE6501x+2T2019a,industrial engineer working quality performance improvement group uva health system charlottesville va seem love number rd degree kid race triathlons
\x356531613666313363373632373730393536303033643766,course-v1:GTx+ISYE6501x+1T2020,excited taking course name nyc work software engineer goldman sachs interesting fact enjoy surfing
\x356531613561316363373632373730393536303033643733,course-v1:GTx+ISYE6501x+1T2020,floyd new orleans louisiana usa
\x356531623438316163373632373730393366303034306162,course-v1:GTx+ISYE6501x+1T2020,everyone name analyst ge travel lot work excited program help learn milwaukee lot though anyone milwaukee area study together let
\x356531613963643039356230363230393536303033346566,course-v1:GTx+ISYE6501x+1T2020,everyone priyanka maheshwari based mumbai india really excited part course year experience currently working barclays business analyst
\x356531613436616663373632373730393230303032666661,course-v1:GTx+ISYE6501x+1T2020,france austin tx work fintech startup looking forward program
\x356531396639396439356230363230393164303033336532,course-v1:GTx+ISYE6501x+1T2020,everyone software engineer live richmond virginia work charlottesville history documentary
\x356531393133663737666562653530393637303032623238,course-v1:GTx+ISYE6501x+1T2020,name currently manager capgeminis analytics practice interesting fact currently learning play guitar
\x356531383064306139356230363230393461303032393136,course-v1:GTx+ISYE6501x+1T2020,work uc financial analyst ga tech omsa program lover cat well swing dancing
\x356531376463393637666562653530393730303033633833,course-v1:GTx+ISYE6501x+1T2020,atlanta recently graduated emory bba currently investment analyst private credit fund enjoy playing golf hiking free time
\x356531363966656137666562653530393262303033386637,course-v1:GTx+ISYE6501x+1T2020,everyone name tiffany live atlanta ga california work chief learning officer interesting fact play ice hockey
\x356531373965356639356230363230393530303032383231,course-v1:GTx+ISYE6501x+1T2020,everyone glad meet completed undergraduate computer engineering gatech moved back canada first semester grad student exciting interest lie intersection data applied healthcare finance
\x356531363538343739356230363230393161303033333362,course-v1:GTx+ISYE6501x+1T2020,greeting name sydney goal earn certificate
\x356531363536353337666562653530393637303032613037,course-v1:GTx+ISYE6501x+1T2020,everyone nd semester program currently live atlanta work energy environmental nonprofit area interesting fact climb rock spare time program often
\x356531363465663839356230363230393038303032616165,course-v1:GTx+ISYE6501x+1T2020,name currently work truist formerly user enablement analyst looking forward course couple planned year help understand user need daily basis
\x356531363266666237666562653530393430303032396130,course-v1:GTx+ISYE6501x+1T2020,senior artificial intelligence architect large health insurance organization birmingham alabama love play chess kid working mm hope improving chance accepted master program good luck everyone
\x356531356630343039356230363230393137303033643231,course-v1:GTx+ISYE6501x+1T2020,supply chaintechnology professional apple area love meet
\x356531356566616237666562653530393232303032386636,course-v1:GTx+ISYE6501x+1T2020,sr manager audit data analytics hope learn leverage modeling ml support analytics work audit love travel outdoors good hike usually north georgia mountain looking forward learning
\x356531356238333739356230363230393137303033643036,course-v1:GTx+ISYE6501x+1T2020,australia traffic engineer studying omsa order work field autonomous vehicle interconnected infrastructure
\x356531356139306437666562653530393664303032636533,course-v1:GTx+ISYE6501x+1T2020,everyone name analytics cognitive consultant deloitte work involves developing intelligent automation solution client involves integrating machine learning deep learning artificial intelligence tool robotics interesting fun fact trying tour world travel historic place ive started america canada mexico first time next destination europe sure yet likely paris first
\x356531356132363863373632373730393135303032656265,course-v1:GTx+ISYE6501x+1T2020,name really excited part course doctor specializing cardiology recently back wonderful holiday discovered beautiful part world peru bolivia
\x356531353734393637666562653530393436303032393663,course-v1:GTx+ISYE6501x+1T2020,everyone name live san antonio data analyst usaa working bank
\x356531346631353463373632373730393536303033613261,course-v1:GTx+ISYE6501x+1T2020,anybody area want connect accountability let
\x356531343437313937666562653530393265303033633431,course-v1:GTx+ISYE6501x+1T2020,name seeyavash friend call sia peoria il currently design engineer
\x356531343237383263373632373730393164303032393961,course-v1:GTx+ISYE6501x+1T2020,everyone auditing course begin probably upgrading shortly working business analyst looking take modelling skill next level interesting fact found world analytics straight finished law degree
\x356531343233656639356230363230393239303032383330,course-v1:GTx+ISYE6501x+1T2020,everyone name baseball analyst taking course head start gt omsa hope start fall
\x356531343130303739356230363230393563303032636339,course-v1:GTx+ISYE6501x+1T2020,yall st petersburg florida many year corporate software development sql server web stuff finance major economics minor university florida outside workschool climbing mountain biking music ya around
\x356531336638636437666562653530393466303032656530,course-v1:GTx+ISYE6501x+1T2020,name sql data analyst startup exciting learn analytics using different tool
\x356531336637633039356230363230393539303032656338,course-v1:GTx+ISYE6501x+1T2020,everyone bi developer looking forward deep dive world data analytics happy learning
\x356531336632306363373632373730393264303032363939,course-v1:GTx+ISYE6501x+1T2020,everyone business process analyst baltimore trying increase technical data modeling analytic data visualization skill bit nervous calculus mentioned prereq though currently working energy sector previously financial service
\x356531336562303663373632373730393138303033333938,course-v1:GTx+ISYE6501x+1T2020,originally dc ux designer cisco aspect speak japanese nice meet
\x356531336534393837666562653530393334303033613434,course-v1:GTx+ISYE6501x+1T2020,everyone name live nyc data analyst looking forward course learning new thing
\x356531336463336139356230363230393434303032383033,course-v1:GTx+ISYE6501x+1T2020,currently chief marketing officer hospital system looking increase analytics understanding getting hand dirty ask better question provide guidance team fun fact four daughter set triplet single looking forward
\x356531336334663439356230363230393365303033343763,course-v1:GTx+ISYE6501x+1T2020,name software engineer based atlanta ga graduated taylor university small christian liberal art school indiana last may degree computer science finance came atlanta work looking forward using course learn analytics experience parttime grad school may fun fact moved seven time growing across u internationally geneva switzerland lancaster england
\x356531333866373039356230363230393461303032366464,course-v1:GTx+ISYE6501x+1T2020,name ireland work un information management analytics always looking improve team skillet glad cheer
\x356531336164663763373632373730393564303032656432,course-v1:GTx+ISYE6501x+1T2020,undergrad degree information system coding background java python currently working dhl data analystengineer developing automation plsql looking data science method using python simplifying database solution hopefully class throw comfort zone learn something new grow professional meet
\x356531336132316137666562653530393265303033626431,course-v1:GTx+ISYE6501x+1T2020,everyone name chicago currently working senior analyst major food company looking forward working collaborating working analytics year looking enhance skill set
\x356531333963353639356230363230393065303033393835,course-v1:GTx+ISYE6501x+1T2020,everyone name chicago currently working senior analyst major food company looking forward working collaborating working analytics year looking enhance skill set
\x356531333937386439356230363230393332303033373961,course-v1:GTx+ISYE6501x+1T2020,name currently work analyst delta georgia tech graduate looking dive deeper analytics especially enjoy coding visualization aspect data analytics travel free time
\x356531333937373663373632373730393261303032353761,course-v1:GTx+ISYE6501x+1T2020,greeting excited learning adventure ive developed interest data analytics background economics cheer
\x356531333833326537666562653530393733303032663238,course-v1:GTx+ISYE6501x+1T2020,everyone ritika san francisco currently working product management tech company looking forward course
\x356531333736353663373632373730393339303033323462,course-v1:GTx+ISYE6501x+1T2020,name recent computer science graduate kennesaw state university goal program gain analytic knowlege help ga tech master analytics
\x356531333663626663373632373730393536303033386565,course-v1:GTx+ISYE6501x+1T2020,work operation assistant nonprofit dc looking forward completing course yall
\x356531333631393839356230363230393164303033303366,course-v1:GTx+ISYE6501x+1T2020,name pratap working line business worked across multiple role domain technology keen pursue path driving business ahead analytics look forward interacting everyone course best
\x356531333630636239356230363230393236303032363464,course-v1:GTx+ISYE6501x+1T2020,greenville south carolina software working american medical association
\x356531333530366463373632373730393633303033356639,course-v1:GTx+ISYE6501x+1T2020,everyone great meet name justin strategy analytics consultant large consulting company based washington dc studied mathematics political science rutgers university great state new jersey hoping expand data analytics skill course fact used ranked top usa fifa
\x356531333465623763373632373730393339303033323237,course-v1:GTx+ISYE6501x+1T2020,name currently stay home dad living new jersey u registered program hope expand basic excel analytics advanced technique
\x356531333365333563373632373730393564303032653830,course-v1:GTx+ISYE6501x+1T2020,everyone mozambique currently work vodacom mozambique digital channel senior specialist graduated computer science believe course big challenge stepped away technical intend back time ago last time serious algebra year ago something love cooking testing food combination prosperous u
\x353936343036623861383437386330373861303032373561,course-v1:GTx+ISYE6501x+2T2017,last homework project discussion based rather based holding office hour recitation video unless specifically requested wonderful day best georgia tech edx team
\x353935393431363231333035663130383530303032326432,course-v1:GTx+ISYE6501x+2T2017,since tuesday july th holiday hosting office hour reschedule office hour wednesday july th morning evening learner interested let u soon possible plan accordingly best georgia tech edx team
\x353935393430616431333035663130383536303032333766,course-v1:GTx+ISYE6501x+2T2017,extending homework deadline one day homework due thursday july th utc peer review also extended one day peer review due tuesday july th utc happy th july best georgia tech edx team
\x353933623331653231333035663130383461303031333730,course-v1:GTx+ISYE6501x+2T2017,unfortunately cancel office hour tonight potentially hosting tomorrow night saturday june th pm est patience best georgia tech edx team
\x353933333633616632326138666230373934303030646138,course-v1:GTx+ISYE6501x+2T2017,successfully submitted homework assignment received homework grade submission post discussion post usernameid help grading issue grade soon possibly patience trying figure issue homework grade look forward giving feedback soon possible best georgia tech edx team
\x353933333633393461383437386330373636303030653064,course-v1:GTx+ISYE6501x+2T2017,successfully submitted homework assignment received homework grade submission post discussion post usernameid help grading issue grade soon possibly patience trying figure issue homework grade look forward giving feedback soon possible best georgia tech edx team
\x353933333633366131333035663130383431303030646563,course-v1:GTx+ISYE6501x+2T2017,successfully submitted homework assignment received homework grade submission post discussion post usernameid help grading issue grade soon possibly patience trying figure issue homework grade look forward giving feedback soon possible best georgia tech edx team
\x353933333632633261383437386330373435303030653432,course-v1:GTx+ISYE6501x+2T2017,successfully submitted homework assignment received homework grade submission post discussion post usernameid help grading issue grade soon possibly patience trying figure issue homework grade look forward giving feedback soon possible best georgia tech edx team
\x353932636532656231333035663130383362303030396537,course-v1:GTx+ISYE6501x+2T2017,hosting another recitation session tomorrow evening tuesday may th pm estedt instead monday may th holiday weekend verified learner receive webex email invite time tomorrow session start best georgia tech edx team
\x353932363437326231333035663130383464303030376233,course-v1:GTx+ISYE6501x+2T2017,find homework solution posted site outline week week homework solution week homework solution best georgia tech edx team
\x353932333164306431333035663130383737303030363530,course-v1:GTx+ISYE6501x+2T2017,complete poll earliest convenience schedule one hour recitation tuesday wednesday thursday cover basic time range pm hopefully find good peak time tuesday thursday help comfortable arent already xtt tbbznrwi patience understanding best georgia tech edx team
\x353931633533656461383437386330373939303030333865,course-v1:GTx+ISYE6501x+2T2017,two typo code shown homework change model ksvmdata data type csvc kernel vanilladot scaledtrue model ksvmdata data type csvc kernel vanilladot scaledtrue change modelcoef modelcoef one clarification depending data created folk might error lambda unused argument length lambda mean need convert matrix format model asfactordata scaledtrue joel
\x353931633533613232326138666230373565303030333461,course-v1:GTx+ISYE6501x+2T2017,two typo code shown homework change model ksvmdata data type csvc kernel vanilladot scaledtrue model ksvmdata data type csvc kernel vanilladot scaledtrue change modelcoef modelcoef one clarification depending data created folk might error lambda unused argument length lambda mean need convert matrix format model asfactordata scaledtrue joel
\x353931393031663661383437386330373861303030313834,course-v1:GTx+ISYE6501x+2T2017,let u started instructor semester grew new jersey live atlanta work professor georgia tech director master science analytics degree home husband father three something rare interesting graduate school world championship drum bugle corp find official morestandard bio edx page course looking forward learning sharing semester together
\x353931393030666161383437386330373561303030316134,course-v1:GTx+ISYE6501x+2T2017,let u started instructor semester grew new jersey live atlanta work professor georgia tech director master science analytics degree home husband father three something rare interesting graduate school world championship drum bugle corp find official morestandard bio edx page course looking forward learning sharing semester together
\x353931386663326631333035663130383563303030313839,course-v1:GTx+ISYE6501x+2T2017,feel free use discussion forum topic discus closeknit learning community mean youll probably talk exact content homework week
\x353931386663316431333035663130383632303030313938,course-v1:GTx+ISYE6501x+2T2017,feel free use discussion forum topic discus closeknit learning community mean youll probably talk exact content homework week
\x356333653666353533656239653630393865303030653038,course-v1:GTx+ISYE6501x+1T2019,currently work consultant educational testing industry test act nontraditional student graduate degree mathematics philosophy taught subject various school various continent
\x356333643636313764623730613930393765303030653564,course-v1:GTx+ISYE6501x+1T2019,felix san francisco currently working strategic operation real estate startup love meet others course sf
\x356333623861353933656239653630393865303030633364,course-v1:GTx+ISYE6501x+1T2019,name currently reside tennessee worked business intelligence space past three year look forward learning analytics
\x356333616162333733656239653630393961303030633636,course-v1:GTx+ISYE6501x+1T2019,moved texas year ago master university houston currently attending data science bootcamp sf
\x356333613330396633656239653630396433303030626333,course-v1:GTx+ISYE6501x+1T2019,name work software engineer iot predictive analytics company called uptake chicago switched omsa omscs excited learn subject modeling use modeling solve business problem steadily growing blog site post thing learn ive getting steadily increasing amount traffic past year right hitting average around unique visitor per day looking forward learning semester
\x356333393330313635386164636230396164303030616166,course-v1:GTx+ISYE6501x+1T2019,everyone name live new york currently work fintech startup software engineer excited take class nice meet
\x356333366263356533656239653630396130303030396339,course-v1:GTx+ISYE6501x+1T2019,name analyst tech company northern va live capitol hill love connect student dmv area
\x356333363763383864623730613930393837303030613532,course-v1:GTx+ISYE6501x+1T2019,raj manthena work erp business consultant excited learn data science
\x356333353666613333656239653630393835303030393364,course-v1:GTx+ISYE6501x+1T2019,everyone work research analyst environmental research nonprofit dc excited course
\x356333353534383635386164636230393965303030386438,course-v1:GTx+ISYE6501x+1T2019,name emi ga hour outside atlanta id love part local study group sure many people area omsa bit career change excited started
\x356333353363623233656239653630396436303030386264,course-v1:GTx+ISYE6501x+1T2019,name ekundayo live houston currently senior health planner city houston interesting fact went different school kindergarten th grade military brat
\x356333346361623233656239653630393865303030383165,course-v1:GTx+ISYE6501x+1T2019,everyone name management consultant working primarily technology company material science engineering undergrad university illinois urbanachampaign mba university texas austin excited knowledgeable data analytics evolving career pursuing oms analytics degree
\x356333343666633964623730613930393963303030376638,course-v1:GTx+ISYE6501x+1T2019,everyone joonsoo first joining program atlanta ga currently working analytics commercial insurance company looking forward getting find
\x356333343135323233656239653630396334303030376332,course-v1:GTx+ISYE6501x+1T2019,name ca transplant living dc working world health organization fun fact monthold boy gon na heck semester
\x356333343132323364623730613930393837303030383538,course-v1:GTx+ISYE6501x+1T2019,name senior software engineer atlanta second semester look forward course
\x356333343039633264623730613930396237303030376532,course-v1:GTx+ISYE6501x+1T2019,name working china la ca background marketing
\x356333336562303635386164636230393863303030373962,course-v1:GTx+ISYE6501x+1T2019,zulfi work commodity trader denmark previously lived netherlands uk usa pakistan looking forward getting
\x356333336236313235386164636230393665303030373735,course-v1:GTx+ISYE6501x+1T2019,everyone name pasquale currently living working germany look forward educational journey
\x356333336230386533656239653630396166303030373430,course-v1:GTx+ISYE6501x+1T2019,everybody come chieti live alessandria northwest italy currently work data scientist chemical company feel largely benefit master one industrial engineer degree opportunity learn share opinion large audience happy learning
\x356333333931633933656239653630393937303030373161,course-v1:GTx+ISYE6501x+1T2019,work general electric ge power atlanta full time sr architect belief share learn something unique learn
\x356333333863306164623730613930393963303030373536,course-v1:GTx+ISYE6501x+1T2019,name olivia currently work southwest airline revenue management fun fact french two french bulldog
\x356333333663636264623730613930396234303030376364,course-v1:GTx+ISYE6501x+1T2019,living boston ive spent past seven year technology consultant implementation strategy work currently boston consulting group last term first omsai took cse absolutely loved hope enjoy isye much ive heard class collaborative excited
\x356333333561393433656239653630396430303030373463,course-v1:GTx+ISYE6501x+1T2019,originally boston living south atlanta lead big data architect ehr company basically design physical logical infrastructure company analytics something interesting pretty boring yes old
\x356230323965303938343435326130383662303036316666,course-v1:GTx+ISYE6501x+2T2018,everyone name based charlotte nc work data analyst financial technology company
\x356166623864626232343435316130396436303035636436,course-v1:GTx+ISYE6501x+2T2018,everyone originally india currently chicago working fortune company second semester omsagt far fun looking forward learn
\x356166396239646539333739343030396466303035636231,course-v1:GTx+ISYE6501x+2T2018,georgia currently working general motor responsible analytics team completed spring excited start
\x356166393839623338343435326130383662303035626666,course-v1:GTx+ISYE6501x+2T2018,name based charlotte nc currently work data analyst financial technology company
\x356166393838653439333739343030396366303035396261,course-v1:GTx+ISYE6501x+2T2018,everyone located atlanta ga taking class part ga tech omsa current role business program executive global technology company worked closely analyst data scientist business environment looking forward deepen experience
\x356135626262356137616366326430383332303031323132,course-v1:GTx+ISYE6501x+1T2018,everyone name sean currently live dallas tx work large telecom company part rotational program currently work mainly bireporting system goal awhile pursue data science interesting fact adopted korea lot time people surprised actually meet redheaded irishman expect
\x356135356232373164356362373730613735303030666337,course-v1:GTx+ISYE6501x+1T2018,chicago working att computer science master background working att several year govind
\x356135393333346437616366326430383235303030666162,course-v1:GTx+ISYE6501x+1T2018,week homework start question question seeing somewhere
\x356135376464326664356362373730613837303031306666,course-v1:GTx+ISYE6501x+1T2018,looking forward learn grow work marketing data analyst global medium agency healthcare pharma love learn apply datadriven method understand people behavior preference online offline end day hope help people connect relevant valueadd product service need need
\x356135366135623764356362373730613861303031303531,course-v1:GTx+ISYE6501x+1T2018,everyone philadelphia currently working business intelligence field comcast happy meet person someone philly area
\x356135363831616134346131353030386463303031316163,course-v1:GTx+ISYE6501x+1T2018,tucson az recently job quality assurance agm small company specializes making military product working academia developing mri technology cancer related purpose passion analyzing data coding excited dive deeper field
\x356135346639633134346131353030386439303030663231,course-v1:GTx+ISYE6501x+1T2018,live birmingham al fraud analytics jack henry associate previously worked marketing analytics consulting look forward learning
\x356135346566643737616366326430383539303030663330,course-v1:GTx+ISYE6501x+1T2018,community college instructor maryland proud parent grateful grandparent week old granddaughter
\x356135346336616537616366326430383431303031306535,course-v1:GTx+ISYE6501x+1T2018,everyone atlanta bachelor ops research usafa flew special ops aircraft af year currently atlanta restaurant industry happy join elite field
\x356135346162383034346131353030383937303031303331,course-v1:GTx+ISYE6501x+1T2018,everybodyi currently working interest rate strategist standard chartered bank enrolled m program resolve midcareer crisis interesting mei play chess time competition
\x356135343663323634346131353030386439303030656336,course-v1:GTx+ISYE6501x+1T2018,seattle sift science excited part program taking class
\x356135343365353237616366326430383164303031313164,course-v1:GTx+ISYE6501x+1T2018,live phoenix work semiconductor capacity operation data analyst master industrial engineering asu throughout coursework asu focussed mainly didnt take much data sciencestats course
\x356135336261353464356362373730613666303030656335,course-v1:GTx+ISYE6501x+1T2018,everyone work cisco managing business intelligence analytics program management team stealthwatch product look forward working course
\x356135336232316534346131353030383966303030663434,course-v1:GTx+ISYE6501x+1T2018,everyone seattle wa usa work data scientist consulting firm gt alum bsme super excited getting schooled tech made career change data science spring still lot learn cant wait alongside yall fact past experience includes working navy civilian spent lot time aircraft carrier
\x356135336231373134346131353030386433303030643130,course-v1:GTx+ISYE6501x+1T2018,everyone name look forward working semester manager system data analytics team porsche car north america atlanta bsie georgia tech mba emory first class road m analytics happens cross joke rhetorical question
\x356238353634623061353232303330393464303031653432,course-v1:GTx+ISYE6501x+3T2018,everyone undergrad georgia tech currently consultant capgemini looking forward learning relearning material increase understanding analytics
\x356238316232343263333035616430396662303031653363,course-v1:GTx+ISYE6501x+3T2018,everyone name live charlotte nc working data security team working amazing opportunity work nasa houston originally sparked interest data science analytics excited learn new thing meet everyone
\x356238316164343361353232303330393761303031643332,course-v1:GTx+ISYE6501x+3T2018,name live heart atlanta working data analyst large retailer support decision making analytics finance department eg determining many register per store understanding driver certain metric love travel recently drove cross country la stopped national park along looking forward learning seems come varied background
\x356238313039366463333035616430613133303031636231,course-v1:GTx+ISYE6501x+3T2018,eager start course learn
\x356237663331386433623061626330396337303031623165,course-v1:GTx+ISYE6501x+3T2018,everyone live work cary nc originally china degree math stats nc state analytical consultant working risk product banking industry looking forward learn analytics especially modeling program
\x356237656130656661353232303330393632303031616532,course-v1:GTx+ISYE6501x+3T2018,question use training test datasets ksvm model able achieve higher accuracy using training test datasets opposed running model entire dataset
\x356237653136313233623061626330396162303031633931,course-v1:GTx+ISYE6501x+3T2018,currently work petrochemical industry looking better utilize data workplace b chemical engineering ucla looking forward working everyone
\x356237646635363761353232303330393530303031626230,course-v1:GTx+ISYE6501x+3T2018,everyone name live queretaro mexico ive working ge aviation manager data analytics team recently started new role technology leader external engine system glad share course
\x356237643737636433623061626330396430303031613863,course-v1:GTx+ISYE6501x+3T2018,engineer working oil gas industry originally flint michiganyes city everyone know bad water joined marine corp graduating high school marine corp year recently transitioned private sector started using little year ago perform data analysis quickly found using amount data exhaust thrown oil gas company powerful look forward learning interacting everyone
\x356237626665323333623061626330396130303031386635,course-v1:GTx+ISYE6501x+3T2018,currently work healthcare consultant looking forward building technical skill complement skill already youre dc let maybe set study session point
\x356237623961613133623061626330396466303031393630,course-v1:GTx+ISYE6501x+3T2018,everyone currently working full time data scientist bay area california looking forward course hopefully gain lot new insight way analyze data fun side note huge bay area sport fan
\x356237623231623733623061626330396136303031616138,course-v1:GTx+ISYE6501x+3T2018,name interested learning use data analytics better understand health care data
\x356237623632313361353232303330393836303031383765,course-v1:GTx+ISYE6501x+3T2018,name work splunk big data analytics company excited learn lot semester
\x356237623237383761353232303330393764303031383237,course-v1:GTx+ISYE6501x+3T2018,nice everyone introducing yall aware piazza official forum class best
\x356237623237356633623061626330396162303031613631,course-v1:GTx+ISYE6501x+3T2018,nice everyone introducing yall aware piazza official forum class best
\x356237616662363933623061626330393934303031396566,course-v1:GTx+ISYE6501x+3T2018,everyone name arthur currently live madison wi relocate portland work business intelligence consultant working bianalytics year
\x356237613332386133623061626330393934303031393537,course-v1:GTx+ISYE6501x+3T2018,name ping bay area senior product analyst large gaming company excited part program hope learn much course
\x356237383831333361353232303330393761303031373461,course-v1:GTx+ISYE6501x+3T2018,everyone name live harrisonburg va currently work data analyst james madison university though little nervous starting omsa program year since graduated undergrad also excited
\x356237333938323761353232303330393737303031346634,course-v1:GTx+ISYE6501x+3T2018,folk gana seattle wa looking forward learning
\x356237316239626561353232303330393664303031333738,course-v1:GTx+ISYE6501x+3T2018,cincinnati ohio fun facti kid guess thats fun looking forward diving course
\x353961333636303039646562386230396366303030383136,course-v1:GTx+ISYE6501x+3T2017,guy working question code working issue model sensitive margin value range prediction match drop guy well something wrong ping live greater boston area
\x353961316231396539646562386230396233303030373435,course-v1:GTx+ISYE6501x+3T2017,everyone work caterpillar peoria il think part make unique background accounting stem ive always loved analysis look forward formal training love travel lived germany spain hockey ultra running first mile distance event next two month definitely struggling find time training school look forward taking class
\x353939623564643363636432363730396233303030336539,course-v1:GTx+ISYE6501x+3T2017,everyone name currently based atlanta ga area work scm consultant making sure client employer software solution able solve rubiks cube still impressive
\x353939633963336261343432303730613235303030346564,course-v1:GTx+ISYE6501x+3T2017,everyone looking forward class mechanical engineer caterpillar peoria il
\x353939623733633739646562386230396366303030336633,course-v1:GTx+ISYE6501x+3T2017,everyone name grew upstate new york attended university virginia undergrad currently live washington dc area large bank help assess send credit card offer fun fact visited continent antarctica one havent visited yet looking forward getting everyone semester
\x353939616637633063636432363730396236303030336365,course-v1:GTx+ISYE6501x+3T2017,everyone name currently work u geological survey done past year office columbia missouri undergraduate master degree environmental science since graduating developed interest analytics modeling application traditional science learnedused approach work largeriver ecological restoration omsa curriculum develop skill interesting fact ive helped dye missouri river red part research usgs blog httpswww
\x353939613537333063636432363730396633303030333265,course-v1:GTx+ISYE6501x+3T2017,currently reside charlotte north carolina currently director technology asset management company professionally developed custom software company financial service tax technology video game industry
\x353939613236393463636432363730396165303030333561,course-v1:GTx+ISYE6501x+3T2017,nyc graduated gt may studying finance currently data analytics project management jp morgan let also area
\x353939383837633263636432363730396464303030326139,course-v1:GTx+ISYE6501x+3T2017,everyone name work verizon alpharetta ga bi consultant interesting fact mba university georgia complete rubiks cube second brother graduated ga tech second hoping degree correlate faster rubiks cube time looking forward cheer
\x356436326339616238343435326130373962303031326230,course-v1:GTx+ISYE6501x+2T2019b,name live nyc
\x356435646265303763303664323630393736303031306135,course-v1:GTx+ISYE6501x+2T2019b,everyone name live palo alto california street stanford university work surveyquant researcher google mountain view started master program back january first brutal course python interesting fact launched hobbygaming store brother looking forward learning year
\x356435636262656638343435326130376163303030666635,course-v1:GTx+ISYE6501x+2T2019b,currently located boise idaho much excited course getting
\x356435633931393863303664323630393466303031303565,course-v1:GTx+ISYE6501x+2T2019b,everybody excited fall semester started name harsh raleigh north carolina currently work product manager large tech firm interesting fact ive lived different state last year
\x356435633239623163303664323630393535303030663735,course-v1:GTx+ISYE6501x+2T2019b,currently living istanbul turkey atlanta looking forward class help develop analytics skill understanding
\x356435633234373163303664323630393634303030636564,course-v1:GTx+ISYE6501x+2T2019b,singapore analytics professional studied statistic undergraduate excited start first course master degree analytics
\x356435633230383538343435326130376264303030663537,course-v1:GTx+ISYE6501x+2T2019b,harper shanghai china excited start program
\x356435623931353063303664323630393532303031303133,course-v1:GTx+ISYE6501x+2T2019b,julian working analyst health care industry interested learning analyticsstatcs hope everyone well class
\x356435623866396263303664323630393561303031303831,course-v1:GTx+ISYE6501x+2T2019b,another texan austin everyone product owner solution architect adp
\x356435623764303938343435326130373932303030653838,course-v1:GTx+ISYE6501x+2T2019b,guy cyber security salesman orange county ca originally austin texas moved year ago huge hiker outdoor enthusiast also pretty nerdy computer network looking forward great semester
\x356435623731656563303664323630393830303030643134,course-v1:GTx+ISYE6501x+2T2019b,everyone name industrial engineer siemens born iraq currently live atlanta enjoy learning looking forward working
\x356435623665643338343435326130373835303030653831,course-v1:GTx+ISYE6501x+2T2019b,name recently new analyst position illumina san diego ca unlock power human genome role far helping team visualize data tableau really enjoy data visualization check tableau public portfolio
\x356435623563393338313439666430393662303030653261,course-v1:GTx+ISYE6501x+2T2019b,work analyst local tech company feel free touch anything cycling related
\x356435623562336563303664323630393763303031333963,course-v1:GTx+ISYE6501x+2T2019b,name work analytics business intelligence genesis capital really enjoy mountain biking creating electronic music
\x356435623537396638343435326130373932303030653666,course-v1:GTx+ISYE6501x+2T2019b,tahiya boston healthcare analyst look forward learning
\x356435623535643338313439666430393638303030646163,course-v1:GTx+ISYE6501x+2T2019b,seasoned professional th year first master degree living atlanta looking forward learning along good luck
\x356435623465343338343435326130376366303030643734,course-v1:GTx+ISYE6501x+2T2019b,everyone romanian teach advanced mathematics atlanta international school atlanta master degree mathematics amazed huge expertise available looking forward learning great stuff course
\x356435623361353363303664323630393631303030636433,course-v1:GTx+ISYE6501x+2T2019b,fairfax virginia system engineer primarily work security published ieee first place capstone competition west point usma may mean super geek looking forward great semester
\x356435623235663138313439666430393264303030653238,course-v1:GTx+ISYE6501x+2T2019b,name data analyst entrylevel software developer work home thankfully office mountain fun fact ski season roll around ski snowboard instruct weekend aiming teach multiple language english spanish german polish native speaker finger crossed great semester
\x356435623133633863303664323630393663303030643464,course-v1:GTx+ISYE6501x+2T2019b,every one ohio exciting learn course together guy
\x356435623131366338313439666430393361303030646434,course-v1:GTx+ISYE6501x+2T2019b,everyone name currently work actuary stamford ct looking forward semester
\x356435616665656538313439666430393631303030653834,course-v1:GTx+ISYE6501x+2T2019b,name doctoral student developmental psychology michigan state university come china research developmental psychology become interested statistic analytics data scientist future
\x356435616435616138343435326130373962303030646665,course-v1:GTx+ISYE6501x+2T2019b,name los angeles ca currently manager strategy analytics film studio looking forward learning analytics modeling getting collaborate
\x356435616430386663303664323630393466303030656635,course-v1:GTx+ISYE6501x+2T2019b,everyone name beautiful country india currently working sale operation consultant immunomedics located new jersey learn leverage analytical method solve real time complex problem
\x356435616365303138343435326130376432303030643233,course-v1:GTx+ISYE6501x+2T2019b,name work cost analyst semiconductor manufacturing company based manchester nh professional passion lie intersection operation finance data science looking forward continuing education getting opportunity work learn spare time enjoy spending time fourlegged baby peanut dachshund cat
\x356435616338616663303664323630393739303031316636,course-v1:GTx+ISYE6501x+2T2019b,everyone phoenix graduated gt b math last year spent past year working software engineer semiconductor industry fun fact triplet looking forward learning course
\x356435616335643963303664323630393538303030653138,course-v1:GTx+ISYE6501x+2T2019b,th year doctoral student university nevada reno getting phd social psychology interesting fact worked fbi behavioral analysis unit two year looking forward working together
\x356435616239306638313439666430393662303030646130,course-v1:GTx+ISYE6501x+2T2019b,everyone name donghee writing switzerland skorea moved year ago working pharma company financial controller much looking forward course
\x356435616163313063303664323630393435303030633933,course-v1:GTx+ISYE6501x+2T2019b,everyone name live suburb atlanta ga professionally business analyst emory healthcare specifically winship cancer institute also enlisted u army reserve human resource nco married two boy moved oldest dorm kennesaw state university past weekend freshman year look forward working learning semester
\x356435616139643163303664323630393337303030646439,course-v1:GTx+ISYE6501x+2T2019b,everyone name atlanta taking program fulltime employment previously worked chemist public health wanted transition technical role good luck everyone looking forward great semester
\x356365316466306364386561623130393862303031386465,course-v1:GTx+ISYE6501x+2T2019a,good afternoon name live houston texas work analyst johnson space center originally atlanta attended georgia tech undergrad year may grad sister big goofy dog named looking forward class
\x356364393737326430646166633630393835303031346564,course-v1:GTx+ISYE6501x+2T2019a,others west coast washington area interested starting study group
\x356531613231613463373632373730393333303032663736,course-v1:GTx+ISYE6501x+1T2020,nice opportunity say work private foundation archibald bush foundation serf mn nd sd native nation share geography interest course program become better using data guide continuous improvement nonprofit government school help maximize community impact experience nonprofit excited build better business chop connecting also big family art community twin city justin
\x356531393839623339356230363230393335303033643665,course-v1:GTx+ISYE6501x+1T2020,successfully read txt file console saved data installed kernlab package however try enter code provided error model ksvmdata data type csvc kernel vanilladot scaledtrue unexpected input model ksvmdata data type somebody help explain wrong
\x356531383062376163373632373730393161303033373230,course-v1:GTx+ISYE6501x+1T2020,everyone name hope gain course credit towards applying master program
\x356531366135313537666562653530393262303033386662,course-v1:GTx+ISYE6501x+1T2020,venkat veera live houston second semester
\x356531376532643263373632373730393234303032373530,course-v1:GTx+ISYE6501x+1T2020,greeting mongolia really need skill ofdata analysis course best wish
\x356531366131663539356230363230393230303032393637,course-v1:GTx+ISYE6501x+1T2020,outside dc arlington va researcher education service company use data analysis job hoping hone analysis skill
\x356531373864313763373632373730393237303032373262,course-v1:GTx+ISYE6501x+1T2020,everyone professor mentioned covered topic week one couldnt find anywhere anyone direct right resource
\x356531373463363563373632373730393132303032663134,course-v1:GTx+ISYE6501x+1T2020,atlanta ga att data scientist taking drug may extended health lifespan study rat applicable ill let year
\x356531363937373239356230363230393236303032376266,course-v1:GTx+ISYE6501x+1T2020,amena chicago data analyst consulting firm anyone innear downtown chicago id love meet interesting fact cat love
\x356531363935336163373632373730393237303032366336,course-v1:GTx+ISYE6501x+1T2020,everyone actuary washington dc area knock wood soon working federal agency financial regulator specializing model risk pretty savvy excel user coding first love weve fallen touch since undergrad little experience
\x356531363862383037666562653530393331303033636636,course-v1:GTx+ISYE6501x+1T2020,data analyst currently live new mexico really went college nebraska selftaught coder sql lot learn python love board game happy class
\x356531363661393563373632373730393561303033653365,course-v1:GTx+ISYE6501x+1T2020,daksh currently work data analyst management consulting startup atlanta took course interested topic plan transfer credit omsa program
\x356531363235396137666562653530393232303032393132,course-v1:GTx+ISYE6501x+1T2020,name norberto norbie currently living miami program manager danaherbeckman coulter
\x356531363162623937666562653530393562303032396437,course-v1:GTx+ISYE6501x+1T2020,name currently studying georgia tech omscs program full time graduated may university illinois urbanachampaign degree engineering mechanic wanted change field learn decided enroll omscs post graduation looking forward learning analytics modeling
\x356531353936653737666562653530393361303032393634,course-v1:GTx+ISYE6501x+1T2020,coming background data analysis retail training bring social field
\x356531353561346637666562653530393466303032666138,course-v1:GTx+ISYE6501x+1T2020,name refinery process engineer working southern california experience sulfur recovery amine system isomerization alkylation halfway omscs program emphasis machine learning love data looking forward learning analytics hope able apply lot learn job
\x356531353466393639356230363230393131303033343266,course-v1:GTx+ISYE6501x+1T2020,currently working software architect one consulting company work related devops technology looking fwd course also learn data modeling happy learning
\x356531353264363637666562653530393166303032633738,course-v1:GTx+ISYE6501x+1T2020,everyone dc area looking forward taking course learning hope everyone succeed course career development
\x356531346435643637666562653530393430303032386562,course-v1:GTx+ISYE6501x+1T2020,everyone first course edx nice able management consultant working london background civil engineering keen understanding able implement analytic solution work thought good opportunity upskill hope chat many coming week
\x356531343935303663373632373730393230303032643437,course-v1:GTx+ISYE6501x+1T2020,name work pwc innovation data analytics manager
\x356531343835613863373632373730393534303032616431,course-v1:GTx+ISYE6501x+1T2020,name working digital lead web program coordinator netherlands last year mainly involved building nlp tool extract known entity unstructured datasets api related work wanted broaden data knowledge expect steep learning curve ahead
\x356531343662363863373632373730393531303032386338,course-v1:GTx+ISYE6501x+1T2020,name new york currently working operation administrator manhattan enrolled course enhance skill analytics field goal pursing master science analytics looking forward getting everyone ultimately learning many tool possible help career
\x356531343238343263373632373730393536303033393765,course-v1:GTx+ISYE6501x+1T2020,happy new year looking forward wonderful learning journey everyone
\x356531343235333437666562653530393664303032633230,course-v1:GTx+ISYE6501x+1T2020,live los angeles electrical engineer defense contractor looking move analytics
\x356531343139643839356230363230393233303032373532,course-v1:GTx+ISYE6501x+1T2020,live north carolina involved construction industry
\x356531343132383539356230363230393137303033633032,course-v1:GTx+ISYE6501x+1T2020,name currently work senior data analyst look forward learning analytics everyone free time basketball bouldering snowboarding cooking
\x356531343131386637666562653530393238303032643536,course-v1:GTx+ISYE6501x+1T2020,guy name live portland ive getting interested data analytics long time time regard
\x356531343031303439356230363230393065303033396462,course-v1:GTx+ISYE6501x+1T2020,youre austin tx customer engineer google interestingrare impressive fact practice brazilian
\x356531336663356437666562653530393439303032393639,course-v1:GTx+ISYE6501x+1T2020,classmate excited learn likeminded people philadelphia native living washington dc working cost analyst consultant department defense interesting fact love dubstep show festival around country
\x356531336637373537666562653530393466303032656465,course-v1:GTx+ISYE6501x+1T2020,name live orlando fl work truist recently completed analytics business administration excited class looking forward working tool program new python
\x356531336566643163373632373730393066303032643334,course-v1:GTx+ISYE6501x+1T2020,name fpa advisor manufacturing company wichita look forward learning modeling analytics
\x356531336537383039356230363230393536303033313336,course-v1:GTx+ISYE6501x+1T2020,name work columbus georgia weird hybrid automation engineerdata scientist role operation payment processor primarily deal automating system creating monitoring process omscs student
\x356531336466353239356230363230393332303033376432,course-v1:GTx+ISYE6501x+1T2020,long island name currently working business development analyst excited expand skill set career data analytics
\x356531336465353737666562653530393166303032626333,course-v1:GTx+ISYE6501x+1T2020,name de moines ia currently work implementation manager setting new retirement plan interesting fact graduated english education degree excited learn together course
\x356531336461363637666562653530393664303032626639,course-v1:GTx+ISYE6501x+1T2020,name mirna ouied graduated december software engineer work bia application ups love travel looking forward learn lot semester best luck ga tech edx student
\x356531336432353963373632373730393339303033323838,course-v1:GTx+ISYE6501x+1T2020,everyone name electrical engineer working consulting firm new orleans area service oilgas petrochemical industry recent graduate louisiana state university taking class first step gt omsa program hope begin next spring
\x356531336339613737666562653530393262303033373137,course-v1:GTx+ISYE6501x+1T2020,everyone name currently working data analyst compliance domain working changing career path mlai hope well great time together
\x356531336236323437666562653530393733303032663536,course-v1:GTx+ISYE6501x+1T2020,everyone currently located utah background neuroscience ive done lot analysis academic research well business looking forward course working
\x356531333834313563373632373730393366303033626163,course-v1:GTx+ISYE6501x+1T2020,name multiple year application development experience web tech currently working financial service
\x356531333834313437666562653530393634303032373364,course-v1:GTx+ISYE6501x+1T2020,happy new year everyone name joining san diego ca currently data analyst thermofisher scientific background physic looking forward meetingworking following week
\x356531333833663363373632373730393465303032353334,course-v1:GTx+ISYE6501x+1T2020,everyone college professor want learn analytics look forward learning class
\x356531333739623037666562653530393238303032636566,course-v1:GTx+ISYE6501x+1T2020,everyone work finance uc berkeley looking round skillset introducing insightful analytics work connect looking forward course
\x356531333665393963373632373730393536303033386631,course-v1:GTx+ISYE6501x+1T2020,everyone name currently working quantitative analyst rating agency enroll course advance analytical programming math background solve complex technical problem enjoy learning sharing knowledge people look forward working everyone cheer
\x356531333633333139356230363230393464303032383061,course-v1:GTx+ISYE6501x+1T2020,name taking full course full time session background mechanical engineering hoping switch data science machine learning field wishing everyone good luck semester
\x356531333633306237666562653530393532303032663866,course-v1:GTx+ISYE6501x+1T2020,investment professional looking learn new thing
\x356531333564396263373632373730393333303032626666,course-v1:GTx+ISYE6501x+1T2020,everyone name day enthusiast night working tech industry statistic degree decided education data science field hope becoming financeliterate eager meet let start finish strong
\x356531333561393537666562653530393331303033613766,course-v1:GTx+ISYE6501x+1T2020,everyone looking forward working hope help gain greater understanding material background marketing consulting today data science course great interest marketer relying expertise forward mind best marketer future proficient marketing data let help btw live dallas area
\x356531333531363263373632373730393435303032383264,course-v1:GTx+ISYE6501x+1T2020,everyone name working social security administration philadelphia pennsylvania almost ten year ready back school learn new thing hoping micromasters work lead full master program two young child julia limit spare time better guitar
\x356531333432353739356230363230393362303033356138,course-v1:GTx+ISYE6501x+1T2020,name live vienna austria work unicredit business analyst project manager experience data modelling learn chosen course looking forward touch teacher classmate edx
\x356464316439393337666562653530393433303030663663,course-v1:GTx+ISYE6501x+1T2020,dont homework listed week class started yet late work hw
\x356333643365346664623730613930393762303030646365,course-v1:GTx+ISYE6501x+1T2019,name call ob currently working software united health group enjoy playing huge liverpool fc fan
\x356333626631386164623730613930396162303030653536,course-v1:GTx+ISYE6501x+1T2019,name rohith graduated georgia tech b industrial system engineering clearly must liked school hated free time enough come back master currently work bank business analyst area live around feel free email rravi gatechedu love someone help hold accountable
\x356333626533363064623730613930396138303030633563,course-v1:GTx+ISYE6501x+1T2019,good day fellow student work system analyst financial institution caribbean looking forward interact throughout degree program
\x356333353762613764623730613930396132303030393132,course-v1:GTx+ISYE6501x+1T2019,everyone name christo working satellite communication industry look forward interacting yall course wish best
\x356333353634313533656239653630393937303030383766,course-v1:GTx+ISYE6501x+1T2019,everyone aminul located greater philadelphia area work cpg company within data analytics group looking forward interacting everyone
\x356333353563626533656239653630393961303030393132,course-v1:GTx+ISYE6501x+1T2019,everyone working data analyst southern california study group san gabrielrowland heightsorange county enjoy hanging friend watching show look forward learning lot semester
\x356333353532643333656239653630396238303030386136,course-v1:GTx+ISYE6501x+1T2019,business insight reporting target hq minnesota
\x356333343835623433656239653630396130303030376639,course-v1:GTx+ISYE6501x+1T2019,name vasu atlanta
\x356333343533373935386164636230396131303030376434,course-v1:GTx+ISYE6501x+1T2019,work healthcare giant business analyst anxious excited start first course omsa looking forward knowing learning together
\x356333343333316233656239653630396166303030376133,course-v1:GTx+ISYE6501x+1T2019,everyone name work data analytics consulting seattle anyone else studying area
\x356333343265613464623730613930393930303030383130,course-v1:GTx+ISYE6501x+1T2019,everyone name analyst financial institution california first semester omsa excited let around la
\x356333336638386364623730613930393966303030376361,course-v1:GTx+ISYE6501x+1T2019,everyone live venice ca currently work santa monica college worked entertainment many year prior fun fact photo double breaking bad
\x356333336637663735386164636230396131303030373963,course-v1:GTx+ISYE6501x+1T2019,kidding guy name work affiliated engineer chicago looking forward learning quite bit next month
\x356333336565393135386164636230393765303030376132,course-v1:GTx+ISYE6501x+1T2019,java programmer csx interesting fact past summer ive able take awesome trip bunch national park zion bryce yellowstone grand teton crater lake mount rainier olympic great smoky mountain prettiest walking narrow zion memorable
\x356333336561333835386164636230393836303030376134,course-v1:GTx+ISYE6501x+1T2019,name currently living san diego working engineer illumina interesting rare impressive fact worst singer
\x356333336533626164623730613930396432303030383236,course-v1:GTx+ISYE6501x+1T2019,zhimin nyc work utility company nd semester program great experience cse last semester hope semester rewarding even interesting
\x356333336435616433656239653630393832303030373762,course-v1:GTx+ISYE6501x+1T2019,grew michigan worked chicagoarea university pharmaceutical research year completing undergrad b biochemistry molecular biology first semester omsa program fulltime student
\x356333333939626264623730613930393933303030376565,course-v1:GTx+ISYE6501x+1T2019,everyone name maximilian operation research analyst working government contracting northern virginia dc metro area excited start omsa anyone dc metro area ever want together study let
\x356333333939613935386164636230396137303030373066,course-v1:GTx+ISYE6501x+1T2019,everyone born atlanta still live currently work data analyst digital marketing agency fun fact ive many random pet including duck hedgehog looking forward class getting better
\x356333333735626533656239653630393964303030376138,course-v1:GTx+ISYE6501x+1T2019,malaysia currently live singapore process control engineer oil gas company
\x356333333734316135386164636230393866303030366630,course-v1:GTx+ISYE6501x+1T2019,currently web developer living atlanta looking transition data analytics live gt located glad deal traffic travel time jealous already working data analytics area love math think amazing study human behavior interesting reading analyzing sharing
\x356333333733386135386164636230393965303030373566,course-v1:GTx+ISYE6501x+1T2019,name live raleigh nc work programmerdata analyst multiple degree programming management information system used play lot competitive volleyball mostly spend free time little kid love outside still hoping snow winter
\x356333333666633664623730613930393966303030373536,course-v1:GTx+ISYE6501x+1T2019,everyone fresh undergrad dec grad completed degree aerospace engineering ill working iowa area beginning job softwaresystems engineer week
\x356333333665316164623730613930393861303030373736,course-v1:GTx+ISYE6501x+1T2019,name st simon island georgia phd geometric topology uga currently chair math department college coastal georgia part spring cohort omsa pursuing degree order help develop contribute ccgas data analytics program construction help assist administrative planning college
\x356333333662613135386164636230396137303030366562,course-v1:GTx+ISYE6501x+1T2019,everyone name live miami fl currently work cloud solution architect microsoft joined m analytics program deepen understanding data able combine skill cloud architecture skill design data driven system solution customer
\x356333333566636435386164636230396161303030366639,course-v1:GTx+ISYE6501x+1T2019,ottawa canada balmy morning officer canadian navy working second career marine engineering company project manager consultant employer moving data analytics internally business line looking forward learning lot program
\x356333333432333464623730613930393936303030373961,course-v1:GTx+ISYE6501x+1T2019,everyone name live madison wi work fulltime data analyst insurance company started omsa program last fall cse really looking forward class ive heard great thing one interesting thing played college basketball four year ncaa national championship interested basketball analytics anyone experience field love collaborate
\x356166396165353739333739343030613063303035623137,course-v1:GTx+ISYE6501x+2T2018,student oms analytics managed foundational course python spring glad part group
\x356135356264333237616366326430383464303030646161,course-v1:GTx+ISYE6501x+1T2018,anybody taken two class oms analytics working full time thinking taking two foundational course
\x356135356263343964356362373730613933303030666435,course-v1:GTx+ISYE6501x+1T2018,everyone resides raleigh nc currently worked well fargo loan verification analyst become data analyst
\x356135633537623437616366326430383539303031333337,course-v1:GTx+ISYE6501x+1T2018,access weekly assignment
\x356135626437323734346131353030386265303031333839,course-v1:GTx+ISYE6501x+1T2018,everyone name live south atlanta senior technical architect geospatial intelligence company love bring analytics data science practice business looking forward challenge course offer program take u something interesting year half ago hiked mount kilimanjaro great meeting working
\x356135383739306564356362373730616237303031316136,course-v1:GTx+ISYE6501x+1T2018,cant open macosx file file related analytics modeling
\x356135383333353634346131353030386366303030666633,course-v1:GTx+ISYE6501x+1T2018,name looking shift career data science product management live va working capital one pmo field looking meet people discus python
\x356135383238663734346131353030386265303031316433,course-v1:GTx+ISYE6501x+1T2018,everyone name orange county california b civil engineering day traffic engineer medium sized city georgia tech student lucky ill find use learn program advance field traffic engineering
\x356135373033366437616366326430383239303030656439,course-v1:GTx+ISYE6501x+1T2018,live california work technology company deeply passionate analytics business use case looking forward learning faculty fellow student
\x356135366334393634346131353030383931303031303135,course-v1:GTx+ISYE6501x+1T2018,everyone name originally indonesia currently working atlanta
\x356135363435353337616366326430383164303031326261,course-v1:GTx+ISYE6501x+1T2018,central north carolina hr analyst title duke energy spend majority day head sql hr data building report handling question management nc firefighter time commitment became much father wonderful year old married year jb grace amazonawscom jpg
\x356135353837613834346131353030383865303030663866,course-v1:GTx+ISYE6501x+1T2018,everyone work genetic testing industry currently live bay area lived nashville tx dallas tx year glad everyone happy learn together
\x356135353834643764356362373730613864303030663664,course-v1:GTx+ISYE6501x+1T2018,printfhello worldn happy part study team working program manager year moving towards career analytics data management
\x356135343765643537616366326430383539303030656538,course-v1:GTx+ISYE6501x+1T2018,look forward meeting new classmate excited new class ill taking semester background math statistic bachelor mathematics graduate course statistic
\x356135343430663864356362373730613765303030656230,course-v1:GTx+ISYE6501x+1T2018,greeting wondering week hw posted course section blank went section january checking technical issue end also business trip coming able effectively access internet traveling possible hw assignment week ahead time process getting assignment early
\x356135343365323134346131353030386439303030656236,course-v1:GTx+ISYE6501x+1T2018,new jersey work goldman sachs looking forward omsa course starting spring folk nynj area
\x356135343263303964356362373730613765303030653965,course-v1:GTx+ISYE6501x+1T2018,new york currently work atlanta georgia pacific work consumer product analytics department fun fact peace corp worked rural community development costa rica
\x356135343162343637616366326430383137303031313535,course-v1:GTx+ISYE6501x+1T2018,name live arlington va currently work technology consultant extremely excited spend next semester learning together
\x356135336666646237616366326430383335303030666465,course-v1:GTx+ISYE6501x+1T2018,everyone name work fixed income space background finance international economics really excited started program opportunity work somewhat interesting fact middle name
\x356135336462356564356362373730616234303030653432,course-v1:GTx+ISYE6501x+1T2018,everyone name jake massachusetts currently working analyst san antonio active duty air force starting omsa program looking forward working everyone
\x356135336335643464356362373730616135303030656538,course-v1:GTx+ISYE6501x+1T2018,everyone name international student live mexico city currently work data scientist jr américa móvil one largest corporation world
\x356135336262663164356362373730616330303030653861,course-v1:GTx+ISYE6501x+1T2018,name atlanta native current work cloud data architect cortland partner beyond primary job also involved marketing promotion event planning execution additionally real estate agent several year investing experience look forward working everyone
\x356135333962313434346131353030386133303030653030,course-v1:GTx+ISYE6501x+1T2018,flight test engineer working eglin afb panhandle florida civilian let sit back fly anyway
\x356135333862393037616366326430383164303031303662,course-v1:GTx+ISYE6501x+1T2018,name local atlanta work role enterprise architect marketing look forward interacting wish happy new year may force
\x356238343639306661353232303330393866303031646264,course-v1:GTx+ISYE6501x+3T2018,new buddy financial analyst western digital data analytics becoming increasingly important corporate finance function supporting better management decision making acquire new skill expand capability company builder expertise finance look forward meeting learning best regard
\x356238333331366261353232303330393766303031633836,course-v1:GTx+ISYE6501x+3T2018,database design soon analytics stuff lung cancer project va one older student program
\x356238323939653433623061626330396162303031663337,course-v1:GTx+ISYE6501x+3T2018,last question hw keep receiving continuous answer never fraction closest response anyone else issue wrong
\x356238313830323561353232303330393730303031643334,course-v1:GTx+ISYE6501x+3T2018,everyone excited take course vmeet everyone work healthcare helping client implement custom advanced analytic tool hold degree nyu rutgers oh huge walking dead fan
\x356238313337303163333035616430613163303031633739,course-v1:GTx+ISYE6501x+3T2018,everyone name currently data analyst startup houston fun fact studied four different school undergrad art science education engineering music
\x356237663439643663333035616430396563303031616630,course-v1:GTx+ISYE6501x+3T2018,atlanta work supply chain software graduating nc state enjoy hiking kayaking ultimate frisbee well biking new atlanta brave stadium youre welcome join sometime might even able find extra ticket
\x356237656438383961353232303330393566303031646365,course-v1:GTx+ISYE6501x+3T2018,nme nd lrge oil compny cool fctoid bout dul citizen usa britin
\x356237636132663863333035616430613163303031396137,course-v1:GTx+ISYE6501x+3T2018,everyone name factory simulation engineer large machinery manufacturer looking forward learning
\x356237633962346363333035616430396638303031393734,course-v1:GTx+ISYE6501x+3T2018,live dallas tx work plano tx big data engineer att enjoy learning new topic course exception looking forward learning material course
\x356237626130313533623061626330396436303031386339,course-v1:GTx+ISYE6501x+3T2018,name excited part program
\x356237623731613263333035616430613133303031393535,course-v1:GTx+ISYE6501x+3T2018,name living phoenix area currently working data analyst looking forward learning data modeling course apply current job future job
\x356237623637306361353232303330393734303031393365,course-v1:GTx+ISYE6501x+3T2018,guy name graduated university georgia last year degree electrical engineering technology development program att looking forward entering world data analytics
\x356237623562613361353232303330393664303031613332,course-v1:GTx+ISYE6501x+3T2018,folk name recently working consulting firm atlanta managing small data analytics team last month traveling around country minivan girlfriend dog van broke parked boulder co hoping focus work looking forward course
\x356237623431646661353232303330393764303031383365,course-v1:GTx+ISYE6501x+3T2018,everyone name math phd interested getting data analytics world excited spend semester together
\x356237623332336633623061626330396262303031393963,course-v1:GTx+ISYE6501x+3T2018,name work industry
\x356237623037366663333035616430613366303031396334,course-v1:GTx+ISYE6501x+3T2018,work brain imaging look forward learning cuttingedge modeling skill
\x356237616637643033623061626330396439303031383762,course-v1:GTx+ISYE6501x+3T2018,working data analyst glad start omsa
\x356237616566316463333035616430613339303031386663,course-v1:GTx+ISYE6501x+3T2018,everyone name excited taking class georgia tech graduated gt business administration degree huge georgia tech sport fan season ticket holder ive counting day till toe meet leather september st since january looking forward meeting working
\x356237616338346263333035616430396664303031383131,course-v1:GTx+ISYE6501x+3T2018,name currently serve data scientist university oklahoma interesting fact lived country longest ive ever lived one state five year comfortable constant change one biggest benefit lifestyle however really enjoy getting meet network new people excited learn look forward working together semester
\x356237346434393561353232303330393464303031343865,course-v1:GTx+ISYE6501x+3T2018,graduated back looking forward pain growth
\x353939623834333561343432303730396563303030343531,course-v1:GTx+ISYE6501x+3T2017,everyone name currently living houston nyc went school carnegie mellon studying civil engineering moved los angeles work finally settled houston working exxonmobil always data finding insightful information data set getting m data analytics looking forward class
\x353939623739303761343432303730613135303030343439,course-v1:GTx+ISYE6501x+3T2017,everyone name live richmond virginia senior data analyst marketing department carmax free time enjoy hiking disc golf running excited take class everyone
\x353939623630666161343432303730396539303030343131,course-v1:GTx+ISYE6501x+3T2017,name live atlanta data analyst norfolk southern taking course knowledge skill involved analyzing vast amount data receive network track locomotive commute public transit everyday always bring something read interest include fiction science biographymemoir religion many topic
\x353939623062383261343432303730396539303030336433,course-v1:GTx+ISYE6501x+3T2017,everyone name live tom river nj work analytics lead digital agency called definedlogic red bank nj undergraduate degree finance monmouth university senior year monmouth took business forecasting class truly showed power data analytics class led pursue career data fact ive played show band stone pony asbury park nj played younger
\x353939386464366563636432363730396437303030326462,course-v1:GTx+ISYE6501x+3T2017,moved chapel hill nc bachelor master degree mechanical engineering georgia tech however since spent last decade device manufacturing sector done lot data analysis first foray analytics interesting fact spent year living switzerland working johnson johnson also ran first pi mile race gt campus april
\x353939383361363639646562386230393938303030323962,course-v1:GTx+ISYE6501x+3T2017,everyone name supply chain management graduate student georgia tech working strategic operation analyst danaher corporation sunny miami florida really looking forward great semester let make first iteration online program great success
\x353939383164366661343432303730613135303030323863,course-v1:GTx+ISYE6501x+3T2017,everyone live new jersey economics last eight year working criminal investigator sound interesting mostly white collarfraud investigation last couple year mainly focused creating model identifypredict fraud within federal program looking forward getting everyone class
\x356436323535353338343435326130373835303031323862,course-v1:GTx+ISYE6501x+2T2019b,lad wondering european based paris working economics consultancy cheer
\x356436313931643438313439666430393562303031316234,course-v1:GTx+ISYE6501x+2T2019b,everyone name avery work boston area reach youre nearby set study group
\x356435663363663863303664323630393437303030666366,course-v1:GTx+ISYE6501x+2T2019b,everyone anyone phoenix area form study group let look forward working semester
\x356435643337626163303664323630393663303030653864,course-v1:GTx+ISYE6501x+2T2019b,hiam live frisco texas first ever analytics class nice meet ya
\x356435636362376238343435326130376233303030663565,course-v1:GTx+ISYE6501x+2T2019b,calgary alberta canada registered started gon na lot fun study course friend world
\x356435636231323438343435326130376261303030663661,course-v1:GTx+ISYE6501x+2T2019b,name currently live newberg originally austin tx currently work george fox university director operation advancement interesting fact training halfmarathon month ago never ran mile proud say ran mile twice feel confident upcoming race
\x356435633765306663303664323630393639303030646362,course-v1:GTx+ISYE6501x+2T2019b,everyone living austin originally china currently working marketing operation hightech company looking forward joining exciting journey
\x356435633664343663303664323630393739303031333837,course-v1:GTx+ISYE6501x+2T2019b,bay area technical program manager looking forward great school year
\x356435633532383738343435326130376136303030656332,course-v1:GTx+ISYE6501x+2T2019b,greeting mountain colorado happy part oms analytics journey
\x356435633062626238343435326130373833303030663036,course-v1:GTx+ISYE6501x+2T2019b,country much island called singapore hope peer due time
\x356435626637396338313439666430393262303030653963,course-v1:GTx+ISYE6501x+2T2019b,everyone teacher school administrator elementary school year since graduating gt left job assistant principal pursue omsa program full time semester looking forward collaborating semester
\x356435626563323938343435326130376136303030653636,course-v1:GTx+ISYE6501x+2T2019b,originally atlanta living working miami used work nascar work travelzoo looking forward challenge completing program
\x356435623636656238313439666430393333303030656532,course-v1:GTx+ISYE6501x+2T2019b,howdy name integration lead ta conocophillips
\x356435623430656238313439666430393535303030653733,course-v1:GTx+ISYE6501x+2T2019b,name received undergrad statistic byu hoping one day work sport analytics major influencer sport organization interesting thing currently sport broadcasting sport talk podcasting sport writing side fun
\x356435623339316138343435326130373764303030646437,course-v1:GTx+ISYE6501x+2T2019b,charlotte nc ive working audiovisual technology consultant past year looking forward working
\x356435623335653238313439666430393238303030653234,course-v1:GTx+ISYE6501x+2T2019b,taking course la petroleum engineer applying data field excited learn new thing
\x356435623261353038343435326130376366303030643562,course-v1:GTx+ISYE6501x+2T2019b,everyone name southern maryland area currently working local navy base near anyone interested online studying area let
\x356435623138666463303664323630393535303030656231,course-v1:GTx+ISYE6501x+2T2019b,fellow classmate name currently bank america associate working charlotte nc also opensource enthusiast full time learner spare time looking forward starting graduate experience georgia tech hope everyone good semester
\x356435616637666238313439666430393330303030653930,course-v1:GTx+ISYE6501x+2T2019b,everyone name graduated year ago b math currently work actuarial assistant took introductory python class last semester ofundergrad took sequence local college recently excited start programpursue new field study good luck everyone
\x356435616465646238343435326130376261303030646562,course-v1:GTx+ISYE6501x+2T2019b,name dallas tx work data analyst airline industry work airline industry probability safe flight still hate flying
\x356435616264356638343435326130373830303030643437,course-v1:GTx+ISYE6501x+2T2019b,anyone else issue piazza forum access code ented name email password home screen prompted access code cant seem locate
\x356435616232383438343435326130376432303030643132,course-v1:GTx+ISYE6501x+2T2019b,class analyst amazon web service fun fact addition starting program week relocating manhattan ny san francisco th relocation past year oc atx sea nyc sf
\x356430363461333364386561623130393439303032626534,course-v1:GTx+ISYE6501x+2T2019a,folk happened yesterday best help finish midterm time tried take midterm proctotrack running website never detected running trying multiple thing finally closed proctortrack restart seems caused tet submitted actually tke test reset attempt midterm
\x356430353762313035303761376130396630303032626537,course-v1:GTx+ISYE6501x+2T2019a,tried take midterm proctotrack running website never detected running trying multiple thing finally closed proctortrack restart seems caused tet submitted actually tke test reset attempt midterm
\x356364616161396535303761376130396539303031346561,course-v1:GTx+ISYE6501x+2T2019a,folk south florida work internal engineering management coach ultimate software use data modelling help shape management decision looking forward learning analytics modelling course
\x356364613235623264386561623130393763303031353130,course-v1:GTx+ISYE6501x+2T2019a,name currently living baton rouge la working structural engineer program make career switch data analytics looking forward class working
\x356364396434376635303761376130396537303031356132,course-v1:GTx+ISYE6501x+2T2019a,jacksonville florida work machine learning engineer gagglenet started career software engineer year taught in out machine learning enrolled omsa program gain deeper knowledge internals analytical tool use daily basis
\x356364393865656630646166633630396330303031353632,course-v1:GTx+ISYE6501x+2T2019a,name data scientist unitedhealth group located new jersey excited take course learn efficient way modeling various project
\x356531633035636663373632373730393536303033653663,course-v1:GTx+ISYE6501x+1T2020,everyone working data analyst year deep dive mathematical model build various type business model productbased company course help getting started master program nice emeeting
\x356531626666393539356230363230393065303033663165,course-v1:GTx+ISYE6501x+1T2020,everyone name live long beach ca bachelor computer science currently bi developer
\x356531626662376637666562653530393433303032623562,course-v1:GTx+ISYE6501x+1T2020,audit group submit homework homework instruction advise submit homework via peer assessment seeing link anything done missing anything
\x356531626633613163373632373730393336303033393136,course-v1:GTx+ISYE6501x+1T2020,starting course audit learner probably update verified hope interact believe learning journey fun
\x356531626438323263373632373730393161303033386563,course-v1:GTx+ISYE6501x+1T2020,name claudia live work richmondva
\x356531623930346663373632373730393237303032383932,course-v1:GTx+ISYE6501x+1T2020,expected already working knowledge system language prerequisite dont even version download website let alone code mean lot suggestion guide sent option find version
\x356531623761613039356230363230393134303033383762,course-v1:GTx+ISYE6501x+1T2020,everyone name based san diego currently working tax content analyst tax software company mainly lot coding software development accounting economics background took class programming language look forward part omsa cohort learning everything data analytics make better data driven decision
\x356531623738303339356230363230393365303033386632,course-v1:GTx+ISYE6501x+1T2020,everyone name dc graduated uva deloitte since currently data science project hoping use course knowledge set complex predictive analytics problem looking forward working
\x356531623262396439356230363230393233303032613631,course-v1:GTx+ISYE6501x+1T2020,converting verified status today believe mean longer access discussion board good luck maybe ill verified track
\x356531393239326139356230363230393233303032396161,course-v1:GTx+ISYE6501x+1T2020,everyone name priyal shah consultant nyc taking class hopefully transfer credit m analytics georgia tech looking forward wonderful semester together
\x356531393165306437666562653530393532303033326534,course-v1:GTx+ISYE6501x+1T2020,everyone name based new delhi india work senior manager offshore software development center leading european bank
\x356531386661356137666562653530393664303032653564,course-v1:GTx+ISYE6501x+1T2020,anyone issue signing piazza site tried create account code received purchased keep getting error incorrect access code wondering anyone similar issue fix nam
\x356531386633366563373632373730393531303032623061,course-v1:GTx+ISYE6501x+1T2020,everyone name professional engineer specialize water wastewater utility collected ton data work learn tool effectively use
\x356531376434643137666562653530393661303032653062,course-v1:GTx+ISYE6501x+1T2020,pharmacist costa rica nice meet yall
\x356531373333636139356230363230393233303032386438,course-v1:GTx+ISYE6501x+1T2020,name live birmingham al currently working southern company sr degree mechanical engineering career spent project feel become stagnate bored current role looking career change analytics
\x356531363631643763373632373730393339303033343166,course-v1:GTx+ISYE6501x+1T2020,team leader team building mobile apps transition data science
\x356531363137383563373632373730393633303033376665,course-v1:GTx+ISYE6501x+1T2020,name live toledo oh working demand planner manufacturing company outside work enjoy playing video game hiking travel general
\x356531353539333439356230363230393035303032643665,course-v1:GTx+ISYE6501x+1T2020,name victoria currently work business process improvement team whole food market excited gain analytical skill class
\x356531353463316637666562653530393235303032613461,course-v1:GTx+ISYE6501x+1T2020,last day upgrade
\x356531353239366163373632373730393261303032363464,course-v1:GTx+ISYE6501x+1T2020,everyone name emily data analyst latterday saint charity obsessed elephant looking forward learning everyone
\x356531353239346563373632373730393564303032666332,course-v1:GTx+ISYE6501x+1T2020,name singapore work consulting firm hoping learn data related skill
\x356531346630613437666562653530393730303033613638,course-v1:GTx+ISYE6501x+1T2020,name excited course new knowledge
\x356531346337653937666562653530393232303032383735,course-v1:GTx+ISYE6501x+1T2020,everyone name work spend analytics manager suntrust bank truist background finance accounting really enjoy working data building automated reporting solution client excited class
\x356531346134343163373632373730393164303032396463,course-v1:GTx+ISYE6501x+1T2020,greeting name work telecom company atlanta ga experience data modeling always interested concept hence enrollment look forward knowledge exposed
\x356531343966303637666562653530393661303032633535,course-v1:GTx+ISYE6501x+1T2020,everyone professional newbie world data analytics auditing course hopefully upgrade next day maximise learning experience looking forward learning
\x356531343865363337666562653530393736303032653164,course-v1:GTx+ISYE6501x+1T2020,frankfurt germany background industrial engineer andcurrently working supply chain process engineering company
\x356531343038633339356230363230393035303032636137,course-v1:GTx+ISYE6501x+1T2020,name managing director accounting advisory practice cfgi national accounting finance consulting firm live philadelphia wife week old son much finance world includes analytics excited expanding skillset learning looking forward class brings
\x356531343034353539356230363230393062303032616439,course-v1:GTx+ISYE6501x+1T2020,everyone chemist currently working biotech interesting learning analytics finding interesting new way approach work
\x356531336666363439356230363230393266303032386361,course-v1:GTx+ISYE6501x+1T2020,everyone data scientist nike portland oregon write lot code work python learning role feel free ask coding question id happy help taking course fillin gap modeling knowledge excited started one interesting fact love rock climbing ever area itd fun fellow ga tech student climbing
\x356531336662323663373632373730393234303032353764,course-v1:GTx+ISYE6501x+1T2020,location orange county california job duty senior lease accountant interesting fact ambidextrous learn nice virtually meet everyone
\x356531336637373937666562653530393532303032666639,course-v1:GTx+ISYE6501x+1T2020,iel metro atlanta manage metric insight team within financial crime compliance program large local financial institution looking forward taking opportunity gain depth knowledge data analytics feel free call
\x356531336630336539356230363230393332303033376465,course-v1:GTx+ISYE6501x+1T2020,good evening everyone adore engineering build brain computer interface become immortal somehow nice meet
\x356531336464663163373632373730393066303032643261,course-v1:GTx+ISYE6501x+1T2020,data analyst working government twitch streamer webnovel author
\x356531336462363039356230363230393437303032366466,course-v1:GTx+ISYE6501x+1T2020,name monterrey méxico studied industrial engineering currently working oxxo one largest chain smallformat store latin america
\x356531336363613339356230363230393266303032386164,course-v1:GTx+ISYE6501x+1T2020,everyone specialize hr information system hr analytics spent many year life quebec canada uruguay south america past year near canadian rockies alberta looking forward interacting
\x356531336362353939356230363230393437303032366433,course-v1:GTx+ISYE6501x+1T2020,name currently system engineering role background c spent time previous position research development data analysis project work interesting excited academic experience belt apply job
\x356531336336613437666562653530393334303033613330,course-v1:GTx+ISYE6501x+1T2020,team delaware excited learn analytics modeling concept java hadoop experience pick machine learning modeling concept
\x356531336336333739356230363230393134303033343335,course-v1:GTx+ISYE6501x+1T2020,everyone name data analytics instructor coding bootcamp outside work enjoy following nba nhl reading crossfit
\x356531336236366337666562653530393736303032646232,course-v1:GTx+ISYE6501x+1T2020,excited learn equivalent
\x356531333837353337666562653530393634303032373431,course-v1:GTx+ISYE6501x+1T2020,edx forum use omscs student
\x356531333834633837666562653530393361303032383439,course-v1:GTx+ISYE6501x+1T2020,everyone name finance professional san diego excited take course work virtually
\x356531333833363339356230363230393134303033343036,course-v1:GTx+ISYE6501x+1T2020,year old eorking data analyst jti three year master degree industrial engineering always good mathematic statictics operation research think time follow dream become data scientist take program sure cooperation great assistance u passing successfuly let
\x356531333765353863373632373730393462303032333238,course-v1:GTx+ISYE6501x+1T2020,name currently work central texas majored health science college recently developed analytics program within department order find area improvement interesting fact hold course record different golf course different country
\x356531333663633937666562653530393334303033396462,course-v1:GTx+ISYE6501x+1T2020,currently working amn healthcare account coordinator ive always fascinated data tech field decided pursue healthcare degree undergrad due family influence finally pursuing field choosing excited eager learn course offer getting rest yall wish best hoping learn lot mental capacity course
\x356531333638383039356230363230393563303032633632,course-v1:GTx+ISYE6501x+1T2020,india interest learn analytics drove
\x356531333535353737666562653530393334303033396263,course-v1:GTx+ISYE6501x+1T2020,name senior business analyst regional martial art company fell love analytics course several year spent running indie publishing business excited expand knowledge micromasters program plan apply full master program fall happy studying
\x356531333433636339356230363230393137303033623531,course-v1:GTx+ISYE6501x+1T2020,good morning name live long beach ca work pasadena cit bank background predominately database development microsoft bi looking start next chapter career data science first step upgrading micromasters applying oms analytics program spring
\x356531333433376539356230363230393236303032363361,course-v1:GTx+ISYE6501x+1T2020,good morning name live richmond va working operation analyst ltl logistics company taking course part micro master program hope getting full master program graduated degree sport management one interesting fact self used work event planner major entertainment facility hosted eventsconcerts several broadway play
\x356531333366656337666562653530393463303033313832,course-v1:GTx+ISYE6501x+1T2020,everyone name sebastian argentina currently working advanced data analytics credit bureau planning enroll omsa help lot understand early topic master degree hope achieving goal sebastian
\x356333633164333433656239653630396439303030633262,course-v1:GTx+ISYE6501x+1T2019,everyone keep running error call ksvm vanilladot simple linear kernel model asfactordata scaledtrue error data object type closure subsettable someone help caused error much
\x356333626533343033656239653630393937303030633638,course-v1:GTx+ISYE6501x+1T2019,new still learning install ksvm suppose code used call ksvm vanilladot simple linear kernel model ksvmdata data type csvc kernel vanilladot scaledtrue unexpected input model ksvmdata data type keep getting error message someone help
\x356333386465623733656239653630396337303030613931,course-v1:GTx+ISYE6501x+1T2019,ishwor marahatta live st louis area work laboratory side side doctor pathologist lot fun enjoy helping people community field tech good computer background help pursing degree also big soccer fan usually watch soccer free time big time fifa video game lover hope amazing semester
\x356333373834333533656239653630396133303030613861,course-v1:GTx+ISYE6501x+1T2019,name currently report metric att looking expand knowledge base beginning oms analytics program semester
\x356333366132616333656239653630396238303030396164,course-v1:GTx+ISYE6501x+1T2019,everyone name currently live nyc working finance jp morgan originally lebanon look forward interacting getting semester
\x356333353134376264623730613930396264303030376364,course-v1:GTx+ISYE6501x+1T2019,data scientist midsize law firm excited begin course alex
\x356333353536643235386164636230393639303030386434,course-v1:GTx+ISYE6501x+1T2019,work atlanta software company help first responder emergency helping start data science analytics product service looking forward course getting learn everyone
\x356333353461313833656239653630396337303030383333,course-v1:GTx+ISYE6501x+1T2019,name pursuing master analytics currently working system test engineer high tech company san jose california
\x356333353266383235386164636230393932303030383931,course-v1:GTx+ISYE6501x+1T2019,name living seattle area eastside work biotech industry strategic pricing field mba excited back school setting forming local study group something rareinteresting work industry various teaching experience college economics personal finance well canine obedience training
\x356333346639303864623730613930393834303030386238,course-v1:GTx+ISYE6501x+1T2019,everyone brittany live savannah ga currently software developer data science team gulfstream first course many oms analytics look area study group
\x356333346432336264623730613930393963303030383438,course-v1:GTx+ISYE6501x+1T2019,everyone name currently data analyst graduated university new mexico b degree electrical engineering southern methodist university m system engineering excited progress omsa program interesting note ive never watched star war indiana jones relevant movie pre part
\x356333343236663064623730613930393966303030376632,course-v1:GTx+ISYE6501x+1T2019,everyone name currently work data analyst cox medium group atlanta graduated university georgia studied statistic broadcast journalism looking forward learning course
\x356333343233633433656239653630393865303030376234,course-v1:GTx+ISYE6501x+1T2019,name pilot air force thought program interesting started last semester excited meet
\x356333343064663033656239653630396331303030376261,course-v1:GTx+ISYE6501x+1T2019,name spring live chicago il originally tennessee graduated b industrial engineering ut currently work att technology development program stem college graduate look forward getting learning together
\x356333336533616164623730613930393765303030383335,course-v1:GTx+ISYE6501x+1T2019,name cincinnati work system analyst bank
\x356333336337376333656239653630396433303030373861,course-v1:GTx+ISYE6501x+1T2019,name ramya work pharmaceutical research san francisco california nice
\x356333336230643135386164636230396164303030373030,course-v1:GTx+ISYE6501x+1T2019,durham nc involved medical research durham vamc
\x356333336137326633656239653630393838303030373830,course-v1:GTx+ISYE6501x+1T2019,raleigh nc area work iqvia solution architect bachelor engg degree india working approximately year started fall second course looking forward work
\x356333333937303764623730613930393936303030376463,course-v1:GTx+ISYE6501x+1T2019,name roland finished bachelor degree c math minor working department treasury west virginia starting month fun fact th grade state standardized test score th percentile
\x356333333861613664623730613930396330303030366563,course-v1:GTx+ISYE6501x+1T2019,name bulgaria currently live atlanta area part time enrichment teacher research assistant business strategy professor tech
\x356333333839656333656239653630393961303030373930,course-v1:GTx+ISYE6501x+1T2019,everyone julian washington dc geospatial analyst large bank dc one interesting fact big fan little bit salty past weekend
\x356333333836396535386164636230393539303030376136,course-v1:GTx+ISYE6501x+1T2019,seattle wa started omsa fall cse first course second semester program m eec currently work big data engineer amazon looking formjoin local inperson study group course found extremely helpful learning outcome last semester respond post share detail looking forward rich contentpacked course best fellow classmate
\x356333333766616264623730613930393837303030376339,course-v1:GTx+ISYE6501x+1T2019,albuquerque new mexico first class data analytics ga tech
\x356333333764633533656239653630393832303030373331,course-v1:GTx+ISYE6501x+1T2019,bet pronounce name teach mi digital marketing undergraduate graduate student local college nepal glad learning
\x356333333638366564623730613930396339303030366435,course-v1:GTx+ISYE6501x+1T2019,arati india work unilever information analytics enrolled analytical tool track master degree looking forward rest semester
\x356166653461666638343435326130383435303035653133,course-v1:GTx+ISYE6501x+2T2018,grace love meet anyone nearby
\x356166616661646232343435316130396232303035613435,course-v1:GTx+ISYE6501x+2T2018,name currently living dallas work support health company also pursuing master analytics second semester free time watch lot tv movie listen lot music write music ive playing guitar singing around year
